adresa,region,source,last,next,GPS_lat,GPS_lon
"Albrechtice, Nemocniční 492_4, LDN",Moravskoslezský,"ASTIP STRONG 68kVA/7,5kVA/3F-30 minut/EI45",2026-01-24,2025-07-24,49.0059,15.0059
"Aš, Nemocniční 52, Carvac",Karlovarský,  PS 4000/3f-45 minut,2026-07-14,2026-01-14,49.0123,15.0123
"Bedřichov 290, hotel",Liberecký,PS 7500/3F -30 minut + RPO,2025-10-24,2025-04-24,49.0093,15.0093
"Benešov, Máchova 400, Nemocnice Rudolfa a Stefanie",Středočeský,ASTIP STRONG LIFTBACK 75kVA/3F-45 minut,2026-10-08,2026-04-08,49.0936,15.0936
"Bílá Třemešná 313, ZŠ a MŠ",Královehradecký,STRONG 10kVA/3kVA/3F -30 min + PS 102A/1F-24 h,2026-07-27,2026-01-27,49.0196,15.0196
"Bohumín - Pudlov, ŽDB Drátovna",Moravskoslezský,4 x ASTIP PS 10 kVA/3f.,2025-09-27,2025-03-27,49.0151,15.0151
"Bohumín, BONATRANS",Moravskoslezský,2 x ASTIP STRONG 2 kVA/3F -17 minut,2022-08-10,2022-02-10,49.0214,15.0214
"Borotín, DPS - ZÁMEK Borotín č.p. 17, 71, 721, 893",Jihomoravský,PS 30/10 kVA/8kW/3F - 45 MINUT,2026-05-07,2025-11-07,49.0561,15.0561
"Boskovice, Hybešova 2635, AH a DPS",Jihomoravský,ASTIP PS 40kVA/20kVA -3F -45 minut,2026-08-11,2026-02-11,49.0392,15.0392
"Bratislava, Tomášikova - Trnavská, PO NIDO 2, objekt A+B, C, D",Slovensko,"Astip Liftback 100kVA/3F -30, 45,60 min. + 2 x ELSTON DUO Exclusive",2026-04-21,2025-10-21,49.0149,15.0149
"Brno, Popůvky, hotel VICTORY",Jihomoravský,ASTIP PS 40kVA/3F - 60minut,2025-08-24,2025-02-24,49.0506,15.0506
"Brno - Zvonařka 10, autoslalon Hukr",Jihomoravský,ASTIP PS 4 000/3F -10 minut,2022-12-10,2022-06-10,49.0686,15.0686
"Brno, Bratislavská 52, efiPalace",Jihomoravský,  STRONG 50 000/3f-60 minut,2026-02-04,2026-02-04,49.0265,15.0265
"Brno, Cejl 75,77, DPS",Jihomoravský,ASTIP STRONG 15kVA/3F -45 minut,2026-05-24,2025-11-24,49.0184,15.0184
"Brno, Čechyňská  9, Bagira",Jihomoravský,STRONG 2 000/3F-10 minut,2020-11-30,2020-11-30,49.0791,15.0791
"Brno, Česká 11, škola Charbulova",Jihomoravský,"Strong 2000/3f, 45 min",2026-08-25,2026-02-25,49.0121,15.0121
"Brno, FN, Netroufalky 1 - budova J2",Jihomoravský,PS 20kVA/3f - 45 minut,2026-08-13,2026-02-13,49.0734,15.0734
"Brno, Hlinky 995_70, polyfunkční dům, IT Administrativa",Jihomoravský,ASTIP PS 1500/3F-10 minut,2026-02-04,2026-02-04,49.0289,15.0289
"Brno, Hviezdoslavova, DPmB vozovna Slatina",Jihomoravský,PS 40kVA + PS 50kVA,2026-03-16,2026-03-16,49.0023,15.0023
"Brno, Husova ulice, kryt",Jihomoravský,ASTIP STRONG 1000/1F-10 minut,2022-10-13,2022-04-13,49.0902,15.0902
"Brno, Jinačovice 512e, Hoxter s.r.o",Jihomoravský,PS 3000/3f -10 minut,2026-07-13,2026-01-13,49.0178,15.0178
"Brno, Kamenomlýnská 2, SŠ ,MŠ, ZŠ pro znevýhodněné ",Jihomoravský,STRONG 41kVA/15kVA/3F-10 minut,2026-06-03,2025-12-03,49.0447,15.0447
"Brno, Kigginsova 2, Bruno family park",Jihomoravský,"1x 7500/3f, 1x 4000/3f-45 minut",2026-05-12,2025-11-12,49.0121,15.0121
"Brno, Koperníkova 1, BD",Jihomoravský,ASTIP STRONG 40kVA/3F -60 minut,2026-05-26,2025-11-26,49.0827,15.082699999999999
"Brno, Košuličova 10, Dr. MAX",Jihomoravský,ASTIP STRONG 2 000VA/4C/1H,2024-11-28,2024-05-28,49.0219,15.0219
"Brno, Bulínova 1, Moravská zemská knihovna",Jihomoravský,ASTIP STRONG 34kVA/5kVA/3F-45 minut,2026-06-15,2025-12-15,49.0769,15.0769
"Brno, Jakubská 126,11,  kostel sv Jakuba",Jihomoravský,"ASTIP STRONG 4000VA/3F-45, 60 minut/EI60,",2026-06-03,2025-12-03,49.0566,15.0566
"Brno, Kraví Hora -Hvězdárna",Jihomoravský,ASTIP PS 3 000VA/3F -5 minut,2021-03-01,2021-03-01,49.0484,15.0484
"Brno, Lidická 63, Lužánky rezidence",Jihomoravský,  STRONG 75kVA/3f-60 minut,2026-09-30,2026-03-30,49.0293,15.0293
"Brno, Maříkova 1899_1, PORTASPES",Jihomoravský,STRONG 1500/3F - 45 minut,2026-08-18,2026-02-18,49.0519,15.0519
"Brno, Mezírka 1, umělecká škola",Jihomoravský,PS 5000/3f-45 minut,2026-08-11,2026-02-11,49.072,15.072
"Brno, Měštanská, sportovní hala Tuřany",Jihomoravský,"  7,5kVA/3f-30minut",2026-08-25,2026-02-25,49.0861,15.0861
"Brno, Mikuláškovo náměstí 20, DPS",Jihomoravský,PS 15kVA/3F - 45minut,2026-07-27,2026-01-27,49.009,15.009
"Brno, Mikulovská 9",Jihomoravský,"PS 40 kVA/3F - 45, 60 minut",2026-06-05,2025-12-05,49.033,15.033
"Brno, Mostecká 10, DOZP",Jihomoravský,ASTIP STRONG 30kVA/3f-45 min,2026-02-02,2026-02-02,49.0049,15.0049
"Brno, Nopova 88",Jihomoravský,  PS 20 000/3f-45 minut,2018-10-05,2018-10-05,49.0814,15.0814
"Brno, Nové Sady, IN SADY",Jihomoravský,ASTIP STRONG 100kVA/3F-45minut,2026-09-12,2026-03-12,49.0717,15.0717
"Brno, Olomoucká 61a, VINAMO",Jihomoravský,PS 10 000/3F -30 minut,2026-01-27,2026-01-27,49.0443,15.0443
"Brno, Přízova 285-3-Bochner Vlněná",Jihomoravský,STRONG 2000/3F -60 minut + RPO,2026-04-17,2025-10-17,49.0968,15.0968
"Brno, Rooseveltova 16, Krajský soud",Jihomoravský,ASTIP PS 30kVA/3F-45 minut,2025-12-17,2025-12-17,49.0184,15.0184
"Brno, Sekaninova 3",Jihomoravský,ASTIP STRONG 15kVA/3F -45 minut,2025-12-08,2025-12-08,49.0416,15.0416
"Brno, Starobrněnská 10, Hotel Royal Ricc",Jihomoravský,ASTIP PS 15kVA/3F-45 minut,2026-08-11,2026-02-11,49.0283,15.0283
"Brno, Šumavská 15, administrativní budova",Jihomoravský,STRONG 150kVA/30kVA/3F-45 minut,2025-12-03,2025-12-03,49.0117,15.0117
"Brno, Šumavská 31, Budova B -Šumavská tower",Jihomoravský,2 x PS Liftback 40kVA/3F-dojezd,2026-03-29,2025-09-29,49.0617,15.0617
"Brno, Šumavská 35, LIDL",Jihomoravský,PS 30 kVA/3F -15 minut + RPO,2026-08-13,2026-02-13,49.0725,15.0725
"Brno, Šumavská 516/35, Budova C  - Šumavská Tower",Jihomoravský,"PS 40kVA/3F - 45minut, ASTIP PS 100kVA/3f-30 min ",2026-03-29,2025-09-29,49.0383,15.0383
"Brno, Tábor 22, DPS",Jihomoravský,PS LiftBack7500/3f-45 minut,2026-08-11,2026-02-11,49.0259,15.0259
"Brno, Trnková 117c, f.SVS FEM",Jihomoravský,ASTIP STRONG 2kVA/1F-15minut/EI45,2026-03-17,2026-03-17,49.0647,15.0647
"Brno, Vránova 172, poliklinika",Jihomoravský,ASTIP PS 20 kVA/3F -45 minut,2025-08-07,2025-02-07,49.0234,15.0234
"Brno, Žerotínovo náměstí 3",Jihomoravský,PS 2000/3F 30min.,2026-04-14,2025-10-14,49.0632,15.0632
"Bruntál, Revoluční 1712_ 20, hotel Slezan",Moravskoslezský,ASTIP PS 40kVA/30kVA/3F -45 minut,2025-10-03,2025-04-03,49.0154,15.0154
"Bruntál, Zahradní 48, Strojmetal - POZOR info ve složce",Moravskoslezský,ASTIP STRONG 7500VA/3F -30 minut,2026-09-10,2026-03-10,49.0351,15.0351
"Břeclav, Na Pěšině 13, DPS",Jihomoravský,2 x PS 15kVA/3f-45 minut,2026-03-30,2025-09-30,49.0573,15.0573
"Čáslav, Grand hotel, nám, J. Žižky z Trocnova 11",Středočeský,"PS 7500/3f, 45 min.",2026-02-26,2026-02-26,49.0425,15.0425
"Čáslav, Na Bělišti, Zimní  stadion",Středočeský,PS 10kVA/3F - 15minut,2026-02-21,2025-08-21,49.0764,15.0764
"Čáslav, Nazaret 94, 59",Středočeský,PS 4kVA/3f – 45 minut,2021-07-01,2021-07-01,49.0554,15.0554
"Čeladná, Čeladná 990, Golferia",Moravskoslezský,"PS 40kVA/3F -45 minut, PS 20kVA/3F -45 minut",2024-08-15,2024-02-15,49.0028,15.0028
"Černošice, Ostružinová, Alzheimcentrum",Středočeský,Astip PS 30 000/3f-30 minut + RPO,2022-10-06,2022-10-06,49.0102,15.0102
"Černovice u Tábora, Bělohorského 367, ZŚ a MŠ",Vysočina,ASTIP STRONG 2000VA/3F-30 minut,2026-05-25,2025-11-25,49.0541,15.0541
"Černý Důl 89, hotel",,STRONG 30kVA/15kVA/3f -45 minut,2025-06-06,2024-12-12,49.0591,15.0591
"Červený Kostelec, Lhota za Červeným Kostelcem 439",Královehradecký,STRONG 60kVA/3f - 30min. + RPO,2026-04-08,2026-04-08,49.0897,15.0897
"Česká Lípa, Děčínská 2740",Liberecký,ASTIP PS 10kVA/3F-45 minut,2026-05-13,2025-11-13,49.0016,15.0016
"České Budějovice, Husova třída, výstaviště",Jihočeský,ASTIP STRONG Liftback 30kVA/3F -10 minut,2026-07-07,2026-01-07,49.0149,15.0149
"České Budějovice, Lidická 1, Jihočeská vědecká knihovna",Jihočeský,"ASTIP STRONG 20kVA/3F-60 min, RPO",2026-07-14,2026-01-14,49.0879,15.0879
"České Budějovice, Studentská 15, koleje a menzy",Jihočeský,ASTIP STRONG Liftback 106kVA/30kVA/3F -45 minut,2026-05-11,2025-11-11,49.009,15.009
"Český Krumlov, Náměstí Svornosti 12, hotel Old Inn",Jihočeský,ASTIP STRONG 30kVA/3f-45 min,2026-07-07,2026-01-07,49.0925,15.0925
"Český Těšín, Komenského 6",Moravskoslezský,  PS 12kVA/3f-45 minut,2026-07-20,2026-01-20,49.0228,15.0228
"Český Těšín, Průmyslová 2007, KOVONA",Moravskoslezský,Strong 10kVA/3f-30 minut,2022-06-21,2022-06-21,49.0371,15.0371
"Český Těšín, Střelniční 257/3, Gerontocentrum",Moravskoslezský,STRONG 55kVA/30kVA/3F-45 minut,2026-07-20,2026-01-20,49.0002,15.0002
Dek trade,Středočeský,ASTIP STRONG 50 000/3f-45 min,2026-05-11,2025-11-11,49.0297,15.0297
"Deštné v Orlických horách č.p. 332, William Resort",Královehradecký,STRONG 15kVA/3F -45 minut,2026-06-16,2025-12-16,49.0658,15.0658
"Dobrošov, pevnost ",Královehradecký,ASTIP PS 10kVA/3f-45 minut,2026-08-24,2026-02-24,49.0223,15.0223
"Doksy, Tyršovo náměstí 434, Hotel Grand",Liberecký,ASTIP STRONG Liftback 10kVA/3F-45 minut,2025-09-11,2025-03-11,49.0132,15.0132
" Dolní Adršpach 1, 549 57 Adršpach-Teplice nad Metují, Hotel Skalní Mlýn",,ASTIP PS 3000VA/3F -30 minut,2026-04-08,2026-04-08,49.0618,15.0618
"Dolní Morava, Horní Morava 10, ubytovna Sněžník",,ASTIP STRONG 98/20kVA/3F-45 minut,2026-05-27,2025-11-27,49.0371,15.0371
"Dolní Životice,",Moravskoslezský, STRONG 30kVA/3f-45 minut,2026-09-05,2026-03-05,49.071,15.071
"Dubí, Ruská 37/130, PDSS",Ústecký,ASTIP PS 30kVA/3F-45 minut,2026-03-22,2025-09-22,49.0585,15.0585
"Dubnica nad Váhom, Nám. Matice Slovenskej 4260/33",Slovensko,PS LiftBack 15kVA/3F-45 minut,2022-09-16,2021-01-29,49.0389,15.0389
"Filipov, Zámecká 1/25, Alzheimer centrum",Středočeský,Astip PS 5 000/3F -30 minut,2026-06-02,2025-12-02,49.0993,15.0993
"Frenštát pod Radhoštěm, Horečky 613, penzion EDVARD",Moravskoslezský,ASTIP PS 15kVA/3F-45 minut,2025-01-04,2024-07-04,49.0992,15.0992
"Frýdek Místek, Revoluční 1282, DPS",Moravskoslezský,ASTIP PS 15kVA-rectifier,2026-07-06,2026-01-06,49.0133,15.0133
"Frýdek-Místek, 17.Listopadu 147",Moravskoslezský,Astip STRONG 20 000/3f-45 minut,2025-11-29,2025-05-29,49.0488,15.0488
"Frýdlant, Zámecký dvůr Černousy 50",Liberecký,ASTIP PS Liftback 7 500/3f-45 min,2026-02-26,2025-08-26,49.0438,15.0438
"Havířov, U Hřiště, Hotel Impuls",Moravskoslezský,PS 15 000/f - 45min ,2022-06-21,2022-06-21,49.0543,15.0543
"Havlíčkův Brod, Nuselská 3240, ZŠ",Vysočina,ASTIP STRONG 1500VA/1F -30 minut,2026-08-10,2026-02-10,49.095,15.095
"Havlíčkův Brod, Rozkošská 2322, PN",Vysočina,ASTIP STRONG 10kVA/3F -60 minut,2026-08-10,2026-02-10,49.0765,15.0765
"Hlohovec u Břeclavi, K Zámečku 16",Jihomoravský,ASTIP PS 20 000/3f-45 minut,2023-07-10,2023-01-16,49.0328,15.0328
"Hluk, Závdní 1007, AUTOPAL",Zlínský,ASTIP STRONG 3000/1f-15 minut,2025-10-08,2025-10-08,49.0141,15.0141
"Hodonín, Koupelní 1",Jihomoravský,PS 20 000/3f + RPO,2022-12-13,2022-05-24,49.0439,15.0439
"Hodonín, Národní Třída 12, tržnice Radost",Jihomoravský,Astip PS 20 000/3f-30 minut + RPO,2026-03-30,2025-09-30,49.0267,15.0267
"Hodonín, Purkyňova 11, nemocnice TGM",Jihomoravský,PS 15kVA/3f - 7min.,2026-09-11,2026-03-11,49.0974,15.0974
"Hodonín, Třída bratří Čapků 3273_1",Jihomoravský,Astip PS 8000/3f-45 minut,2025-11-05,2025-05-05,49.0759,15.0759
"Hodonín, Willsonova 5",Jihomoravský,PS 15 kVA/3F - 45minut,2026-09-11,2026-03-11,49.0572,15.0572
"Holešov, Masarykova 655, Panský pivovar",Zlínský,ASTIP PS LIFTBACK 7500VA/3F-45 minut,2026-09-10,2026-03-10,49.0207,15.0207
"Horní Adršpach, Continental",Královehradecký,PBZ HARD 1000VA/3F-30 minut,2024-11-30,2024-05-31,49.0638,15.0638
"Hradec Králové, Jana Koziny 1237, biskupské gymnázium",Královehradecký,ASTIP STRONG 7500VA/3F -15 minut,2026-09-05,2026-03-05,49.0015,15.0015
"Hradec Králové, Náchodská 811, Heraeus, Contract Medical International",Královehradecký,ASTIP STRONG 3000VA/1F-10 minut,2026-06-22,2025-12-22,49.0156,15.0156
Hranice na Moravě,Olomoucký,"1 -Astip PS 20kVA/3f-30 minut, 2-Astip PS 20kVA/3f-30 minut",2026-09-03,2026-03-03,49.0253,15.0253
"Hranice, Nová 223, Cidem divize Cetris",Olomoucký,ASTIP PS 5000/3f-30 minut,2022-05-25,2022-05-25,49.0891,15.0891
"Humpolec, Okružní 1296, PETRAplast",Vysočina,STRONG 3000/1F-30 minut,2025-04-30,2024-10-31,49.0447,15.0447
"Cheb, Dlouhá 12, klub seniorů",Karlovarský,ASTIP PS 15kVA/3F -45 minut,2025-10-15,2025-10-15,49.0063,15.0063
"Cheb, Karlovarská 38",Karlovarský,PS 10 000/3f - 45min.,2025-07-17,2025-01-17,49.081,15.081
"Choceň, Běstovice, De Heus",Pardubický,"1-ASTIP PS 4000/3f-10 minut, 2-ASTIP PS 4000/3f-10 minut, 3-ASTIP PS 4000/3f-10 minut, 4-ASTIP PS 4000/3f-10 minut",2026-06-16,2025-12-16,49.0907,15.0907
"Chotěšov, Libochovická 166, DPS",Ústecký,ASTIP PS 15kVA/3F-30 minut,2025-06-03,2024-12-03,49.0313,15.0313
"Chrudim, Obce ležáků 166, Senior Garden domov Chrudim",Pardubický," STRONG 4kVA/3f-30 minut, 40kVA/3F-15 minut",2026-06-22,2025-12-22,49.0393,15.0393
"Chuchelné, Křížkova 115, koupelny Rebel, BD Kodus",Moravskoslezský,ASTIP PS 7500/3f-45 minut,2026-08-17,2026-02-17,49.0904,15.0904
"Ivančice, Zemědělská 2, Horizont - středisko volného času",Jihomoravský,PS Liftback 7 500VA/3F-20 minut,2026-08-06,2026-02-06,49.0157,15.0157
"Jablonec nad Nisou, V. Nezvala 87/14, DPS",Liberecký,PS 15kVA+20kVA+15kVA,2026-09-30,2026-03-31,49.0805,15.0805
"Jablonec nad Nisou, Letní, cikautxo",Liberecký,ASTIP PS 50kVA/3F -EI 45,2026-09-30,2026-03-31,49.0808,15.0808
"Jánské Lázně, Luční 352",Královehradecký,ASTIP STRONG 1 000/1F -10 minut,2022-09-07,2022-03-07,49.0663,15.0663
"Jánské Lázně, Obchodní 282 - Obchodní akademie Olgy Havlové",Královehradecký,5x PS LiftBack 7500/3f,2026-08-16,2026-02-16,49.0003,15.0003
"Jesenice, Billa ",Středočeský,ASTIP PS 50kVA/3f - 30 minut,2025-04-03,2025-04-03,49.0884,15.0884
"Jihlava, DM sklad",Vysočina,3x 1500/3f,2026-04-13,2025-10-13,49.0197,15.0197
"Jihlava, Vrchlického 59, nemocnice",Vysočina,"2 x STRONG 2000/3F -30,10 minut",2025-04-22,2024-10-22,49.0248,15.0248
"Jimramov, Pavlovická 108, DPS",Vysočina,"Strong 4000/3f, 45 min",2025-05-26,2024-11-26,49.0861,15.0861
"Jindřichův Hradec, Česká 1175, Otín 103",Jihočeský,Astip PS 25kVA/3f-45 minut,2026-08-20,2026-02-20,49.0739,15.0739
"Kardašova Řečice, Nám, J. Hrubého, hasička",Jihočeský,ASTIP STRONG 10kVA/3F -30 minut,2026-04-16,2025-10-16,49.0135,15.0135
"Karviná, BD U svobodáren 1300,1303, svaz tělesně postižených ",Moravskoslezský,2 x Rectifier 15kVA/3F - 45minut,2022-05-03,2022-05-03,49.0818,15.0818
"Karviná, Lázeňská, Darkov",Moravskoslezský,Astip PS 15kVA/3f-45 minut EI 45,2026-09-05,2026-03-05,49.0319,15.0319
"Karviná, tř. Osvobození, ÚP",Moravskoslezský,PS 40kVA/3f-45 minut,2026-09-05,2026-03-05,49.079,15.079
"Karviná, U Bažantnice",Moravskoslezský,  PS 15kVA/3f-45 minut,2021-06-01,2021-06-01,49.0989,15.0989
"Klatovy, Podhůrecká 815/3, DPS",Plzeňský,ASTIP STRONG Liftback 15kVA/3F -45 minut,2026-09-19,2026-03-19,49.0634,15.0634
"Kolín, Nad Zastávkou 64, DPS",Středočeský,Strong 30 000/3F - 45minut,2023-10-19,2023-10-19,49.0458,15.0458
"Kolín, Slovenská 984",Středočeský,PS 10 000/3F – 45min,2026-04-01,2026-04-01,49.0362,15.0362
"Kopřivnice, Štefánikova 12, MÚ",Moravskoslezský,ASTIP PS 15kVA/3F -45 minut,2025-03-17,2024-09-17,49.0089,15.0089
"Kralice na Hané, Kralický Háj 365",Olomoucký,STRONG 2000/3f-45 min,2026-06-11,2025-12-11,49.0138,15.0138
"Kralovice, Nám. Osvobození",Plzeňský,PS 25 kVA/3F -45 minut,2026-10-14,2026-04-14,49.0865,15.0865
"Kralupy nad Vltavou, Palackého nám. 1, MÚ",Středočeský,ASTIP STRONG 5000/3F -45 minut,2026-10-14,2026-04-14,49.0712,15.0712
"Kroměříž, Erbenovo nábř. 4262",Zlínský,2 x ASTIP PS LiftBack 20 000/3f-45 minut,2026-09-11,2026-01-06,49.0341,15.0341
"Kroměříž, Lesní 54, DPS",Zlínský,2 x ASTIP PS LiftBack 15 000/3f-45 minut,2026-09-10,2026-03-10,49.0219,15.0219
"Kunovice, Cihlářská 526, DZP",,Astip STRONG Liftback 30kVA/3F-45 minut/EI45,2026-07-06,2026-01-06,49.0751,15.0751
"Kuřim, zimní stadion ",Jihomoravský,ASTIP PS 20kVA/3F -30 minut,2025-08-21,2025-02-21,49.0798,15.0798
"Kvasice, Družstevní 734, KODUS",Zlínský,ASTIP STRONG 75kVA/30kVA/3F-45 minut,2026-10-09,2026-04-09,49.0685,15.0685
"Kyjov, městská knihovna, Komenského 617/20",Jihomoravský,PS 15 000/3f-45 minut,2026-04-08,2025-10-08,49.0744,15.0744
"Kyjov, Strážovská, centrumpro seniory",Jihomoravský,  PS 20kVA/3f-45 minut,2026-05-13,2026-05-13,49.0106,15.0106
"Kyjovice, Domov na Zámku",Jihomoravský,STRONG 20 kVA/3F- 60 minut +20kVA/3F-45minut + nový 2024,2026-07-06,2026-07-06,49.0601,15.0601
"Kynžvart, Lázeňská 295 - léčebné lázně",Karlovarský,"ASTIP STRONG 20kVA/3F -10,45 minut",2025-12-30,2025-06-30,49.0723,15.0723
"Lázně Bohdaneč, Za Školkou 620, DPS",Pardubický,ASTIP STRONG 152kVA/30kVA/3F-45 minut,2025-04-03,2024-10-03,49.0987,15.0987
"Lednické rovné, Medňanská 80, DPS",Slovensko,ASTIP PS 20kVA/3F -45 minut,2026-07-20,2026-01-20,49.0987,15.0987
"Lhota u Vsetína, 307, Kapka Resort",Moravskoslezský,"ASTIP STRONG 35/7,5kVA/3F-30 minut",2025-03-17,2024-09-17,49.0839,15.0839
"Liberec, Krejčího -6 x zdroj",Liberecký,6 x ASTIP PS 20 kVA/3F -45 minut,2024-08-13,2024-08-13,49.0811,15.0811
"Lipník n.Bečvou, Trnávka 37, Blaze Harmony s.r.o",Moravskoslezský,ASTIP STRONG 7500VA/3F-30 minut,2026-02-12,2025-08-12,49.0021,15.0021
"Lipová Lázně 25, Hotel Helios",Olomoucký,PS 20 000/3f - 45min. + RPO,2026-06-09,2025-12-09,49.0171,15.0171
"Liptál, Liptál 233, DPS",,ASTIP STRONG 107/30kVA/3F-45 minut,2026-09-10,2026-03-10,49.0693,15.0693
"Litvínov, Valdštejnská 2179",Ústecký,"ASTIP PS 20kVA/3f 45 min.,",2025-07-16,2025-01-16,49.0679,15.0679
"Luhačovice, Pod Kamennou 401, hotel Riviera",Zlínský,STRONG 20kVA/3F-45 minut,2026-04-09,2026-04-09,49.0748,15.0748
"Luže, Košumberk 80, Hamzova léčebna pro děti a dospělé",Pardubický,PS 3000/3f-30 min + PS 20kVA/3F -45 minut,2026-04-02,2025-10-02,49.0867,15.0867
"Mariánské lázně, Ibsenova 3, hotel Nabokov",Karlovarský,PS 40 kVA/3F - 45 minut,2026-03-11,2025-09-11,49.0177,15.0177
"Mariánské lázně, Hlavní třída 42_18, hotel Aura",Karlovarský, ASTIP STRONG 10kVA/3f-45 min,2026-09-30,2026-03-31,49.0047,15.0047
"Mariánské Lázně, Příkrá 618, SPA Hotel Děvín",Karlovarský,ASTIP STRONG 3 000/3F -60 minut,2022-04-05,2021-10-05,49.0549,15.0549
"Meziboří, Okružní, Javorová",Ústecký,  PS 20kVA/1f-45 minut,2024-04-16,2024-04-16,49.0899,15.0899
"Mikulovice u Znojma 247, PEaPE Metal",Jihomoravský,STRONG 4000/3f -30 min,2026-07-20,2026-01-20,49.0733,15.0733
"Milovice, Dětské centrum, Dětská 361",Středočeský,"PS 1000/3f, 15 minut",2026-02-26,2026-02-26,49.0536,15.0536
"Mladá Boleslav, Na Klenici 1545, APARTHOTEL",Středočeský,STRONG 20kVA/15kVA/3F-45 minut,2026-02-24,2026-02-24,49.0084,15.0084
"Mladá Boleslav, Václavkova 950, chráněné bydlení",Středočeský,ASTIP PS 15kVA/3F-45 minut,2026-10-01,2026-04-01,49.0207,15.0207
"Mnichovice, Bezručova 346, ZŠ",Středočeský,ASTIP STRONG 4kVA/1F/1C-24 H,2026-04-08,2026-04-08,49.031,15.031
"Mohelnice, U Brány 916/2, knihovna",Olomoucký,ASTIP STRONG 3kVA/3F-15 minut,2026-07-12,2026-01-12,49.0108,15.0108
"Most, ul. Táboritů 2180",Ústecký,ASTIP STRONG LiftBack 50kVA/3f-60 minut,2026-08-03,2026-02-03,49.0115,15.0115
"Mošnov, Průmyslová 369, Cromodora",Moravskoslezský,PS 2000/3f - 30min. + STRONG 4kVA/3F-30 min do prašného prostředí,2026-04-09,2010-10-09,49.0419,15.0419
"Myslibořice, Myslibořice 1",Vysočina,  PS 5000/3f-30 minut,2026-07-15,2026-01-15,49.0293,15.0293
"Myslovice, Myslovice 21, Statek Česká Lípa",Plzeňský,ASTIP PS 15kVA/3f-30 minut,2023-01-11,2023-01-11,49.0832,15.0832
"Náchod, Jugoslávská 15",Královehradecký,"ASTIP STRONG 7,5kVA/3F -15 minut",2021-08-09,2021-02-09,49.0351,15.0351
"Námestovo, Mila Urbana 45 (SK)",Slovensko,PS 20 000/3f - 45 min.,2019-09-28,2019-09-28,49.071,15.071
"Náměšť na Hané, DS František",Olomoucký,ASTIP PS 2 000VA/3F -45 minut,2021-10-23,2021-04-23,49.0749,15.0749
"Nové Město na Moravě, Palackého náměstí 16",Vysočina,Strong 3000/3f - 45min.,2020-04-17,2020-04-17,49.0369,15.0369
"Nové Město na Moravě, Soškova 1582, hotel",Vysočina,STRONG 6kVA/2kVA/1F -15 minut,2026-04-30,2025-10-30,49.0603,15.0603
"Nové Město na Moravě, Žďárská ulice, DPS",Vysočina,STRONG 40 kVA/3F -45 minut,2026-09-17,2026-03-17,49.0872,15.0872
"Nový Bor, Nemocniční 635, Domov mládeže",Liberecký,PS 30kVA/3f-60 minut,2024-09-12,2024-03-12,49.0884,15.0884
"Nový Jičín, Máchova 19, Domov Duha",Moravskoslezský,PS 20kVA/3f - 45 minut,2023-01-12,2022-07-12,49.0982,15.0982
"Nový Jíčín, Pod Lipami, U Jičínky",Moravskoslezský,2x Rectifier 22 000/3f/2200/1f-45 minut,2026-04-09,2025-10-09,49.0606,15.0606
"Nymburk, Dlabačova 2211, penzion",Středočeský,"ASTIP STRONG 10kVA/1,5kVA/3F-20 min",2024-11-23,2024-05-23,49.0213,15.0213
"Nymburk, Soudní, Penzion Panorama",Středočeský,PS 15kVA/3f-45 minut,2026-07-22,2026-01-22,49.0499,15.0499
"Nymburk, Sportovní 1801, sportovní centrum",Středočeský,ASTIP STRONG 15kVA/3F -45 minut,2024-11-23,2024-05-23,49.0416,15.0416
"Nymburk, Za Zoškou 377, Donauchem",Středočeský,ASTIP STRONG 71kVA/5kVA/3F -45 minut,2026-08-10,2026-02-10,49.0244,15.0244
"Odry, Hranická 56",Moravskoslezský,"PS LiftBack 7500/3f-45 minut, 2 x PS Liftback 15kVA/3F-45 minut",2026-09-03,2026-03-03,49.0694,15.0694
"Okříšky, Nová Ves 66, MANN+HUMMEL (CZ) ",Vysočina,"2 x STRONG 7,5kVA/3F -15 minut",2026-06-18,2025-12-18,49.0695,15.0695
"Olomouc, Jeremenkova 40A, krajský úřad",Olomoucký,ASTIP STRONG LIFTBACK 247/40kVA/3F-45 minut,2026-09-03,2026-03-03,49.0939,15.0939
"Olomouc , Tomkova 420_48, ZŠ a MŠ Waldorfská",Olomoucký,ASTIP STRONG 4000VA/3F-15 minut,2026-07-12,2026-01-12,49.0043,15.0043
"Olomouc, 17. listopadu 49, SPŠS",Olomoucký,STRONG 4 000/3F -30 minut,2021-12-15,2021-06-15,49.0394,15.0394
"Olomouc, Lipenská 7, hotel SMART",Olomoucký,ASTIP PS 15 kVA/3F - 45 minut,2024-08-08,2024-08-08,49.0097,15.0097
"Olomouc, Pavlovická 18, NC Bělidla",Olomoucký,ASTIP PS 20 000/3f-15 min + RPO,2026-03-09,2025-09-09,49.0137,15.0137
"Opava, Olomoucká 88, psychiatrická léčebna",Moravskoslezský,"ASTIP PS 15 000/3f-45 minut,  STRONG 1kVA/30 min , 30 kVA -LIFEPO",2026-09-27,2026-03-27,49.0112,15.0112
"Opava, Rolnická 24",Moravskoslezský,PS 25 000/3F -45 minut,2026-08-18,2026-02-18,49.017,15.017
"Opava, Rolnická 29 Senior centrum",Moravskoslezský,PS 15 000/3F -45 minut,2026-03-04,2025-09-04,49.0398,15.0398
"Opava, Rooseveltova 43,45, DPS",Moravskoslezský,"2 x PS 10kVA/3F -45 minut LIFEPO, STRONG 3kVA/3F -45,60 minut",2026-09-27,2026-03-27,49.0765,15.0765
"Orlová - Lutyně , Kpt, Jaroše 999 , domov Vesna",Moravskoslezský,ASTIP Rectifier 15kVA/3F-45 minut,2025-06-19,2025-06-19,49.0582,15.0582
"Osoblaha, Klášterní 34 - DPS",Moravskoslezský,PS 30 000/3f/ 45min.,2026-06-09,2025-12-09,49.0708,15.0708
"Ostrava, 17. listopadu 1123/70",Moravskoslezský,ASTIP STRONG 30kVA/20kVA/3F-45 min,2026-04-15,2025-10-15,49.0293,15.0293
"Ostrava, 28. října, RED HOUSE",Moravskoslezský,ASTIP PS 100 000VA/3f,2026-10-14,2026-04-14,49.0463,15.0463
"Ostrava, Bartovická 12",Moravskoslezský,ASTIP STRONG 3000/3f-30 minut,2023-10-17,2023-10-17,49.082,15.082
"Ostrava, Gregorová 3",Moravskoslezský,ASTIP PS 3600/3F -35 minut,2022-10-20,2022-10-20,49.0328,15.0328
"Ostrava, Havlíčkovo nábř. 34, krajský soud ",Moravskoslezský,"PS 15 000/3f - 30min., ASTIP PS 10 000/3f – 45 min",2026-10-14,2026-04-14,49.0406,15.0406
"Ostrava, Mjr. Nováka 34, Čmeláček",Moravskoslezský,PS 10 000/3f - 45min.,2026-08-17,2026-02-17,49.0252,15.0252
"Ostrava, Rolnická 55/360, SILOE",Moravskoslezský,PS 30kVA/3F -45 minut,2026-10-14,2026-04-14,49.0156,15.0156
"Ostrava, Spojovací 396, Géčko",Moravskoslezský,PS 30 000/3f/ 45min,2026-05-04,2025-11-04,49.0402,15.0402
"Otice, Rybníčky 338, SEMIX",Moravskoslezský,2 x STRONG 1500/3F -30minut,2026-05-26,2025-11-26,49.0238,15.0238
"Otrokovice, nám. 3. května",Zlínský,ASTIP PS 5000/3f-30 minut + RPO,2023-02-28,2023-02-28,49.058,15.058
"Otrokovice, sportovní hala",Zlínský,ASTIP PS 15 kVA/3F - 15 minut,2026-05-28,2025-11-28,49.0153,15.0153
"Pacov, Malovcova 1080",Vysočina,ASTIP STRONG 10 000/3f-30 min,2026-08-10,2026-02-10,49.0408,15.0408
"Pacov, Žižkova 894, Albert",Vysočina,ASTIP PS 40kVA/3f-15 minut + RPO,2025-04-15,2024-10-15,49.0521,15.0521
"Pardubice, Chrudimská 2830, casino GO4games",Pardubický,ASTIP STRONG 134kVA/30kVA/3F-30 minut,2026-08-16,2026-02-16,49.088,15.088
"Pardubice, Studentská 201, univerzita",Pardubický,PS 7500/3f - 30 min.,2026-09-05,2026-03-05,49.0382,15.0382
"Pec pod Sněžkou, Pod Sněžkou 349, hotel Zelený potok",Královehradecký,ASTIP STRONG 20kVA/3f-45 minut,2025-11-29,2025-05-29,49.0605,15.0605
"Pec pod Sněžkou, Pec pod Sněžkou 354",Královehradecký,ASTIP STRONG 5kVA/1f-10 minut,2026-08-12,2026-02-12,49.0057,15.0057
"Pečky, Senior Resort ,ul. Chvalovická 32",Středočeský,PS 10 000/3f - 45 min.,2025-08-04,2024-05-30,49.0958,15.0958
"Pelhřimov, U Rendlíku 1902, Dolnokubínská 1931",Vysočina,3x Astip PS 20 000/15 000/7500,2026-06-09,2025-12-09,49.0915,15.0915
"Petrov na Desnou 203, diakonie Sobotín",Olomoucký,Astip PS 20kVA/3f-45 minut,2025-12-09,2025-12-09,49.0143,15.0143
"Petřvald, Modrá, Benjamin",Moravskoslezský,"  PS 3000/3f-20 minut-out, nově 4000va/3F-20 minut",2026-05-04,2025-11-04,49.0856,15.0856
"Plzeň, Hotel Avenue Pallova 28 -Mlýnská strouha",Plzeňský,ASTIP STRONG 15kVA/3F -45 minut,2026-09-19,2026-03-19,49.0995,15.0995
"Plzeň, Palackého nám, Sylván, parkovací dům - sady pětatřicáníků",Plzeňský,"PS 4000/3f, PS 2000/3f-45 minut",2026-10-21,2026-02-17,49.0623,15.0623
"Plzeň, Plzeňská 61, DPS Křimice",Plzeňský,"PS 7,5kVA + PS 25kVA",2026-04-22,2025-10-22,49.0822,15.0822
"Plzeň, Papírnická 11, SeneCura SeniorCentrum MOTP a.s.",Plzeňský,3xUPS,2026-06-11,2025-12-11,49.0655,15.0655
"Plzeň, Průmyslová 2a, Škoda Electric",Plzeňský,ASTIP PS LiftBack 7 500/3f-45 min,2026-04-22,2025-10-22,49.0177,15.0177
"Plzeň, V Hliníku 12, Lvíček",Plzeňský,Astip PS 3000/1f-30 minut,2020-01-20,2020-01-20,49.0996,15.0996
"Poděbrady,  Lázeňská 5, Hotel & Spa Chariclea",Středočeský,ASTIP LIFTBACK 50kVA/20kVA/3F -30 minut,2025-05-29,2025-05-29,49.0702,15.0702
"Poděbrady, nám. Jiřího 39/1, Hotel Libenský",Středočeský,2 x ASTIP PS 10kVA/3F-45 minut,2026-03-26,2026-03-26,49.0685,15.0685
"Poděbrady, Tyršova 1359, DPS Luxor",Středočeský,ASTIP PS 15kVA/3F-45 minut,2026-08-26,2026-02-26,49.0287,15.0287
"Polná okr. Jihlava, Malá cihelna, PENNY",Vysočina,ASTIP STRONG 33kVA/3kVA/3F-30 minut,2024-09-21,2024-03-21,49.0784,15.0784
"Praha, 17. Listopadu 2_2, ÚMPRUM",Praha,ELSTON STRONG 500/1F/4C/1H,2026-04-09,2026-04-09,49.0579,15.0579
"Praha, Libocká 643, Domov sv. Rodiny",Praha,ASTIP PS 10kVA/3f-45 minut,2025-08-19,2025-08-19,49.0791,15.0791
"Praha, Belgická 10, CITY BELL",Praha,STRONG 4kVA +PS 10 kVA,2025-07-07,2025-07-07,49.0135,15.0135
"Praha, Bělohorská 107, hotel Valcha",Praha,PS LiftBack 10 000/3f – 45min.,2026-07-08,2026-01-08,49.0255,15.0255
"Praha, Bělohorská 50",Praha,STRONG 20 000/3f - 45min.,2026-08-19,2026-02-19,49.0458,15.0458
"Praha, Branická 65/46, DPS",Praha,ASTIP PS 15kVA/3F-45 minut,2026-07-22,2026-01-22,49.0891,15.0891
"Praha, Budínova 2, protialkoholní záchytka, Bulovka",Praha,ASTIP STRONG 20kVA/3F -45 minut,2026-09-25,2026-03-25,49.0192,15.0192
"Praha, Českobrodská 1329, Coca Cola",Praha,ASTIP PS 100kVA/3F-60 minut,2026-09-03,2026-03-03,49.0648,15.0648
"Praha, Dobratická 525, ZŠ Tupolevova",Praha,ASTIP STRONG 5 000/3f-30 min,2026-09-03,2026-03-03,49.0746,15.0746
"Praha, FN Motol, UK 2, LF dostavba areálu Plzeňská",Praha,ASTIP STRONG 3 000/3F -15 minut,2023-01-28,2022-07-28,49.0866,15.0866
"Praha, Františka Křížka 22",Praha,PS Lift Back 15 000/3f-45 min.,2021-02-13,2021-02-13,49.0965,15.0965
"Praha, Freiwaldova 1012, Kamýk A,B",Praha,"ASTIP PS 30 000/3f – 15,30,45min, 2 x ASTIP PS 500/SO, ",2024-10-18,2024-04-18,49.0178,15.0178
"Praha, Haštalská 14, hotel Maxmilián",Praha,STRONG 7500VA/3F – 45min,2026-10-22,2026-04-22,49.0571,15.0571
"Praha, Chlumecká, FLEXI PARK",Praha,ASTIP STRONG 50kVA/5kVA/3F-60 minut,2026-08-05,2026-02-05,49.026,15.026
"Praha, Jungmannova 32/25, hotel",Praha,ASTIP STRONG 71kVA/20kVA/3F-45minut,2025-09-18,2025-09-18,49.0695,15.0695
"Praha, Kladenská 115, Hotel Avion",Praha,ASTIP PS Liftback 15kVA/3F -45 minut,2026-08-26,2026-02-26,49.082,15.082
"Praha, Kovářská 15, hotel Aréna",Praha,"Lift Back 7500/3f, 45 min",2026-07-08,2026-01-08,49.0657,15.0657
"Praha, Kramperova 6, 2",Praha,"Astip PS 30 000/3f-10,30,45 minut, 2 x Astip PS 500VA, ",2026-05-25,2025-11-25,49.0904,15.0904
"Praha, Kubišova 2, Pod Barvířkou  Hotel Aida",Praha,PS 10kVA/3F - 45minut,2026-05-06,2025-11-06,49.0136,15.0136
"Praha, Letňanské zahrady E, F, G",Praha,3x zdroj,2021-07-14,2021-01-14,49.0243,15.0243
"Praha, Lhotecká 446, OBI",Praha,PS 30 000/3F -35 minut,2022-05-05,2022-05-05,49.056,15.056
"Praha, Lucemburská 9, ubytovna",Praha,ASTIP PS 20kVA/10kVA/3F -45 minut,2026-10-01,2026-04-01,49.0715,15.0715
"Praha, Lyčkovo náměstí 6, ZŠ a MŠ",Praha,Schrack 7500/3F/10 minut,2026-06-10,2025-12-10,49.0842,15.0842
"Praha, Josefská 7, Malostranská ZŠ",Praha,ASTIP PS 4000/3f-30 minut,2026-07-23,2026-04-15,49.032,15.032
"Praha, Maltézské náměstí 14, konzervatoř J. Deyla",Praha,PS 15 000/3f-45 minut,2026-08-19,2026-02-19,49.0875,15.0875
"Praha, Maltézské náměstí 8, BD s ubytovnou",Praha,PS 10kVA/3F-45 minut,2026-06-11,2025-12-11,49.0471,15.0471
"Praha, Mantovská 780,2",Praha,"Astip PS LiftBack 30 000/3f-30,45 minut",2026-05-13,2025-11-13,49.0076,15.0076
"Praha, Masná 13, ŠJ",Praha,ASTIP STRONG 2kVA/3F-10 minut,2026-09-24,2026-03-24,49.0986,15.0986
"Praha, Miličova 29, hotel Zvěřina",Praha,"ASTIP STRONG 150kVA/20kVA/3F-45,60 minut",2026-07-08,2026-01-08,49.0617,15.0617
"Praha, Modenská Clasifica",Praha,PS 40kVA/3f a 25kVA/3f,2020-10-02,2020-04-02,49.0446,15.0446
"Praha, Na Hřebenkách 122",Praha,Strong 7500/3f - 60 minut,2026-08-19,2026-02-19,49.0357,15.0357
"Praha, Na Chvalské tvrzi",Praha,ASTIP PS 40kVA/3F -15 minut,2026-05-06,2025-11-06,49.0325,15.0325
"Praha, Nad Třebešínem, Senior Komplex",Praha,STRONG 75 000/3f-45 minut + RPO,2026-08-26,2026-02-26,49.0337,15.0337
"Praha, nám. Kinských 602",Praha,PS LiftBack 20 000/3f - 45 min.,2026-07-08,2026-01-08,49.0919,15.0919
"Praha, Nekvasilova 31, Kindergarten",Praha,3 x ASTIP PS 30 000/3f-45 minut + RPO,2026-07-15,2026-01-15,49.0425,15.0425
"Praha, Novovysočanská 8, DPS",Praha,2 x PS 15 kVA/3F -45 minut,2026-07-28,2026-01-28,49.0763,15.0763
"Praha, OC Maja - Albert 578, Veronské náměstí 403",Praha,PS 250 000/3F-30 minut,2024-02-29,2024-02-29,49.0761,15.0761
"Praha, Olšanská, Garden Towers",Praha,"3 x ASTIP Back Lift 75kVA/3f/1f-60 minut, ",2021-02-13,2021-02-13,49.0893,15.0893
"Praha, Opatovská, OC Opatovská",Praha,"2 x 15kVA, 1 x 75 kVA",2026-03-12,2026-03-12,49.0616,15.0616
"Praha, Parmská 390, DPS",Praha,ASTIP STRONG 2kVA/1F -30 minut,2026-07-22,2026-01-22,49.0726,15.0726
"Praha, Petrská 5, Hotel Republika",Praha,ASTIP STRONG 4 000/3F -10 minut,2025-06-25,2025-06-25,49.0509,15.0509
"Praha, Pilotů 127, VUZ Dědina",Praha,ASTIP PS 10kVA/3f-45 minut,2026-08-05,2026-02-05,49.0259,15.0259
"Praha, Plynárenská, Mecca",Praha,  PS 50 000/3f-30 minut,2026-08-26,2026-02-26,49.0945,15.0945
"Praha, Plzeňská 56, Hotel",Praha,ASTIP PS 15kVA/3F -45 minut,2026-07-29,2026-01-29,49.0661,15.0661
"Praha, Plzeňská 66, CAMPUS VŠFS",Praha,"ASTIP PS 20kVA/3f 45 min.,",2025-09-20,2025-03-20,49.0283,15.0283
"Praha, Poděbradská 489/116, OC Hloubětín",Praha,ASTIP PS 7500/3F-30 minut,2026-10-01,2026-04-01,49.0701,15.0701
"Praha, polyfunkční objekt Dlouhá",Praha,"ASTIP STRONG 80kVA/30kVA/3F -10,45,60 minut",2026-06-02,2025-12-02,49.0979,15.0979
"Praha, Redapiú, Revoluční 1201/18",Praha,Rectifier 12 kVA-45min,2021-06-18,2020-12-18,49.0369,15.0369
"Praha, Redapiú, Žitná",Praha,PS 10kVA-45min,2022-12-01,2022-03-03,49.0672,15.0672
"Praha, Římská 403, hotel Modrá růže",Praha,ASTIP PS Liftback 138kVA/20kVA/3F -45 minut,2026-07-08,2026-01-08,49.0003,15.0003
"Praha, Řásnovka 784-2, školka",Praha,"STRONG 1kVA/0,5kVA/1F-30 minut",2026-10-21,2026-04-21,49.095,15.095
"Praha, Řešovská 852-10, Bohnice -Rezidence Jasmín",Praha,ASTIP PS 200kVA/3F -45 minut,2026-02-27,2025-08-27,49.0968,15.0968
"Praha, Římská 4",Praha,PS 10 000/3f - 45min.,2026-06-02,2025-12-02,49.0468,15.0468
"Praha, Sanderova 1616,1618 Prague Marina",Praha,"PS 100kVA/3f-60 minut + RPO, PS 75kVA",2026-04-23,2025-10-23,49.0987,15.0987
"Praha, Sokolská 42, Hotel Joy",Praha,ASTIP STRONG 20kVA/3F-60 minut,2024-11-27,2024-11-27,49.0918,15.0918
"Praha, Sokolovská 713-111c +  Rohanské nábřeží 713-6, BD Fragment",Praha,STRONG 280kVA/75kVA/3F -60 minut          STRONG 37kVA/10kVA/3F -60 minut,2026-09-19,2026-03-19,49.0364,15.0364
"Praha, Spálená 12, městská poliklinika",Praha,ASTIP STRONG 42/4kVA/3F-30 minut,2026-10-01,2026-04-01,49.0485,15.0485
"Praha, Tančící dům",Praha,ASTIP PS 3000/3f-45 minut + PS 20kVA/3F-45 minut,2025-08-06,2024-10-29,49.0806,15.0806
"Praha, U Průhonu 38, Nová radnice",Praha,ASTIP PS LiftBack 10 kVA/3f- sjezd,2024-02-29,2024-02-29,49.0316,15.0316
"Praha, U školy 285, ZŠ Štěrboholy",Praha,ASTIP STRONG 2000/1f-45 minut,2026-10-23,2026-04-23,49.0412,15.0412
"Praha, V Jámě, ABC divadlo",Praha,ASTIP STRONG 10kVA/3F-45 minut,2026-08-19,2026-02-19,49.0048,15.0048
"Praha, V Úžlabině 19",Praha,ASTIP PS 30 000/3f-60 min,2023-05-18,2023-05-18,49.0305,15.0305
"Praha, Václavské nám., Palace Fenix, divadlo",Praha,ASTIP STRONG 2000/3f-60 minut,2024-10-04,2024-04-04,49.0477,15.0477
"Praha, Važská 998/2, škola Livingstone",Praha,ASTIP PS 7 500VA/3F -15 minut,2025-02-13,2025-02-13,49.022,15.022
"Praha, Veletržní 20, MAMA Shelter",Praha,ASTIP STRONG 30 000/3f-35minut,2026-06-10,2025-12-10,49.0657,15.0657
"Praha, Vladivostocká 1530/12, Slavia hotel",Praha,ASTIP PS Liftback 15kVA/3F -45 minut,2026-04-23,2025-10-23,49.0434,15.0434
"Praha, Vocelova 4, Jugoslávská 3",Praha,"ASTIP PS 7500/3f-45 minut, ASTIP PS 10 000/3f-45 minut",2026-10-01,2026-04-01,49.0636,15.0636
"Praha, Vodičkova 36, Palác Lucerna",Praha,ASTIP STRONG 136/20kVA/3F-30 minut,2026-08-05,2026-02-05,49.0456,15.0456
"Prasklice 142, DPS",Zlínský,Astip PS 15 000/3f-45 minut,2026-04-30,2025-10-31,49.0325,15.0325
"Prusinovice, Zámčisko 170",Zlínský,"STRONG 3 000/3f, 10 min",2026-07-20,2026-01-20,49.0512,15.0512
"Pyšely, T.G.Masaryka",Středočeský,  LiftBack 15kVA/3f-45 minut,2023-01-12,2023-01-12,49.0492,15.0492
"Radobica okr. Prievidza, DPS IRIS",Slovensko,ASTIP STRONG 20kVA/3F-45minut,2026-06-16,2025-12-16,49.0802,15.0802
"Rokytnice nad Jizerou,Dolní Rokytnice 447, penzion",Liberecký,ASTIP STRONG 30kVA/15kVA/3F -45 minut,2026-09-24,2026-03-24,49.054,15.054
"Rokytnice u Přerova, Domov na Zámečku",Olomoucký,Astip STRONG Liftback 30kVA/3F-45 minut/EI45,2026-06-11,2025-12-11,49.0746,15.0746
"Rožnov pod Radhoštěm, Pivovarská 6",Zlínský,"ASTIP STRONG 1000/1f-45 min, PS LiftBack 7500/3f-45 minut",2024-04-30,2023-10-31,49.0081,15.0081
"Rychnov nad Kněžnou, Dlouhá Ves 188, Bednar FMT",Královehradecký,3 x UPS,2025-03-19,2024-09-19,49.0094,15.0094
"Rychnov nad Kněžnou, Na Drahách 1826, DPS",Královehradecký,"Astip PS 2000/3f-30 minut, Astip PS 3000/3f-30 minut",2026-08-03,2026-02-03,49.0541,15.0541
"Říčany, Mánesova 2630, Magic Hill",Středočeský,"ASTIP PS 15kVA/3f-15 min, ASTIP PS 4kVA/3f-15 min",2026-03-24,2025-09-24,49.0833,15.0833
"Sadská, Parker Hannifin, Poděbradská 1005",Středočeský,STRONG 20kVA/3F - 30 minut + rozváděč,2025-12-25,2025-06-25,49.0747,15.0747
"Sezimovo Ústí, K Hájence 1500, DPS",Jihočeský,ASTIP PS 20 000/3f-45 minut,2026-04-16,2025-10-16,49.011,15.011
"Slušovice, Dostihová 725, KODUS",Zlínský,ASTIP STRONG Liftback 68kVA/20kVA/3F -45 minut,2026-05-13,2025-11-13,49.0083,15.0083
"Sobotka, Libošovice 39, Charita",,ASTIP STRONG 15kVA/3F -45 minut,2026-10-21,2026-04-21,49.0794,15.0794
"Stěžery,Lipová 32, ZŠ a MŠ",Královehradecký,STRONG 1 000VA/1F -10 minut,2026-08-17,2026-02-17,49.0344,15.0344
"Střelice, Tetčická 31169",Jihomoravský,Astip PS 20kVA/3f-45 minut,2026-04-02,2026-04-02,49.0795,15.0795
"Stříbro, Revoluční 1011, DPS",,ASTIP STRONG 40kVA/3F-45 minut,2026-05-06,2025-11-06,49.013,15.013
"Sušice, Pod Svatoborem 56",Plzeňský,PS 15 000/3f -45 minut,2026-07-19,2026-01-19,49.0259,15.0259
"Světlá nad Sázavou, Rozkoš 990, Věznice",,ASTIP STRONG 10/2kVA/1F-15 minut,2026-09-10,2026-03-10,49.0638,15.0638
"Špindlerův Mlýn, Kostelní 347, hotel Palace",Královehradecký,ASTIP STRONG 50kVA/30kVA/3F-45 minut,2026-08-16,2026-02-16,49.0489,15.0489
"Šternberk, Na Valech 14, DPS",Olomoucký,LiftBack 10000/3f-45 minut,2026-07-12,2026-01-12,49.0369,15.0369
"Šumperk, 17. listopadu, Hotel Perk",Olomoucký,ASTIP STRONG Liftback 82kVA/15kVA/3F-45 minut,2026-09-10,2026-03-10,49.0613,15.0613
"Tábor, Chýnovská 3049, ALBERT",Jihočeský, ASTIP STRONG 20kVA/3F-15 minut,2027-07-19,2026-01-19,49.0921,15.0921
"Telč, Tyršova 157, zimní stadion",Vysočina,15 kVA/3F -20 minut,2024-11-27,2024-11-27,49.0725,15.0725
"Tetín, KC Svaté Ludmily",Středočeský,"ASTIP STRONG 2 000VA/3F -30 minut,",2025-06-10,2024-12-10,49.0466,15.0466
"Tmaň, Prof. Krbce 300, DPS",,ASTIP STRONG 86kVA/40kVA/3F-45 minut,2026-09-03,2026-03-03,49.0484,15.0484
"Trnava u Zlína, Trnava 242, ZŠ a MŠ",Zlínský,STRONG 15kVA/3F -30 minut,2026-03-25,2025-09-25,49.0322,15.0322
"Třebíč, Hasskova 102/2, městská knihovna",Vysočina,STRONG 45kVA/15kVA/3F-45 min.,2026-07-15,2026-01-15,49.0627,15.0627
"Třebíč, Labyrint, Nad Zámkem 1174",Vysočina,ASTIP PS 1000/3F -10 minut,2026-08-25,2026-02-25,49.0733,15.0733
"Třinec, Nádražní 10, ZŠ a MŠ",Moravskoslezský,PS 15 000/3F-30 minut + RPO,2026-07-20,2026-01-20,49.0809,15.0809
"Turnov, Granátová 1897",Liberecký,  PS 7500/3f-45 minut,2026-08-24,2026-02-24,49.003,15.003
"Uherské Hradiště, Za Olšávkou 365",Jihomoravský,PS 15 000/3f 45min.,2025-07-07,2025-01-07,49.024,15.024
"Uherský Brod, Vazová 2143, ASSCO, RPGrecykling",Zlínský,"Astip Strong 1000/1f, 30 min",2025-05-19,2024-11-19,49.0168,15.0168
"Uhlířské Janovice, DS,Topolová 918",Středočeský,"Lift Back 120kVA/3f, 45 min",2026-05-13,2025-11-13,49.094,15.094
"Unhošť, Tyršovo náměstí 211, Centrin",Středočeský,PS 10kVA/3f-45 minut,2021-09-30,2021-09-30,49.0152,15.0152
"Ústí nad Labem, Velká hradební, KD",Ústecký,ASTIP STRONG 15kVA/3F -45 minut,2025-05-07,2024-11-07,49.0701,15.0701
"Valašské Meziříčí, Bynina 212, Zahradní centrum pod kloboukem",Zlínský,ASTIP STRONG 2kVA/3F-10m/4C,2026-04-30,2025-10-30,49.0135,15.0135
"Valašské Meziříčí, Masarykova 33, EFIOS",Zlínský,ASTIP PS 50 000/3F -15 minut,2026-10-20,2026-04-20,49.0025,15.0025
"Valašské Meziříčí, Sokolská 582/85, JACOBS DOUWE EGBERTS",Zlínský,ASTIP PS 2000/3f-7 minut,2024-11-29,2024-05-29,49.0901,15.0901
"Valeč, Zámek Valeč",Vysočina,mraky zdrojů PS 3000/4000/7500,2026-06-18,2025-12-18,49.0038,15.0038
"Valtice, Modřínová 537, DPS",Jihomoravský,ASTIP STRONG 20kVA/3F-60 minut,2026-10-23,2026-04-23,49.0475,15.0475
"Vejprty, Nerudova1221_14, DZR Krakonoš",Ústecký,"ASTIP STRONG LIFTBACK 7,5kVA/3F-45 minut",2026-09-19,2026-03-19,49.0262,15.0262
"Velichovky, Lázně 100",Královehradecký,LiftBack 20kVA/3F-45min,2026-10-21,2026-04-21,49.0124,15.0124
"Velké Březno, Klášterní 1, DPS",Ústecký,PS 20 000/3f 45min.,2026-09-18,2026-03-18,49.0485,15.0485
Velké Losiny Areál zdraví,Olomoucký,  PS 15 000/3f-35 minut,2026-10-07,2026-04-07,49.066,15.066
"Velké Meziříčí, U Světlé 9, DPS",Vysočina,ASTIP PS 64kVA/30kVA/3F-45 minut,2026-10-01,2026-04-01,49.0597,15.0597
"Velké Pavlovice, Dlouhá 1177-69, hotel Lotrinský",Jihomoravský,PS LiftBack 7500/3f-45 minut,2026-03-11,2026-03-11,49.0673,15.0673
"Velké Popovice, Ringhofferova 1, pivovar",Středočeský,"ASTIP STRONG 76kVA/10kVA/3F-60 minut, MB100S-120S3",2023-11-11,2023-05-05,49.0651,15.0651
"Vlachovice, Vlachovice 50",Zlínský,  PS 1500/3f-10 minut,2021-01-21,2020-07-21,49.095,15.095
"Volyně, Husova 795, BD KODUS",Jihočeský,ASTIP STRONG 50kVA/20kVA/3F -45 minut,2025-08-11,2025-02-11,49.0962,15.0962
"Vranovice, Náměstíčko 53",Jihomoravský,ASTIP PS 20 000/3f - 45 minut,2025-08-12,2025-02-12,49.0989,15.0989
"Vranovice, U Floriánka 53",Jihomoravský,ASTIP STRONG 1500/3F -30 minut,2025-01-24,2024-07-24,49.0538,15.0538
"Vrchlabí - Herlíkovice, Horská 547, Apartmány Mlýn Herlíkovice",Královehradecký,ASTIP PS Liftback 15kVA/3F -45 minut,2026-09-24,2026-03-24,49.072,15.072
"Vrchlabí, Horská 179",Královehradecký,ASTIP STRONG 2000VA/1F -10 minut,2026-02-14,2025-08-14,49.0754,15.0754
"Vyškov, Mlýnská 12, zimní stadion",Jihomoravský,STRONG 20kVA/3F - 30 minut,2026-10-14,2026-04-14,49.0364,15.0364
"Zadov, Stachy 349, Sporthotel Olympia",Jihočeský,STRONG 75kVA/30kVA/3F -45 minut,2026-06-17,2025-12-17,49.0529,15.0529
"Zdiby, Ke Zdibsku 272, prodejna LIDL",Středočeský,ASTIP STRONG 4000VA/3F-30 minut,2025-12-17,2025-12-17,49.0939,15.0939
"Zlín tř. 3. května, ASKO nábytek",Zlínský,PS 25 000/3F -10 minut,2024-10-30,2024-04-30,49.0133,15.0133
"Zlín, Cecilka 38, Promens",Zlínský,"STRONG 5000/3f - 1H, STRONG 2kVA/1F/4C-1H",2026-10-09,2026-04-09,49.003,15.003
"Zlín, NVZ Promens, U tescomy",Zlínský,Astip Strong 5000/1f,2025-03-24,2024-09-24,49.044,15.044
"Zlín, Štefáníkova 150, koleje a menza",Zlínský,ASTIP STRONG 40kVA/3F -45 minut,2026-05-13,2025-11-13,49.0055,15.0055
"Znojmo, Holandská 30",Jihomoravský,PS 40 000VA/3f,2026-08-13,2026-02-13,49.0122,15.0122
"Zruč nad Sázavou, Nám. Míru 597, Centrin",Středočeský,ASTIP PS 30 000/3f - 45 minut,2025-01-03,2024-07-03,49.0734,15.0734
"Žebrák, Hradní 67, ZŠ",Středočeský,ASTIP STRONG 30kVA/3f-45 min,2026-06-02,2025-12-02,49.091,15.091
"Žiar nad Hronom, Priemyselná 100 (SK)",Slovensko,2x 1500/3f,2020-07-29,2020-07-29,49.0123,15.0123
"Židlochovice, Topolová 933, LAC s.r.o.",Jihomoravský,"STRONG 1000VA/1f, OFF-LINE",2023-04-11,2023-04-11,49.0042,15.0042
"Žirovnice, Žižkova 394, KODUS",Vysočina,PS 10 000/3f - 30 min,2026-09-24,2026-03-24,49.0089,15.0089
"Adamov, Náměstí práce, EDEN",Jihomoravský,ASTIP STRONG 3 000VA/3F -3C/1H,2026-11-14,2026-11-14,49.0568,15.0568
"Bechyně, Novodvorská 301, Alšova jihočeská galerie",Jihomoravský,ASTIP PS LIFTBACK 7 500/3F -sjezd,2027-03-10,2027-03-10,49.0975,15.0975
Bor u Tachova,Plzeňský,Astip PS 1200/3f – 7 minut,2017-11-15,2017-11-15,49.0892,15.0892
"Bor u Tachova, CTP Park",Plzeňský,"PS 75 000/3F-30 minut, RPO",2027-02-17,2027-02-17,49.0746,15.0746
"Borek u Rokycan, policie",Plzeňský,ASTIP STRONG 4000VA/3F- 30 minut,2026-09-18,2026-09-18,49.0966,15.0966
"Boskovice, Otakara Kubína 8,10,12",Jihomoravský,3 x STRONG 2 000/3f -15 minut,2026-04-23,2026-02-26,49.0639,15.0639
"Bratislava, Františka Kubu 2,3,5,6 -Rinok Rača",Slovensko,"15kVA, 7,5kVA, 15kVA, 3kVA",2026-07-24,2026-07-24,49.0547,15.0547
"Bratislava, Hradná ulice 1, potraviny Děvín",Slovensko,STRONG 1000VA/1F-20 min,2026-12-16,2026-12-16,49.094,15.094
"Bratislava, Ivánská cesta 32 A-F, Ovocné sady",Slovensko,6 x STRONG 30 kVA/3F-45 minut,2026-07-03,2026-07-03,49.0137,15.0137
"Bratislava, Ivánská cesta 32 G, Ovocné sady",Slovensko,ASTIP STRONG LiftBack 55kVA/30kVA/3F- 45M,2026-07-03,2026-07-03,49.0229,15.0229
"Bratislava, Ivánská cesta 32 H, Ovocné sady",Slovensko,ASTIP STRONG LiftBack 55kVA/30kVA/3F- 45M,2026-07-03,2026-07-03,49.0419,15.0419
"Bratislava, Ivánská cesta 32 I, Ovocné sady",Slovensko,ASTIP STRONG Liftback 30kVA/3F-45 minut,2025-06-19,2025-06-19,49.0451,15.0451
"Bratislava, Ivánská cesta 32 J+K",Slovensko,ASTIP STRONG Liftback 30kVA/3F-45 minut,2026-07-03,2026-07-03,49.0887,15.0887
"Bratislava, Námestie při sypke 6",Slovensko,ASTIP STRONG 3000VA/3F/24H/1C,2026-07-22,2026-07-22,49.089,15.089
"Bratislava, Kadnárova 103, 105, 107 + Košická 54",Slovensko,"3 x STRONG 7500/3f -30 minut, 2kva/1f-10minut",2027-04-09,2026-11-11,49.074,15.074
"Bratislava, Kominárská 4, Při Mýtě 1",Slovensko,PS 40kVA/3f-45 minut,2023-10-24,2023-10-24,49.0622,15.0622
"Bratislava, Muchovo náměstí 5,6",Slovensko,ASTIP STRONG 48kVA/10kVA/3F-30 minut,2026-03-17,2026-03-17,49.0339,15.0339
"Bratislava, Pražská 7, ministerstvo",Slovensko,PS 15kVA/3f-1 hodina,2027-04-09,2027-04-09,49.0329,15.0329
"Bratislava, Račianska 26G, Urban Residnce",Slovensko,ASTIP STRONG 40kVA/3F-45 minut,2026-05-04,2026-05-04,49.0325,15.0325
"Bratislava, Trnavská cesta 8a, 6b, 19123 - Nová Cvernovka",Slovensko,"2 x STRONG 15kVA, 1x STRONG 20kVA",2026-07-24,2026-07-24,49.0247,15.0247
"Bratislava, Trnavské mýto 1, Optimal TFM",Slovensko,"PS 40 kVA/3f, 45 min.",2026-04-22,2026-04-22,49.0876,15.0876
"Bratislava, Vlčie Hrdlo  70, NOVAGASTRADE",Slovensko,ASTIP STRONG 1000VA/3F/4C/1H,2025-05-28,2025-05-28,49.0456,15.0456
"Bratislava, Volvo, Lamač-Bory",Slovensko,"Strong 3000/3f, 30 min.",2026-10-14,2026-10-14,49.0897,15.0897
"Brněněc 24, PENAM mlýn",Jihomoravský,ASTIP PS 3 000VA/3F-7 minut,2025-07-22,2025-07-22,49.0778,15.0778
"Brno, Antonína Procházky 590/2b",Jihomoravský,ASTIP STRONG 1000VA/1F-10 minut/EI45,2027-02-23,2027-02-23,49.0402,15.0402
"Brno - Lesná, Fillova, OBZOR",Jihomoravský,"ASTIP PS 20 000/3F -45, 60 minut",2024-02-13,2024-02-13,49.0678,15.0678
"Brno, Blatnická 12, bytový dům",Jihomoravský,ASTIP STRONG Liftback 20kVA/10kVA/3F-45 minut,2027-03-30,2027-03-30,49.001,15.001
"Brno, Bohunická, ABT Park",Jihomoravský,ASTIP STRONG 10kVA/3F-45 minut,2026-08-19,2026-08-19,49.0243,15.0243
"Brno, Bořetická 3",Jihomoravský,LiftBack 15kVA/3f-45 minut,2022-06-07,2022-06-07,49.037,15.037
"Brno, Božetěchova 102b",Jihomoravský,PS 20 000VA/3f,2026-03-04,2026-03-04,49.0935,15.0935
"Brno, Bratislavská 24, LIVIX",Jihomoravský,ASTIP STRONG 100kVA/3F -45 minut,2026-11-21,2026-11-21,49.0856,15.0856
"Brno, Rolnická 1, BD",Jihomoravský,  PS 20kVA/3f-45 minut,2027-01-28,2027-01-28,49.0545,15.0545
"Brno, Bzenecká 13, 15, 17",Jihomoravský,3x PS 20kVA/3f-45 minut,2027-04-02,2027-04-02,49.063,15.063
"Brno, Bzenecká 18",Jihomoravský,ASTIP PS Liftback 10 000/3F - 45 minut,2021-06-07,2021-06-07,49.0724,15.0724
"Brno, Bzenecká 20",Jihomoravský,"PS 10000/3f, 45 min",2026-07-09,2026-07-09,49.0713,15.0713
"Brno, Bzenecká 8",Jihomoravský,  15kVA/3f Rectifier,2024-12-05,2024-12-05,49.0538,15.0538
"Brno, Cejl 79",Jihomoravský,ASTIP STRONG 30kVA/3F-45 minut,2026-08-27,2026-08-27,49.0186,15.0186
"Brno, Čejkovická 11",Jihomoravský,STRONG LiftBack 10 000/3f-45 min,2026-05-13,2026-05-13,49.0251,15.0251
"Brno, Gajdošova 24 a 30",Jihomoravský,PS 500/1F -45 minut,2027-01-20,2027-01-20,49.0618,15.0618
"Brno, Gajdošova 26",Jihomoravský,PS 5000/3F -10 minut,2026-09-17,2026-09-17,49.0112,15.0112
"Brno, Houbalova 6A, 6B + 10",Jihomoravský,"2 x PS 3600/3F -7Min, STRONG 2000/3F/4C/1H",2026-09-01,2026-09-01,49.0857,15.0857
"Brno, Houbalova 8",Jihomoravský,"ASTIP STRONG 2000VA/3F -16,24 hodin",2026-09-01,2026-09-01,49.0403,15.0403
"Brno, Hrázní 1",Jihomoravský,ASTIP STRONG 50kVA/10kVA/3F-45 minut,2026-10-08,2026-10-08,49.0005,15.0005
"Brno, Hybešova 49",Jihomoravský,STRONG 5000/3f – 10 minut,2027-03-11,2027-03-11,49.0412,15.0412
"Brno, Hybešova 63, oční studio Žejdl",Jihomoravský,"Strong 2000/3f, 45 min",2025-09-19,2025-09-19,49.0436,15.0436
"Brno, Chaloupkova 7, Tyflocentrum",Jihomoravský,STRONG 4 000/3F - 30 minut + RPO,2026-05-23,2026-05-23,49.0346,15.0346
"Brno, Jarmily Kurandové 8",Jihomoravský,PBZ 1000/1f - 45 min,2023-04-19,2023-04-19,49.0119,15.0119
"Brno, Jedovnická 8A, ubytovna",Jihomoravský,ASTIP PS 37KVA/15kVA/3F - 45 minut,2027-02-25,2027-02-25,49.0273,15.0273
"Brno, Kabátníkova 2, BD",Jihomoravský,ASTIP STRONG 3 000VA/3F -45 minut,2026-09-16,2026-09-16,49.0625,15.0625
"Brno, Kamínky 3",Jihomoravský,"PS 30kVA/22kW, 15 min",2027-03-04,2027-03-04,49.0139,15.0139
"Brno, Karásek 2219/1d, Lachema",Jihomoravský,ASTIP STRONG 4kVA + 2kVA,2026-06-25,2026-06-25,49.0186,15.0186
"Brno, Kigginsova 4, 6, 8",Jihomoravský,STRONG 7500/3f - 15 min.,2026-12-03,2026-06-25,49.0394,15.0394
"Brno, Koniklecova 2",Jihomoravský,ASTIP STRONG 62kVA/30kVA/3F-45 minut,2026-02-24,2026-02-24,49.0263,15.0263
"Brno, Kopečná",Jihomoravský,  PS 20 000/3f-35 minut,2025-06-02,2025-06-02,49.0545,15.0545
"Brno, Kopečná 17, Jircháře 2",Jihomoravský,"Strong 15kVA/3f, 30 min",2021-08-11,2021-05-11,49.055,15.055
"Brno, Kopečná 34, BD",Jihomoravský,ASTIP STRONG 1 000VA/1F -1H,2027-01-09,2027-01-09,49.0231,15.0231
"Brno, Kotlářská 3, BD",Jihomoravský,ASTIP STRONG 15 kVA/3F -45 mint,2026-08-14,2026-08-14,49.0455,15.0455
"Brno, Kotlářská 22, BD",jihomoravský,ASTIP PS 3000VA/3F/1F-10 minut,2026-01-28,2026-01-28,49.0669,15.0669
"Brno, Křepelčí, Žabí",Jihomoravský,2x Schrack PBZ 3000/3f-45 minut,2026-03-03,2026-03-03,49.018,15.018
"Brno, Kšírova 45",Jihomoravský,  PS 4000VA/3f-35 minut,2018-10-05,2018-10-05,49.0267,15.0267
"Brno, Kumpoštova 7,8,11",Jihomoravský,"2xSchrack Strong 10kVA,1xStrong 20kVA",2026-08-27,2026-06-26,49.0001,15.0001
"Brno, Langrova 1227-1D",Jihomoravský,SCHRACK PS 7500VA/3F ,2026-05-21,2026-05-21,49.0811,15.0811
"Brno, Libušino údolí 511/58, BD",Jihomoravský,ASTIP STRONG 62kVA/20kVA/3F-45 minut,2026-03-24,2026-03-24,49.0562,15.0562
"Brno, Lidická 31, Techlar",Jihomoravský,LiftBack 15kVA/3f-45min,2026-04-30,2026-04-30,49.0023,15.0023
"Brno, Lidická 71 + Lidická 71a",Jihomoravský,"STRONG 1kVA/1F-45min, ELSTON 500",2026-10-29,2026-10-29,49.0007,15.0007
"Brno, Lidl, Jakuba Obrovského",Jihomoravský,"ASTIP PS 15kVA/3F -30 minut, R-SOZ",2027-03-20,2027-03-20,49.0861,15.0861
"Brno, Lipová 586/28a, BD",Jihomoravský,ASTIP STRONG 23/2kVA/3F -15 minut,2026-10-08,2026-10-08,49.0765,15.0765
"Brno, Menšíkova 1 a 3 ( 1 , 3.1 , 3.2 )",Jihomoravský,3x záložáky,2026-10-23,2026-10-23,49.0353,15.0353
"Brno, Metodějova 3120/6",Jihomoravský,"PS 5500/3f, 45 min. + RPO ",2027-04-24,2027-04-24,49.0456,15.0456
"Brno, Milady Horákové 25",Jihomoravský,PS 5000/3f-45 minut,2026-10-17,2026-10-17,49.0406,15.0406
"Brno, Mlýnská 69, BD",Jihomoravský,ASTIP STRONG 4 000/3F -45 minut,2026-01-14,2026-01-14,49.0694,15.0694
"Brno, Mostecká 12, BD",Jihomoravský,STRONG 5 000/3F-10 minut,2026-01-30,2026-01-30,49.0132,15.0132
"Brno, Nad Přehradou 17",Jihomoravský,PS 40kVA/27kVA/3f - 30min.,2027-04-07,2027-04-07,49.0847,15.0847
"Brno, Netroufalky 6, Kampus",Jihomoravský,"PS 30kVA 3f/1f, 60 min",2027-02-11,2027-02-11,49.0976,15.0976
"Brno, Neumannova 17, BD",Jihomoravský,"ASTIP STRONG 40kVA/3f -30,45 minut",2026-09-25,2026-09-25,49.087,15.087
"Brno, Neužilova 4",Jihomoravský,Astip STRONG 15 000/3f - 45 min,2026-07-01,2026-07-01,49.0063,15.0063
"Brno, Oblá 33",Jihomoravský,PS 20 000VA/3f - 45 min.,2026-07-23,2026-07-23,49.0567,15.0567
"Brno, Oblá 35",Jihomoravský,PS 20 000VA/3f - 45 min.,2027-01-08,2027-01-08,49.0884,15.0884
"Brno, Oblá 79",Jihomoravský,Astip STRONG 15 000/3f - 45 min,2025-11-08,2025-11-08,49.0569,15.0569
"Brno, Oblá 83",Jihomoravský,ASTIP STRONG 79kVA/30kVA/3F -45 minut,2026-09-25,2026-09-25,49.0004,15.0004
"Brno, Otiskova 7 a 9",Jihomoravský,STRONG 3kVA + STRONG 3kVA,2027-01-28,2026-10-01,49.0611,15.0611
"Brno, Palackého třída 11",Jihomoravský,ASTIP STRONG 32kVA/3kVA/3F-10 minut,2027-02-04,2027-02-04,49.0843,15.0843
"Brno, Markůvky, Panorama Bystrc",Jihomoravský,"D, E, F, G, H, I - Mraky zdrojů střašný peklo",2027-04-22,2025-12-23,49.0263,15.0263
"Brno, Plynárenská 8, BD",Jihomoravský,ASTIP PS 30kVA/15kVA/3F -45 minut,2025-09-09,2025-09-09,49.0921,15.0921
"Brno, Podveská 28, BD Triangl",Jihomoravský,ASTIP STRONG 9kVA/2kVA/1F-15 minut,2027-01-06,2027-01-06,49.0186,15.0186
"Brno, Podveská 39,41,43",Jihomoravský,  PS 5000/3f-30 minut,2026-01-05,2026-01-05,49.0276,15.0276
"Brno, Provazníkova 1655_82, Porta Resoluta",Jihomoravský,"PS 15 000/3f - 45min., STRONG 25 000/3F-45 minut",2027-01-29,2025-11-07,49.0129,15.0129
"Brno, Průšanecká 14",Jihomoravský,PS 12000/3f – 10 min,2021-05-03,2021-05-03,49.0311,15.0311
"Brno, Prušánecká 6",Jihomoravský,  PS 12 000/3f-45 minut,2024-07-03,2024-07-03,49.04,15.04
"Brno, Přadlácká 628/12, BD",Jihomoravský,ASTIP STRONG 1 500VA/1F -10 min. + RPO,2026-11-18,2026-11-18,49.0215,15.0215
"Brno, Přízova 16, BD firmy GM electronic",Jihomoravský,STRONG 3000/3F-15minut,2027-03-17,2027-03-17,49.0857,15.0857
"Brno, Purkyňova 99, REDHAT",Jihomoravský,RPO,2024-05-17,2024-05-17,49.003,15.003
"Brno, Reissigova č.p. 620-15, BD",Jihomoravský,"ASTIP PS 75kVA/3F-45 minut, RPO",2026-11-20,2026-11-20,49.0345,15.0345
"Brno, Rolnická 5, BD",Jihomoravský,ASTIP STRONG 30kVA/3F-45 minut,2026-10-20,2026-10-20,49.0965,15.0965
"Brno, Rotalova 18",Jihomoravský,STRONG 500/1f - 1H,2020-10-22,2020-10-22,49.0014,15.0014
"Brno, Rotalova 80,82,84, BD",Jihomoravský,"80 - STRONG 2kVA/3F-45min, 82+84 -STRONG 3kVA/3F-45 minut",2026-06-30,2026-05-15,49.06,15.06
"Brno, Rybářská 5a",Jihomoravský,"5kVA/3f, 1500/1f-45 minut",2026-02-18,2026-02-18,49.0679,15.0679
"Brno, Řípská 23",Jihomoravský,"PS 50000/3f, 10, 45, 60 min",2026-06-11,2026-06-11,49.0974,15.0974
"Brno, Řípská 9a, Slatina 627 00",Jihomoravský,ASTIP PS 15kVA/3F -15 minut,2026-11-20,2026-11-20,49.0634,15.0634
"Brno, Selská 37",Jihomoravský,STRONG 2000/3F -10 minut + RPO,2026-08-19,2026-08-19,49.021,15.021
"Brno, Skořepka 4",Jihomoravský,PS 3kVA/3f-20 min,2025-02-28,2025-02-28,49.0594,15.0594
"Brno, Sokolova 1e",Jihomoravský,"STRONG 1500VA/3F-60 minut, EI",2027-01-06,2027-01-06,49.0585,15.0585
"Brno, Spolková 8a",Jihomoravský,PS 4000/3f -10 minut,2025-07-02,2025-07-02,49.0823,15.0823
"Brno, Srbská 68",Jihomoravský,STRONG 2000/3F -35 minut + RPO,2022-09-05,2022-09-05,49.0881,15.0881
"Brno, Starobrněnská 9",Jihomoravský,  PS 10 000/3f-45 minut,2026-01-14,2026-01-14,49.0284,15.0284
"Brno, Střední 65, Brno Ponavia residence III - BD",Jihomoravský,ASTIP STRONG 81kVA/15kVA/3f-45 minut,2027-03-09,2027-03-09,49.0792,15.0792
"Brno, Svážná 1",Jihomoravský,STRONG 15 kVA/3F - 45 minut,2027-04-23,2027-04-23,49.0209,15.0209
"Brno, Svážná 7",Jihomoravský,ASTIP STRONG 62kVA/30kVA/3F-45 minut,2026-08-26,2026-08-26,49.0438,15.0438
"Brno, Šmahova 113, Martin Kučera",Jihomoravský,STRONG 1000VA/1F 20min,2026-04-28,2026-04-28,49.069,15.069
"Brno, Spěšná 732/4, BD",Jihomoravský,STRONG 2000VA/3F-15 minut,2024-08-21,2024-08-21,49.0447,15.0447
"Brno, Tábor 28b, bytový dům",Jihomoravský,ASTIP STRONG 4kVA/750VA/1F-15 minut,2027-02-18,2027-02-18,49.0469,15.0469
"Brno, Teyschlova 29, 31",Jihomoravský,ASTIP PS 40kVA/3F -45 minut,2026-02-24,2026-02-24,49.0871,15.0871
"Brno, Turgeněvova 9,11",Jihomoravský,STRONG 1000/1F-10 minut,2026-02-25,2026-02-25,49.0135,15.0135
"Brno, Opuštěná 4, polyfunkční dům",Jihomoravský ,ASTIP STRONG 125kVA/50kVA/3F-60 min.,2027-01-21,2027-01-21,49.0518,15.0518
"Brno, Valtická 3",Jihomoravský,"Astip PS 10000/3f, 45 min",2025-04-18,2025-04-18,49.0151,15.0151
"Brno, Velkopavlovická 12",Jihomoravský,  PS 12 000/3f-45 minut,2023-08-16,2023-08-16,49.0564,15.0564
"Brno, Vídeňská 16",Jihomoravský,STRONG 3 000/3F -45 minut,2026-10-23,2026-10-23,49.0382,15.0382
"Brno, Vídeňská 18",Jihomoravský,2x PS 2000/3f-20 minut,2027-02-04,2026-11-20,49.0411,15.0411
"Brno, Vídeňská 20,20a",Jihomoravský,PS 3000/3f,2026-03-10,2026-03-10,49.0943,15.0943
"Brno, Vídeňská 6",Jihomoravský,PS 10kVA/3f -45 minut,2022-05-30,2022-05-30,49.0354,15.0354
"Brno, Vlastimila Pecha 2, S&K TOOLS spol. s r.o",Jihomoravský,ASTIP STRONG 750VA/1F/4C/1H,2025-01-15,2025-01-15,49.0857,15.0857
"Brno, Vlastimila Pecha 7, Phoenix",Jihomoravský,PS 100kVA/3f-15 minut,2026-05-22,2026-05-22,49.0029,15.0029
"Brno, Vranovská 3",Jihomoravský,2 x STRONG 4kVA/3F-15minut,2026-03-07,2026-02-05,49.0469,15.0469
"Brno, Vranovská 5, Přadlácká 24c",Jihomoravský,"2 x PS 3000/3f, 10 min",2026-05-05,2026-05-05,49.0522,15.0522
"Brno, Vranovská 7",Jihomoravský,ASTIP STRONG 47kVA/20kVA/3F-45 minut,2026-10-03,2026-10-03,49.0076,15.0076
"Brno, Zaječí hora 6",Jihomoravský,PS 7500/3F - 15 minut,2025-03-28,2025-03-28,49.098,15.098
"Brno, Žabí 2, Přírodní 3",Jihomoravský,PS 3000/3f-45 min,2026-03-03,2026-03-03,49.0683,15.0683
Brumov -  Bylnice 1104,Zlínský,PS 20 kVA/3F - 45 minut,2026-04-09,2026-04-09,49.0548,15.0548
"Broumov, Přadlácká 158, Z-Trade",Královehradecký,"ASTIP STRONG Liftback 415kVA/75kVA/3F-dojezdy, 15 minut",2026-08-21,2026-08-21,49.0131,15.0131
"Břeclav, J. Opletala 14a",Jihomoravský,2 x záložní zdroj,2026-05-30,2026-05-30,49.0652,15.0652
"Buková u Příbramě, Horse Park",Středočeský,  PS 5000/3f-30 minut,2026-07-16,2026-07-16,49.0768,15.0768
"Buštěhrad, LIDL",Středočeský,4 x RPO,2026-10-21,2026-10-21,49.0129,15.0129
"Cerhenice, Za Cukrovarem 591, 593, 594",Středočeský,3 x 2kVA,2027-01-08,2026-11-13,49.0468,15.0468
"Cerhenice, Za Cukrovarem 575, 576",Středočeský,2 x 3kVA,2026-09-18,2026-09-18,49.0009,15.0009
"Cerhenice, Za Cukrovarem 592",Středočeský,2kVA,2024-08-14,2024-08-14,49.0518,15.0518
"Česká Lípa, Bombardier ",Liberecký,STRONG 4 000/1F - 60 minut ,2022-01-28,2022-01-28,49.0333,15.0333
Česká u Brna - AQUAL,Jihomoravský ,PS 5 000/3F -30 minut,2026-05-13,2026-05-13,49.0193,15.0193
"České Budějovice, BD Plukovníka Malého",Jihočeský,STRONG 2000/3f - 15min.,2027-01-14,2027-01-14,49.0118,15.0118
"České Budějovice, Husova třída",Jihočeský,PS 7500/3f-45 min,2026-09-11,2026-09-11,49.0694,15.0694
"České Budějovice, Kamarytova 2848_2, admin. budova f. Hauser",Jihočeský,ASTIP STRONG 2kVA/3F-30 minut,2027-03-19,2027-03-19,49.074,15.074
"Čimelice, SIKO koupelny",Jihočeský,ASTIP PS 2000/3f-15 minut,2025-02-01,2025-02-01,49.0668,15.0668
"Dašice, Křičenského, Mrazírny",Pardubický,PS 40kVA/3f-30 minut-C9 + 50kVA/3F-30 min- C10,2026-07-08,2026-07-08,49.0561,15.0561
"Dobřichovice, Anežky České 1119",Středočeský,2 x PS 20 kVA /3F - 30 min. +2 x PS 1500/3F -10 minut,2026-07-22,2025-10-15,49.0984,15.0984
"Dobříš, U Kodetky 1810, DOOSAN EMEA",Středočeský,STRONG 1000/1F-20 minut,2026-07-16,2026-07-16,49.0737,15.0737
"Doksy u Kladna, Krátká 572, BD",Středočeský,ASTIP PS Liftback 7500VA/3F -45 minut,2027-04-14,2027-04-14,49.0561,15.0561
"Dolní Poustevna, Vilémovská 259, MaK home textile",Ústecký,"ASTIP STRONG 14/1,5kVA/1F-30 minut",2026-03-18,2026-03-18,49.0288,15.0288
"Dubí u Kladna, Ke Křížku 1083, BD Icon Park",,ASTIP STRONG 1500VA/1F-45 minut,2027-03-26,2027-03-26,49.063,15.063
"Dubí u Kladna, Ke Křížku 1084, BD Icon Park",,ASTIP STRONG 1500VA/1F-45 minut,2027-03-26,2027-03-26,49.0133,15.0133
"Dubí u Kladna, Ke Křížku 1085, BD Icon Park",,ASTIP STRONG 1500VA/1F-45 minut,2027-03-26,2027-03-26,49.0407,15.0407
"Františkovy Lázně, Česká 39/1, ZŠ",Karlovarský,  PS 3000/3f-30 minut,2026-02-18,2026-02-18,49.0765,15.0765
Harrachov 698,Liberecký,ASTIP STRONG 10 kVA/3f-30 minut,2026-12-04,2026-12-04,49.0042,15.0042
"Havraň 138, Ascorium Most",Ústecký," 4 x 4kVA +3 x 7,5kVA +2 zdoje z 2022",2025-06-21,2025-06-21,49.0039,15.0039
"Havraň, Prům. zona Joseph, Fibraň",Ústecký,"STRONG 7,5kVA + 1 kVA",2025-06-21,2025-06-21,49.0457,15.0457
"Havířov, MERKUR B, Okrajová 1635-4b, BD",Moravskoslezský,ASTIP STRONG 43kVA/10kVA/3F-45 minut,2027-02-19,2027-02-19,49.0106,15.0106
"Havířov, parc. 251/4 -stavba 1635",Moravskoslezský,ASTIP STRONG 42kVA/10kVA/3F -45 minut,2026-06-06,2026-06-06,49.0142,15.0142
"Heřmanice v Podještědí, sklad Kobryn",Liberecký,ASTIP STRONG 2000VA/1F-30 minut,2025-04-18,2025-04-18,49.0697,15.0697
"Horní Cerekev, ZŠ",Vysočina,  PS 2000/1f-30 minut,2026-12-09,2026-12-09,49.0376,15.0376
"Horní Lideč, Trezor přírody",Zlínský,ASTIP STRONG 5000/1F -45 minut,2024-11-21,2024-11-21,49.0135,15.0135
"Horšovský Týn, Průmyslová 290",Plzeňský,"PS 75 000/3f 30,60min.",2026-12-16,2026-12-16,49.0942,15.0942
"Hořovice, Masarykova 1404, Saint Gobain",Středočeský,PS 15KVA/3f - 15 min.,2021-04-16,2021-04-16,49.0199,15.0199
"Hostivice, Ječná 1879",Středočeský,"PS 50 000/3f – 15,45min.",2026-09-09,2026-09-09,49.0957,15.0957
"Hradec Králové, Březhradská 204, AHOLD",Královehradecký,"R-SOZ-1, R-SOZ-2",2021-04-01,2021-04-01,49.0208,15.0208
"Hradec Králové, ČS Benzina",Královehradecký,  PS 7500/3f-30 minut,2021-09-15,2021-09-15,49.0348,15.0348
"Hradec Králové, Heyrovského 1213",Královehradecký,"2 x PS 20 kVA/3F -10 minut, 1 x PS 7,5 kVA/3F -10 minut",2026-08-31,2026-08-31,49.0852,15.0852
"Hradec Králové, Nerudova 50",Královehradecký,STRONG 1000VA/1F,2019-12-13,2019-12-13,49.0637,15.0637
"Hradec Králové, U Koruny 1742_16",Královehradecký,  PS 5000/3f-45 minut,2026-08-28,2026-08-28,49.0755,15.0755
"Hradec Králové, Pražská třída 916/65, BD",Královehradecký,ASTIP STRONG 4000VA/1F- 15 minut,2026-06-20,2026-06-20,49.0154,15.0154
"Hradec Králove, U Mostku 182, Dr. Muller Pharma",Královehradecký,STRONG 1000/1f,2026-07-08,2026-07-08,49.0173,15.0173
"Hrachov 77, Svatý Jan, RD",Středočeský,ASTIP STRONG 5kVA/1F -12 hodin,2026-09-25,2026-09-25,49.0732,15.0732
"Hranice na Moravě, Jiráskova 2188, BD",,ASTIP STRONG 2000VA/3F-20 minut,2027-04-15,2027-04-15,49.0045,15.0045
"Hromnice, Nynice 61",Plzeňský,STRONG 2 000/3F - 30 min.,2026-06-10,2026-06-10,49.0528,15.0528
"Hronov, Na Chocholouši 409, f. ALAKLIS",Královehradecký,"ASTIP PS LiftBack 10 000/3f-45 minut, ASTIP PS 7500/3f-30 minut",2027-04-08,2027-04-08,49.0146,15.0146
"Humpolec, Okružní 1296, COBAP",Vysočina,ASTIP STRONG 17kVA/3kVA/3F-10 min,2026-05-06,2026-05-06,49.0656,15.0656
"Hustopeče, Signum, Nádražní 32_41",Jihomoravský,STRONG 2000/3f-5 min,2027-04-23,2027-04-23,49.0918,15.0918
"Cheb, Dragounská 2529-6, Albert",Karlovarský,STRONG 10kVA/3f-15 minut,2027-02-18,2027-02-18,49.0875,15.0875
"Cheb, Jateční, hotel Barbarossa",Karlovarský,  PS 7500/3f-45 minut,2025-09-30,2025-09-30,49.0351,15.0351
"Cheb, Jesenice 59, areál Schiessel",Karlovarský,ASTIP STRONG 7500VA/3F -30 minut,2026-10-15,2026-10-15,49.0592,15.0592
"Chlumec, Muchova 267, MÚ",Ústecký,ASTIP PS 2 000VA/3F-20 minut,2022-11-30,2022-11-30,49.0117,15.0117
"Chodov, Westfield, parkovací dům",Karlovarský,ASTIP STRONG 15kVA/12kW/3f/1f - 60 minut,2024-08-10,2024-08-10,49.0936,15.0936
"Chotěboř, Severní 1911, BD",Vysočina,ASTIP STRONG 6kVA/1kVA/1F -30 minut,2026-12-04,2026-12-04,49.0496,15.0496
"Chrudim, Podkopanický mlýn 1135",Pardubický,STRONG 15kVA/3f 60 min.,2022-01-27,2022-01-27,49.0799,15.0799
"Chrudim, V hliníkách 1483 A a B, BD, jednotky J1 a J2",Pardubický,"2 x ASTIP PS Liftback 7,5kVA/3F-5 minut",2027-01-13,2026-12-04,49.0382,15.0382
"Ivančice, Na Úvoze 1751/3, DPS",Jihomoravský,ASTIP STRONG 75kVA/3F - 45 minut,2026-03-04,2026-03-04,49.0614,15.0614
"Jablonec nad Nisou, Jablotron",Liberecký,ASTIP PS 50kVA/40kW/3f-30 min + Rpo,2026-12-04,2026-12-04,49.0371,15.0371
"Jáchymov, T.G.Masaryka",Karlovarský,LiftBack 5kVA/3f-60 min,2025-02-21,2025-02-21,49.0626,15.0626
"Jedovnice, Na Větřáku 808, BD",Jihomoravský ,STRONG 1500/1F -30 min.,2026-12-11,2026-12-11,49.0119,15.0119
"Jemnice, Na Předliskách",Vysočina,STRONG 3000/3f - 10min,2027-04-16,2027-04-16,49.0705,15.0705
"Jeseník, Albert",Olomoucký,PS 20 000/3F -15 min + R-SOZ,2024-09-20,2024-09-20,49.0269,15.0269
"Jičín, Dvořákova 618, BD",,"ASTIP PS Liftback 7,5 kVA/3F -15 minut",2026-10-30,2026-10-30,49.023,15.023
"Karlovy Vary, Kostelní 10",Karlovarský,PS 7500/3f - 10 min.,2022-08-05,2022-08-05,49.0259,15.0259
"Karlovy Vary, Ladislava Koubka 1052",Karlovarský,ASTIP PS 3 000/3F - 60 minut,2027-01-14,2027-01-14,49.0223,15.0223
"Karviná, park B. Smetany 1765, okresní soud",Moravskoslezský,STRONG 5000/3f - 45 minut,2026-09-09,2026-09-09,49.0272,15.0272
"Kařez 98, BD",Plzeňský,ASTIP STRONG 7500VA/3F-30 minut,2027-01-27,2027-01-27,49.0462,15.0462
"Kladno, Jaroslava Holečka 3306, 3307, 3308, 3309",Středočeský,"4 x ASTIP PS 7 500/3F -30 minut, RPO",2026-02-20,2026-01-28,49.0246,15.0246
"Klášterec nad Ohří,Průmyslová 2,Průmyslová 23, Toyoda Gosei Czech",Pardubický,3 záložní zdroje,2026-09-11,2025-05-06,49.0687,15.0687
"Klíčava, Zbečno 146, úpravna vody",Středočeský,NENÍ PBZ - ASTIP STRONG 1500/3F -30 minut,2021-03-02,2021-03-02,49.0968,15.0968
"Klobouky u Brna, Císařova 394/27, diakonie",Jihomoravský,ASTIP STRONG 5kVA/3kVA/3F -30 min.,2026-03-06,2026-03-06,49.0316,15.0316
"Kolín, Tyršova 976",Středočeský,  PS 30 kVA/3f-45 minut,2020-04-02,2020-04-02,49.0535,15.0535
"Kuks, Hospitál Kuks",Královehradecký,  PS 10/3kVA/3f-45 minut,2027-01-29,2027-01-29,49.0898,15.0898
"Kutná Hora, U Lorce, BD",Středočeský,"ASTIP PS 11kVA/7,5kVA/3F -45 minut",2026-09-04,2026-09-04,49.0487,15.0487
"Kvasiny, Průmyslová Solnice",Královehradecký,R - SOZ ,2022-01-21,2022-01-21,49.0325,15.0325
"Kvilda, SVJ Maxmilián",Jihočeský,"Strong 4000/3f, 45 min",2026-09-11,2026-09-11,49.0085,15.0085
"Lelekovice, Chmelníky",Jihomoravský,  PS 1500/1f-35 minut,2026-05-13,2026-05-13,49.0959,15.0959
"Lelekovice, Hlavní 341/102 vchod A",Jihomoravský,ASTIP STRONG 15kVA/2kVA/3F -30 minut + RPO,2026-09-17,2026-09-17,49.0811,15.0811
"Lelekovice, Hlavní 341/102 vchod B",Jihomoravský,ASTIP STRONG 20kVA/2kVA/3F -30 minut + RPO,2026-09-17,2026-09-17,49.0532,15.0532
"Letohrad, Šedivská, Siemens-OEZ",Pardubický,PS 75 kVA/3F -30 minut,2026-06-13,2026-06-13,49.0006,15.0006
"Liberec, Nad Sokolovnou 616, Česká 617",Liberecký,"Nad Sokolovnou 616 - PS 15 kVA/3F , Česká 617 - PS 15 kVA/3F",2026-06-10,2026-06-10,49.0957,15.0957
"Liberec, Riegrova",Liberecký,ASTIP STRONG 1 000/3F - 15 minut,2021-11-19,2021-11-19,49.0227,15.0227
"Liberec, Techniků, Sigmaplast",Liberecký,ASTIP R-ZOTK ,2021-11-19,2021-11-19,49.0899,15.0899
"Lipno nad Vltavou 331, Korzo Lipno",Jihočeský,ASTIP STRONG 144/50kVA/3F-30 minut,2027-03-24,2027-03-24,49.0271,15.0271
"Lojovice, ATS",Středočeský,"ASTIP STRONG 7 500VA/3F -60 min, LIFEPO",2024-11-07,2024-11-07,49.0944,15.0944
"Luhačovice, A. Slavíčka 231, parkovací dům",Zlínský,ASTIP STRONG 2000VA/1F -60 minut,2027-04-20,2027-04-20,49.0226,15.0226
"Luhačovice, Betty Smetanové 1109",Zlínský,PS 3000/3f - 10 min.,2024-11-08,2024-11-08,49.0371,15.0371
"Luhačovice, Zatloukalova 1144",Zlínský,"ASTIP STRONG 62kVA/7,5kVA/3F -45 minut",2026-08-14,2026-08-14,49.062,15.062
"Lysá nad Labem, Slunéčková 1982,1984",Středočeský,"STRONG 1,5kVA + STRONG 4kVA",2026-05-19,2026-05-19,49.0837,15.0837
"Lysá nad Labem, Tři chaloupky, vodní elektrárna",Středočeský,ASTIP STRONG 1000VA/3F,2023-02-22,2023-02-22,49.0454,15.0454
"Lysá nad Labem, Zahradní 1986",Středočeský,STRONG 1500/3F -15 min.,2026-05-19,2026-05-19,49.0188,15.0188
"Merklín, Pstruží 19, ubytovací areál",Plzeňský,ASTIP STRONG 2 000VA/1F,2026-04-15,2026-04-15,49.0524,15.0524
"Měšice, Q Park",Středočeský,PS 7500/3f-45 minut,2023-02-01,2023-02-01,49.0168,15.0168
"Milovice, Armádní 539",Středočeský,STRONG 5000VA/3F -10 minut,2025-06-25,2025-06-25,49.0738,15.0738
"Milovice, Armádní 882,883",Středočeský,2x STRONG 1500/3f 35minut,2027-02-26,2027-02-26,49.0123,15.0123
"Milovice, Armádní 892",Středočeský,STRONG 2000VA/3F-35 minut,2026-05-19,2026-05-19,49.0927,15.0927
"Milovice, Armádní 893, 894",Středočeský,2 x STRONG 2000/3F-35 minut,2025-08-22,2025-08-22,49.0416,15.0416
"Milovice, Armádní 885",Středočeský,ASTIP STRONG 1500VA/3F -35 minut,2026-05-19,2026-05-19,49.0779,15.0779
"Milovice, Armádní 895, BD",Středočeský,ASTIP STRONG 1500VA/3F -35 minut,2027-02-10,2027-02-10,49.0907,15.0907
"Milovice, Armádní 896, BD",Středočeský,ASTIP STRONG 1500VA/3F -35 minut,2026-08-12,2026-08-12,49.0904,15.0904
"Mohelnice, Siemens, Innomotics",Olomoucký,SCHRACK STRONG 1 000VA/1F -15 minut,2027-01-12,2027-01-12,49.0279,15.0279
"Mochov, U Mrazíren 397, hala Katring",,"ASTIP STRONG 30kVA/7,5kVA/3F-60 minut/IP65",2027-03-26,2027-03-26,49.0793,15.0793
"Moravany u Brna, Modřická 71, SYMA",Jihomoravský,ASTIP STRONG 1000/1F-20 minut,2027-01-29,2027-01-29,49.0899,15.0899
"Mutěnice, Na Ovčírnách 1274",Jihomoravský,2 x STRONG 1 000/1F -20 minut,2026-11-02,2026-11-02,49.0493,15.0493
"Mýto u Rokycan, Plzeňská 600",Plzeňský,PBZ 7500/3f 30min.,2020-04-01,2020-04-01,49.0789,15.0789
"Neslovice, Lesní 368, BD",Jihomoravský,ASTIP STRONG 1 000VA/3F/10 minut + RPO,2025-12-12,2025-12-12,49.0735,15.0735
"Nupaky, Komerční, Inter Cars",Praha,R- SOZ,2022-02-25,2022-02-25,49.0021,15.0021
"Nupaky, Komerční 528, Auto OPAT",Praha,"ASTIP STRONG 78kVA/7,5kVA/3F-10,30 minut",2026-11-13,2026-11-13,49.0623,15.0623
"Odry, Vítkovická 391/29, Semperflex Optimit",Moravskoslezský,ASTIP PS 20kVA/3F/7 minut/IP65,2027-01-06,2027-01-06,49.0791,15.0791
"Olomouc, A. Rašína 345_2, BD",Olomoucký,ASTIP STRONG 62/20kVA/3F -60 minut,2026-12-11,2026-12-11,49.0563,15.0563
"Olomouc,  IP Pavlova",Olomoucký, PS 15kVA/3F -60 minut,2025-09-05,2025-09-05,49.0236,15.0236
"Olomouc, Čadova 3a, b, c",Olomoucký,ASTIP STRONG 1000 + 1500 +1000,2023-06-15,2023-06-15,49.0895,15.0895
"Olomouc, Čajkovského 18a",Olomoucký,ASTIP STRONG 1000/1f-45 minut,2020-07-29,2020-07-29,49.034,15.034
"Olomouc, Čajkovského 20",Olomoucký,ASTIP STRONG 1500/1f-15 minut,2022-09-02,2022-09-02,49.0061,15.0061
"Olomouc, Dobrovského, Delta servis, Herbárium",Olomoucký,PS 10 kVA/3f -45 minut,2024-04-15,2024-04-15,49.095,15.095
"Olomouc, Eduarda Hamburgera 3, 5",Olomoucký,2 x ASTIP STRONG 2000/3F -15 minut + STRONG 350 ve 5+3,2027-04-15,2027-04-15,49.0808,15.0808
"Olomouc, Eduarda Hamburgera 9, 11",Olomoucký,ASTIP STRONG 1500/3F -15 minut + 3000/3F-15 minut,2026-10-15,2026-07-07,49.0057,15.0057
"Olomouc, Loudova 7 + 11, 15",Olomoucký,2 x ASTIP STRONG 30kVA/5kVA/3F-15 minut,2027-03-24,2027-03-24,49.0305,15.0305
"Olomouc, Tř. J. Pelikána 5,7,9,11,13",Olomoucký,5 x ELSTON 500VA/1F -15 minut,2026-10-09,2026-07-07,49.0146,15.0146
"Olomouc, Rokycanova 795,1H,1G_796,1F, 802, 808, 809",Olomoucký,"795 -PS 2200/1f, 35 min, 796 -PS 2200/1f, 35 min,796 -1g - PS 2200/1f, 35 min",2023-09-02,2023-09-02,49.051,15.051
"Olomouc, Schweizerova 798_99",Olomoucký,  PS 5000/3f-45 minut,2025-02-04,2025-02-04,49.0141,15.0141
"Olomouc, U letiště 32, AC Baluo",Olomoucký,  PS 4000/3f-20 minut,2026-04-04,2026-04-04,49.0036,15.0036
"Olomouc, Wolkerova, Flora",Olomoucký,"40kVA/3F,6000/3f-35 minut",2026-09-16,2026-09-16,49.0454,15.0454
"Opatovice nad Labem, SIKO koupelny",Pardubický,ASTIP STRONG 1 500VA/1F -30 min. ,2025-03-08,2025-03-08,49.01,15.01
"Opava, Bezručovo nám., slezská univerzita",Moravskoslezský,ASTIP PS 2000/3f-30 minut,2026-09-23,2026-09-23,49.0248,15.0248
"Opava, Císařského pluku 3078/1",Moravskoslezský,"ASTIP STRONG 133kVA/30kVA/3F - 30,45 minut + RPO",2026-08-12,2026-08-12,49.0908,15.0908
"Opava, Kasárenská 8",Moravskoslezský,ASTIP STRONG 2000/3f-45 min,2026-10-09,2026-10-09,49.028,15.028
"Opava, Nákladní 2",Moravskoslezský,Schrack PBZ 5000/3f-30 minut,2026-05-22,2026-05-22,49.0206,15.0206
"Opava, Purkyňova 12, foliovník",Moravskoslezský,ASTIP PS 6000VA/3F-8 hodin,2024-06-26,2024-06-26,49.0841,15.0841
"Opava, Suché Lazce, Přerovecká304/2a,RKL",Moravskoslezský,R - ZOTK 2x,2022-11-10,2022-11-10,49.0247,15.0247
"Ostrava, Hornopolní 34, Global electric, ORCHARD",Moravskoslezský,PS 30kVA/3F-45minut,2027-03-05,2027-03-05,49.0683,15.0683
"Ostrava, Reální 5, filozofická fakulta",Moravskoslezský,ASTIP PS LIFTBACK 30kVA/15kVA/3F -45 minut,2026-11-04,2026-11-04,49.0562,15.0562
"Ostrava, Závodní 86, Ridera",Moravskoslezský,PBZ 3kVA/1F -10 minut,2026-11-27,2026-11-27,49.0115,15.0115
"Otrokovice, Barum,Objízdná 1628",Zlínský,"ASTIP R – SOZ, Výrobní číslo: 17011901",2022-05-26,2022-05-26,49.0912,15.0912
"Otrokovice, Moravní",Zlínský,"R-SOZ 1 - 4, R-SOZ 5 - 8",2021-03-24,2021-03-24,49.0366,15.0366
"Pardubice, Dašická, Sportovní hala",Pardubický,PS 20kVA/3f 30min.,2024-04-22,2024-04-22,49.0796,15.0796
"Pardubice, Husova 1951, v-podlahy",Pardubický,STRONG 1000/1f 30M,2026-04-29,2026-04-29,49.0239,15.0239
"Pardubice, Na Drážce 1568",Pardubický,  PS 10kVA/3f-45 minut,2026-10-02,2026-10-02,49.0103,15.0103
"Pardubice, Na Spravedlnosti 2919, BD Babylon",Pardubický,ASTIP PS 30kVA/3F -60 minut,2026-09-12,2026-09-12,49.085,15.085
"Pardubice, Nádražní 641, BD",Pardubický,STRONG 3000VA/3F -10 minut,2026-05-29,2026-05-29,49.0628,15.0628
"Pardubice, Pod Vinici 2846 +2848 , Zelené Předměstí",Pardubický,"PS 75 000/3f, STRONG 4kVA/3F -60 minut",2027-02-24,2025-08-28,49.0955,15.0955
"Pardubice, U sportovní školy 369, BD",Pardubický,ASTIP STRONG 2000VA/3F -45 minut,2025-10-31,2025-10-31,49.088,15.088
"Pardubice, Ohrazenice, U sportovní školy 374,375,376, BD",Pardubický,"2 x STRONG 7,5kVA + 4 kVA",2026-11-11,2026-11-11,49.0937,15.0937
"Partizánske, Nitrianska 503/60, Novesta, SK",Slovensko,ASTIP PS 20 kVA/3F -90 minut,2025-12-12,2025-12-12,49.0523,15.0523
"Pec pod Sněžkou č.p. 217, Lidická bouda",Královehradecký,ASTIP STRONG 13kVA/3kVA/1F-15 minut,2026-07-08,2026-07-08,49.0411,15.0411
"Pec pod Sněžkou, Velká Úpa 360, BD",Královehradecký,"ASTIP STRONG 6,7kVA/1,5kVA/1F-15 minut ",2026-02-12,2026-02-12,49.0703,15.0703
"Pelhřimov, Habrová 2523 + 2524, BD",Vysočina,2 x STRONG 1 000/1F -30 minut,2027-04-01,2026-03-20,49.0913,15.0913
"Pelhřimov, Habrová 2525, 2526, BD",Vysočina,2 x STRONG 1 000/1F -30 minut,2026-12-09,2026-12-09,49.0252,15.0252
"Pelhřimov, Matějkova, FIA ",Vysočina,  PS 4000/3f-30 minut,2026-04-01,2026-04-01,49.0002,15.0002
"Písek, Nádražní 2725, LIDL",Jihočeský,ASTIP PS LIFTBACK 30kVA/15kVA/3F -45 minut,2026-04-11,2026-04-11,49.0929,15.0929
Planá nad Lužnicí,Jihočeský,"  PS 900/3f,240/1f-15 minut",2020-06-25,2020-06-25,49.095,15.095
"Plesná, Spojovací 80, KODUS, okres Cheb",Karlovarský,ASTIP STRONG Liftback 46kVA/15kVA/3F -45 minut,2024-11-01,2024-11-01,49.0987,15.0987
"Plzeň, Americká, ČSOB",Plzeňský,PS 10 000/3f-60 min,2026-12-11,2026-12-11,49.0288,15.0288
"Plzeň, Hradišťská 2a, BD",Plzeňský,"STRONG 6,6kVA/1kVA/1F -45 minut",2026-10-07,2026-10-07,49.099,15.099
"Plzeň, Hrachová 943/6 -objekt E",Plzeňský,ASTIP STRONG 17/2kVA/3F-10 minut,2026-12-16,2026-12-16,49.0548,15.0548
"Plzeň, Hrachová 942/4 objekt F",Plzeňský,ASTIP STRONG 17/2kVA/3F-10 minut,2026-12-16,2026-12-16,49.0673,15.0673
"Plzeň, Inženýrská 2,4,6 -BD Zelený trojůhelník",Plzeňský,"2 x STRONG 5kVA + 1 x 7,5kVA",2027-01-08,2027-01-08,49.0983,15.0983
"Plzeň, Jablonského 22",Plzeňský,ASTIP PS 5 000/3F -30 minut,2024-09-22,2024-09-22,49.03,15.03
"Plzeň, Jablonského 37",Plzeňský,PS 15kVA/3f-30 min,2025-01-23,2025-01-23,49.0864,15.0864
"Plzeň, Koterovská 85 A,B,C",Plzeňský,STRONG 4000/3f ,2025-03-06,2025-03-06,49.0875,15.0875
"Plzeň, Magisterská  4, 6",Plzeňský,2 x 40kVA/3F-60minut,2027-01-08,2027-01-08,49.0143,15.0143
"Plzeň, Magisterská 2, 8, 10",Plzeňský,"2 x 40kVA/3F-60minut, 1 x 4kVA",2026-12-02,2026-12-02,49.0609,15.0609
"Plzeň, Nemocniční 6 a Stehlíkova 5,7,9",Plzeňský,200 kVA/3f - 60min,2024-08-06,2024-08-06,49.0563,15.0563
"Plzeň, Otýlie Beníškové 16,18",Plzeňský,ASTIP STRONG 10kVA/3F -45 minut,2027-01-21,2027-01-21,49.0832,15.0832
"Plzeň, Pallova 18, 20, 22, 24",Plzeňský,"STRONG 2,4, a 2x 5kVA",2025-02-02,2025-02-02,49.0247,15.0247
"Plzeň, Pallova 26, Mlýnská strouha - vedle hotelu Avenue",Plzeňský,ASTIP STRONG 5000/3F -10 minut,2025-09-05,2025-09-05,49.0801,15.0801
"Plzeň, Poděbradova 8, BD",Plzeňský,ASTIP STRONG 10kVA/3F-15 minut,2026-10-16,2026-10-16,49.0801,15.0801
"Plzeň, Poděbradova 17",Plzeňský,ASTIP PS 40/15kVA/3f-60 minut,2026-10-07,2026-10-07,49.0278,15.0278
"Plzeň, Rybářská 26, BD",Plzeňský,ASTIP STRONG 5 000VA/3F-10 minut,2027-01-27,2027-01-27,49.0627,15.0627
"Plzeň, Řenče - sportovní hala",Plzeňský,ASTIP STRONG 1 kVA/3F -30 minut,2024-11-21,2024-11-21,49.0957,15.0957
"Plzeň, Sladová 7",Plzeňský,ASTIP PS 3000/3F-10 minut,2026-06-03,2026-06-03,49.0642,15.0642
"Plzeň, Studentská 2320_59",Plzeňský,STRONG 1 000VA/1F -15 minut,2027-01-27,2027-01-27,49.0564,15.0564
"Plzeň, Borská 2694, Škoda Plzeň, Bammer",Plzeňský,21 zdrojů = Moc chození,2026-09-24,2026-05-27,49.0361,15.0361
"Plzeň, Technická 5, 7, 9",Plzeňský,3x záložní zdroj,2027-01-08,2027-01-08,49.089,15.089
"Plzeň, Truhlářská 12, BD",Plzeňský,"ASTIP STRONG 60kVA/7,5kVA/3F -10 minut",2025-09-05,2025-09-05,49.0217,15.0217
"Plzeň, Univerzitní, Lidl Skvrňany",Plzeňský,RPO,2024-09-20,2024-09-20,49.0767,15.0767
"Plzeň, V Hliníku 1318/12, dětský svět Lvíček",Plzeňský,  PS 3kVA/1f-30 minut,2024-11-20,2024-11-20,49.0639,15.0639
"Poděbrady, Za nádražím 58, BD",,ASTIP STRONG 10kVA/3F -45 minut,2026-11-11,2026-11-11,49.0181,15.0181
"Polkovice 198, Farpol s.r.o",Olomoucký,STRONG 1500/1F -30 min.,2027-03-10,2027-03-10,49.0964,15.0964
"Pomezí nad Ohří 55 , Casino",,"ASTIP STRONG 30/10kVA/3F-30,45 minut",2027-04-15,2027-04-15,49.0224,15.0224
"Brno, U Červeného mlýna 616-14, PONAVIA REZIDENCE II",Jihomoravský,STRONG 30kVA/3F - 45 minut,2027-03-26,2027-03-26,49.0371,15.0371
"Poprad, Slovenského odboja, Karpatská rezidence",Slovensko,ASTIP STRONG LIFTBACK 100kVA/3F -45 minut,2027-03-20,2027-03-20,49.0435,15.0435
"Poříčí nad Sázavou, parc. č. 190-71, hala H1 + H2",,ASTIP STRONG 1500VA + 2000VA,2027-04-08,2027-04-08,49.0682,15.0682
"Praha 10, BD u Hranic",Praha,PS LiftBack 75 kVA/3F -60 minut,2023-03-29,2023-03-29,49.0375,15.0375
"Praha 10, Ramonova 3466, BD Hagibor",Praha,ASTIP STRONG 150kVA/3F -60 minut,2027-04-09,2027-04-09,49.0386,15.0386
"Praha, Akáciová 2, BD",Praha,ASTIP STRONG 2000VA/1F-45 minut,2026-06-25,2026-06-25,49.0286,15.0286
"Praha, Anny Čížkové, BD",Praha,ASTIP STRONG 10kVA/3kVA/3F -10 minut,2026-04-14,2026-04-14,49.0641,15.0641
"Praha, Baarové 1, Kaskády Barrandov",Praha,ASTIP STRONG 104kVA/10kVA/3F -45 minut,2026-12-10,2026-12-10,49.0113,15.0113
"Praha, V Podhájí 20, BD Braník residences",Praha,ASTP STRONG 10kVA/3F -45 minut,2026-02-26,2026-02-26,49.0338,15.0338
"Praha, Mužíkova 1759, Závišova 1760, rezidence Nuselský pivovar",Praha,2 x ASTIP STRONG 30kVA/3F-45 minut,2026-07-03,2026-07-03,49.0743,15.0743
"Praha, Bolevecká 474",Praha,ASTIP PS 15kVA/3F -45 minut,2027-02-26,2027-02-26,49.0018,15.0018
"Praha, Čakovická 40-42, BD",Praha,ASTIP STRONG 75/15kVA/3F-45 minut,2026-07-17,2026-07-17,49.0803,15.0803
"Praha, Českobrodská 1174, Pragolaktos",Praha,ASTIP PS 7500/3f - 15min,2027-02-05,2027-02-05,49.0044,15.0044
"Praha, Českobrodská 942, BD",Praha,"ASTIP STRONG 7500VA/1F-15, 60 minut",2027-03-05,2027-03-05,49.0152,15.0152
"Praha, Čimická 143, BD",Praha,ASTIP STRONG 3000VA/3F-15 minut,2027-01-22,2027-01-22,49.0863,15.0863
"Praha, Dalimilova 7, BD",Praha,ASTIP STRONG 1000/1F -10 minut,2026-11-18,2026-11-18,49.0846,15.0846
"Praha, Poděbradská 1189/62 -Tesla Hloubětín",Praha,ASTIP STRONG Liftback 60/40kVA/3F-45 minut,2026-09-09,2026-09-09,49.0698,15.0698
"Praha, Domalípova 1189/01 B - Tesla Hloubětín",Praha,ASTIP STRONG 60/50kVA/3F -45 minut,2026-09-09,2026-09-09,49.0757,15.0757
"Praha, Domalípova 1189/01 - Tesla Hloubětín",Praha,ASTIP STRONG Liftback 125kVA/3F -60 minut,2026-09-09,2026-09-09,49.061,15.061
"Praha, Donská 12, BD",Praha,ASTIP STRONG 3kVA/3F-45 minut + STRONG 120/1F,2025-07-25,2025-07-25,49.04,15.04
"Praha, Dopraváků 749/3, Stiebel Eltron",Praha,ASTIP STRONG 3kVA/3F-30 minut,2026-09-09,2026-09-09,49.0511,15.0511
"Praha, Drahobejlova 13",Praha,PS 10kVA/3F-10minut + STRONG 5kVA/1F - 15 minut,2022-06-24,2022-06-24,49.0865,15.0865
"Praha, Drnovská, BD",Praha,ASTIP STRONG 4000VA/1F- 45 minut,2027-01-22,2027-01-22,49.0212,15.0212
"Praha, Ferrariho 3083, BD",Praha,ASTIP STRONG 30kVA/15kVA/3F-45minut,2026-12-10,2026-12-10,49.0777,15.0777
"Praha, Ferrariho 3091, BD",Praha,ASTIP STRONG 30kVA/15kVA/3F-45minut,2026-12-10,2026-12-10,49.0524,15.0524
"Praha, Fikerova 1",Praha,  PS 40kVA/3f-45 minut,2026-09-18,2026-09-18,49.0497,15.0497
"Praha, Formanská 674, 675",Praha,2 x ASTIP STRONG 1500/1f -15 minut,2027-02-19,2027-02-19,49.0789,15.0789
"Praha, Františka Křížka 505-38",Praha,ASTIP STRONG 2kVA/3F -15 minut,2025-09-23,2025-09-23,49.0058,15.0058
"Praha, Gabčíkova",Praha,PS 4000/3f - 15min.,2026-06-24,2026-06-24,49.0768,15.0768
"Praha, Gollové 1, Kaskády Barrandov, Uldrich",Praha,"ASTIP STRONG 80kVA/7,5kVA/3F-45 minut",2027-03-03,2027-03-03,49.03,15.03
"Praha, Hadovitá BD",Praha,"PS 60 000/3F -30, 45, 60 minut",2026-11-06,2026-11-06,49.0555,15.0555
"Praha, Hevlínská",Praha,3 kusy záložních zdrojů,2025-03-13,2025-03-13,49.0343,15.0343
"Praha, Hloubětín 837-2, BD, Kbelská 1152",Praha,ASTIP STRONG 2000/3f-15 min,2026-03-20,2026-03-20,49.0205,15.0205
"Praha, Hlučkova 812 + 813",Praha,"812 - PS 15kVA/3F-45minut, PS 150/1F-24 hodin , 813 - PS 7500/3F-15minut, PS 150/1F-24 hodin",2027-01-28,2025-11-06,49.0263,15.0263
"Praha, Honzíkova 711/19, BD",Praha,ASTIP STRONG 140/20kVA/3F -45 minut,2026-10-26,2026-10-26,49.089,15.089
"Praha, Šífařská 577_ 26, BD Hodkovičky",Praha,PS 15kVA/3F-60 minut,2027-03-12,2027-03-12,49.0342,15.0342
"Praha, Holečkova 13, hotel",Praha,ASTIP STRONG 47kVA/20kVA/3F-45 minut,2025-05-24,2025-05-24,49.0913,15.0913
"Praha, Hornoměcholupská 663",Praha,  PS 15kVA/3f-10A/60C,2024-10-10,2024-10-10,49.0448,15.0448
"Praha, Hornoměcholupská 693",Praha,  LiftBack 50kVA/3f-50 minut,2025-08-22,2025-08-22,49.0789,15.0789
"Praha, Horolezecká 1a",Praha,STRONG 75 kVA/3F -45 minut + RPO,2026-04-14,2026-04-14,49.0749,15.0749
"Praha, Horoměřice, Velvarská 1101, 8-9, BD",Praha,2 x STRONG 5 kVA/3F -30 minut,2027-01-22,2027-01-22,49.0399,15.0399
"Praha, Horoměřice, Žižkova + Karla IV, 6 x zdroj",Praha,6 x STRONG 3kVA/1kVA/1f -15 minut,2026-08-12,2025-10-23,49.0769,15.0769
"Praha, Hradešínská 52, BD",Praha,ASTIP STRONG 15 000/3f - 60 min,2026-04-08,2026-04-08,49.0889,15.0889
"Praha, Chlumova 3, BD",Praha,ASTIP SRONG 3000VA/3F/45 min,2026-03-13,2026-03-13,49.0903,15.0903
"Praha, Choceradská 2, BD",Praha,STRONG 15 kVA + 5 kVA,2027-04-14,2027-04-14,49.0027,15.0027
"Praha, Chudenická 1062",Praha,  PS 2000/3f-45 minut,2026-10-14,2026-10-14,49.044,15.044
"Praha, Italská 8, BD",Praha,ASTIP STRONG 5kVA/3F-15 minut,2024-09-22,2024-09-22,49.009,15.009
"Praha, Janáčkovo nábřeží 39",Praha,  PS 7500/3f-45 minut,2027-02-19,2027-02-19,49.0124,15.0124
"Praha, Jeseniova 25, BD",Praha,STRONG 10 000/3F -10 minut,2026-10-14,2026-10-14,49.0413,15.0413
"Praha, Jeseniova 35, BD",Praha,STRONG 10 000/3F -10 minut,2027-03-24,2027-03-24,49.0516,15.0516
"Praha, K Vystrkovu 1a,b, c",Praha,2 x 5kVA/3F + 1 x 240/1f-15 minut,2027-02-19,2027-02-19,49.0647,15.0647
"Praha, K Vystrkovu 2",Praha,20 kVA/3f - 45min.,2022-01-13,2022-01-13,49.0501,15.0501
"Praha, Kardausova 705_6 - BD H6",Praha,ASTIP STRONG 20kVA/3F-45 minut,2026-06-04,2026-06-04,49.0646,15.0646
"Praha, Kardausova 706_14 - BD H7",Praha,ASTIP STRONG 20kVA/3F-45 minut,2026-06-04,2026-06-04,49.0775,15.0775
"Praha, Kadečkové",Praha,"2-PS 10kVA/3f-60 minut, 4-PS 150/1f-24 hodin, 8-PS 10kVA/3f-60 minut, 10 -PS 150/1f-24 hodin",2027-04-22,2025-12-11,49.09,15.09
"Praha, Karla Guta 1673, Uhříněves, BD",Praha,ASTIP STRONG 100kVA/15kVA/3F -45 minut,2026-12-10,2026-12-10,49.0693,15.0693
"Praha, Ke Kříži 1653-8 -VIVUS 4. etapa",Praha,PS 15kVA/3f -45 minut,2027-03-19,2027-03-19,49.0966,15.0966
"Praha, Ke Kříži 1672, VIVUS -5. etapa",Praha,ASTIP STRONG 98kVA/15kVA/3F -EI 45,2026-12-10,2026-12-10,49.0381,15.0381
"Praha, Ke Smíchovu 1278/32, BD Geminos",Praha,ASTIP PS 1kVA/1F -15 minut,2023-11-10,2023-11-10,49.0159,15.0159
"Praha, Klapálkova 3376_23 a 25, BD, Klapálkova III",Praha,"ASTIP STRONG 40/7,5kVA/3F-45 minut",2027-02-12,2027-02-12,49.0175,15.0175
"Praha, Klementova 2886, Západní město",Praha,ASTIP STRONG 30kVA/10kVA/3F -60 minut,2026-11-20,2026-11-20,49.0899,15.0899
"Praha, Klimenstská, FAMU",Praha,STRONG 20kVA/3f-45 minut,2026-04-24,2026-04-24,49.055,15.055
"Praha, Kmochova 14, Holečkova House",Praha,ASTIP STRONG 20kVA/3kVA/3F -45 minut,2026-09-23,2026-09-23,49.0069,15.0069
"Praha, Kolbenova 1055, Kolben Park",Praha,"ASTIP STRONG 50kVA/3F -30,45,60 minut",2026-06-12,2026-06-12,49.0931,15.0931
"Praha, Konviktská 14, Cloister Inn",Praha,ASTIP PS 10kVA/3f-45 minut,2026-05-06,2026-05-06,49.08,15.08
"Praha, Kostelní, GENNET",Praha,PS 2000/1F- 30min.,2027-04-21,2027-04-21,49.0243,15.0243
"Praha, Koubkova 12",Praha,ASTIP STRONG 20kVA/3F -45 minut,2026-06-12,2026-06-12,49.0477,15.0477
"Praha, Kovářská 2537_5, BD",Praha,ASTIP STRONG 15kVA/3kVA/3F -45 minut,2026-04-22,2026-04-22,49.0163,15.0163
"Praha, Křivoklátská 885, BD",Praha,PS 40kVA/3f 45min.,2027-03-24,2027-03-24,49.0323,15.0323
"Praha, Čertův vršek 2533/5",Praha,ASTIP STRONG 22kVA/10kVA/3F-15 min,2026-11-06,2026-11-06,49.0765,15.0765
"Praha, Kurandové 1282_2,4,6,8,10,12,14",Praha,"ASTIP STRONG 40kVA/3F-10,30,45,60 minut",2027-01-29,2027-01-29,49.0002,15.0002
"Praha, Kurta Konráda 1",Praha,ASTIP STRONG 10 kVA/3F -45 minut,2026-10-01,2026-10-01,49.039,15.039
"Praha, Letiště Praha",Praha,STRONG 5 000/3F-4C/1H,2027-04-01,2027-04-01,49.07,15.07
"Praha, LIDL, ženské domovy",Praha,Astip PS 40 000/3F-30 minut,2027-02-12,2027-02-12,49.0969,15.0969
"Praha, Lihovarská 8, BD",Praha,ASTIP STRONG 2000VA/3F-10 minut,2024-07-09,2024-07-09,49.0856,15.0856
"Praha, Lihovarská 10, BD",Praha,ASTIP STRONG 3000VA/3F-10 minut,2024-07-09,2024-07-09,49.0237,15.0237
"Praha, Lysolajské údolí 444, OS Lysolaje",Praha,"ASTIP STRONG 35kVA/7,5kVA/3F -10 minut",2027-03-24,2027-03-24,49.0226,15.0226
"Praha, Madridská 24, BD",Praha,ASTIP STRONG 2000VA/1F-10 minut,2024-11-15,2024-11-15,49.0226,15.0226
"Praha, Makovského 1349/2a, OC Řepy",Praha,RPO ,2024-11-27,2024-11-27,49.0933,15.0933
"Praha, Na Poříčí, MB 48 - Opletal",Praha,ASTIP STRONG 150kVA/3F-dojezd,2026-08-19,2026-08-19,49.0523,15.0523
"Praha, Olgy Scheinpflugové 1280/1, Kaskády Barrandov",Praha,ASTIP STRONG 28kVA/5kVA/3F -45 minut,2026-07-22,2026-07-22,49.093,15.093
"Praha, Máslova 2, Dejvice",Praha,STRONG 15 000/3f -45 minut,2027-03-19,2027-03-19,49.0713,15.0713
"Praha, Menclova 2493, 2494, Smrčkova 2495",Praha,3x STRONG 20 000/3f,2026-03-06,2026-03-06,49.0286,15.0286
"Praha, Mezi vodami 2349/45",Praha,ASTIP PS 150kVA/3F-45 minut,2026-09-18,2026-09-18,49.0553,15.0553
"Praha, Miroslava Hajna 759/3",Praha,ASTIP PS 150/1F -24 hodin,2021-05-14,2021-05-14,49.0291,15.0291
"Praha, Modenská 697/6",Praha,"PS 20kVA/3F-45 minut, 12 kVA/3F-1H",2021-04-01,2021-04-01,49.0961,15.0961
"Praha, Modrého 1104/1",Praha,  PS 15kVA/3f-45 minut,2026-05-27,2026-05-27,49.0384,15.0384
"Praha, Mozartova 14",Praha,PS 20kVA/3F-45minut,2027-01-28,2027-01-28,49.051,15.051
"Praha, Musílkova 4",Praha,STRONG 2000/1F -30 minut,2026-04-29,2026-04-29,49.0678,15.0678
"Praha, Na Bělidle 23",Praha,ASTIP PS 50kVA/3f-45 minut,2025-05-15,2025-05-15,49.0357,15.0357
"Praha, Na Dolinách 24",Praha,PS 1500/3F -30 minut,2025-07-31,2025-01-31,49.0892,15.0892
"Praha, Na Korábě 3",Praha,PS 10kVA/3f-45 minut,2027-01-28,2027-01-28,49.0406,15.0406
"Praha, Na Křtině 631/1",Praha,ASTIP PS 30kVA/3F -30 minut + RPO,2025-10-24,2025-10-24,49.0753,15.0753
"Praha, Na Pomezí 24,26,28,30",Praha,4 x STRONG 3kVA/1F -10 minut,2026-05-15,2024-04-27,49.0547,15.0547
"Praha, Na Příkopě 23, 25, 27 - 100 YARDS",Praha,"ASTIP STRONG Liftback 75kVA/3F -15,45 minut",2026-05-15,2026-05-15,49.0435,15.0435
"Praha, Na Vackově -OS Vackov",Praha,A1 - ASTIP STRONG Liftback 100 kVA/3F-60 minut + RPO,2026-09-15,2026-09-15,49.0375,15.0375
"Praha, Nad Kazankou 19",Praha,ASTIP PS 3000/3f-15 minut,2026-08-25,2026-08-25,49.0237,15.0237
"Praha, Nad Kazankou 71/41",Praha,RPO + ASTIP STRONG 1000/1F-60 minut,2025-07-22,2023-11-16,49.0914,15.0914
"Praha, Nad Přehradou 765",Praha,ASTIP PS 5000/3f-45 minut,2026-10-07,2026-10-07,49.0635,15.0635
"Praha, Nádražní",Praha,  PS 1500/3f-45 minut,2024-06-20,2024-06-20,49.0969,15.0969
"Praha, Nádražní 2584-2, Zlatý Lihovar",Praha,ASTIP STRONG 150kVA/3F -45 minut,2026-05-15,2026-05-15,49.0605,15.0605
"Praha, Náchodská 2 458, V -podlahy",Praha,STRONG 20 000/3F -30 minut,2027-01-21,2027-01-21,49.0965,15.0965
"Praha, Čakovická 883_44 a 46, BD Krocínka B3 a B4",Praha,ASTIP STRONG 75/15kVA/3F-45 minut,2027-04-14,2027-04-14,49.0732,15.0732
"Praha, Nikolajka A, 3325",Praha,"Nikolajka A -3325 (ASTIP PS 20kVA/3f-45 minut,Astip PS 3000/1f-35 minut)",2026-12-17,2026-12-17,49.0752,15.0752
"Praha, Nikolajka B, 3326",Praha,"Nikolajka B -3326,  15kVA/3f-45 min,  PS 7 500/3F - 35 min",2026-12-17,2026-12-17,49.0493,15.0493
"Praha, Nová Kolonie 1450/2",Praha,STRONG 3000/3f - 30min.,2026-09-18,2026-09-18,49.0901,15.0901
"Praha, Novodvorská 10, BD",Praha,"ASTIP STRONG 75kVA/3F-9,45,60 minut",2023-10-06,2023-10-06,49.0693,15.0693
"Praha, Novodvorská a Zbudovská, ZELENÁ LIBUŠ",Praha,"ASTIP STRONG 30kVA/3F-3 min, ASTIP STRONG 10 kVA/3F-60 minut",2026-07-03,2026-07-03,49.0976,15.0976
"Praha, Novodvorská 153, ubytovna",Praha,2 x ASTIP PS 20kVA/3F-60 minut,2026-12-02,2026-12-02,49.0284,15.0284
"Praha, Nuselská",Praha,  PS 40kVA/3f-45 minut,2022-06-23,2022-06-23,49.0373,15.0373
"Praha, Odkolkova 1045/2 + 1046/1",Praha,"STRONG 10kVA/3F-45 min, 10kVA/3F-45 min.",2026-09-04,2026-02-26,49.0029,15.0029
"Praha, Olbrachtova",Praha,  PS 6000/3f-60 minut,2025-03-27,2025-03-27,49.0284,15.0284
"Praha, Oldřichovská 1 + Heřmanická 20",Praha,2 x ASTIP STRONG 3kVA/3F/15 minut,2027-03-12,2027-03-12,49.0799,15.0799
"Praha, Olgy Scheinpflugové 1284, BD",Praha,ASTIP STRONG Liftback 100kVA/3F -60 minut,2026-09-18,2026-09-18,49.0176,15.0176
"Praha, Olgy Scheinpflugové 4, Kaskády Barrandov, Uldrich",Praha,"ASTIP STRONG 80kVA/7,5kVA/3F-45 minut",2026-06-16,2026-06-16,49.0419,15.0419
"Praha, Ondrákové 2, Kaskády Barrandov Uldrich",Praha,"ASTIP STRONG 80kVA/7,5kVA/3F-45 minut",2027-03-03,2027-03-03,49.0898,15.0898
"Praha, Opletalova 40, Hotel Gold Bank",Praha,ASTIP STRONG 100kVA/3F-dojezd,2026-07-17,2026-07-17,49.0694,15.0694
"Praha, OS Hedlořezy -Mezilehlá 2,4,6",Praha,3 x 15kVA/3F + 1 x 8kVA/3F,2024-02-01,2024-02-01,49.0538,15.0538
"Praha, Ostromečská 5, BD",Praha,STRONG 10 000/3F -20 minut,2027-03-24,2027-03-24,49.0686,15.0686
"Praha, Oty Bubeníčka 1654-4, VIVUS 4. etapa",Praha,PS 15kVA/3f -45 minut,2026-03-19,2026-03-19,49.0348,15.0348
"Praha, Padovská 696-3,dům E,Horní Měcholupy",Praha,ASTIP PS 4 000/3F - 45 minut,2027-01-20,2027-01-20,49.0266,15.0266
"Praha, Padovská 747 -5 C",Praha,  PS 5000/3f-45 minut,2027-01-20,2027-01-20,49.0642,15.0642
"Praha, Padovská 749",Praha,ASTIP PS 5000/3f-45 minut,2027-01-20,2027-01-20,49.0996,15.0996
"Praha, Papírníkova (Kamýk)",Praha,6 x zdroj,2023-08-29,2023-08-29,49.0276,15.0276
"Praha, Penízovková 308, BD",Praha,ASTIP STRONG 2000/3F-10 minut,2026-06-24,2026-06-24,49.0723,15.0723
"Praha, Petržílkova 2835,Smart byty",Praha,  PS 100kVA/3f-30 minut,2026-11-13,2026-11-13,49.0112,15.0112
"Praha, Pitkovice, Pýchavkova 3,7,1",Praha,5x   PS 4000/3f-7 minut ,2026-10-01,2024-05-10,49.0809,15.0809
"Praha, Plickova 552/23, BD",Praha,ASTIP PS 4000/3f-60 minut,2025-07-10,2025-07-10,49.0735,15.0735
"Praha, Plzeňská 21, č.p. 3384, My Mozart",Praha,ASTIP STRONG 143kVA/30kVA/3F-60 minut,2026-07-17,2026-07-17,49.0393,15.0393
"Praha, Pobřežní 44, BD",Praha,ASTIP STRONG 28kVA/10kVA/3F -45 minut,2025-06-20,2025-06-20,49.006,15.006
"Praha, Pod Harfou",Praha,2x PS 7500/3f-45 minut,2025-03-13,2025-03-13,49.0641,15.0641
"Praha, Pod Kaštany 1106, 1107, Villa Bianca",Praha,  PS 2500/3f-20 minut,2027-03-12,2027-03-12,49.0941,15.0941
"Praha, Pod Plynojemem",Praha,"PS 800/1f,PS 25kVA/3f-45 minut",2026-07-17,2026-07-17,49.0028,15.0028
"Praha, Pod Stolovou Horou",Praha,2 x STRONG 7500/3f-45 minut,2023-06-22,2023-06-22,49.0148,15.0148
"Praha, Pod Školou 6, Mikrotechna Košíře",Praha,"ASTIP PS 30kVA/3F -30 minut, dojezd",2026-05-06,2026-05-06,49.0005,15.0005
"Praha, Pod Šmukýřkou 1319/19, 21",Praha,"2500VA/1f, 1500/1f, 10 min",2021-07-06,2021-07-06,49.0641,15.0641
"Praha, Pod Vilami 1193_11, BD, Nusle",Praha,ASTIP STRONG 19/2kVA/3F -30 minut,2026-12-02,2026-12-02,49.0279,15.0279
"Praha, Podbělohorská 10",Praha,ASTIP STRONG 2kVA/3F -15 minut,2022-07-01,2022-07-01,49.0123,15.0123
"Praha, Poděbradská 20, ubytovací zařízení",Praha,ASTIP STRONG 15kVA/3F-45 minut,2026-02-27,2026-02-27,49.0257,15.0257
"Praha, Pomořanská 486/7, BD",Praha,ASTIP STRONG 1 000/3F - 30 minut,2026-05-06,2026-05-06,49.0124,15.0124
"Praha, Primátorská 36, BD",Praha,ASTIP PS 3 000/3F - 45 minut,2025-09-17,2025-09-17,49.063,15.063
"Praha, Radlická 142, BD",Praha,"PS 15kVA/3f, 45 min",2027-01-29,2027-01-29,49.0377,15.0377
"Praha, Rorýsova 7, 1",Praha,"PS 20kVA3F -10 minut, ASTIP PS 75 kVA/3f 45 minut",2027-04-08,2027-04-08,49.0409,15.0409
"Praha, Rudná ZŠ",Praha,R-SOZ,2021-10-20,2021-10-20,49.0751,15.0751
"Praha, Římská 20, BD",Praha,ASTIP STRONG 35kVA/5kVA/3F - 30 minut,2024-11-15,2024-11-15,49.0346,15.0346
"Praha, Sámova 1574_12",Praha,"ASTIP STRONG 60 kVA/30kVA/3F - 30 minut, STRONG 20kVA/3F -45 minut",2025-12-02,2025-12-02,49.0381,15.0381
"Praha, Sazovická 507",Praha,PS 10 000/3f-45 min,2022-02-18,2022-02-18,49.0288,15.0288
"Praha, Sazovická 508",Praha,"PS 20kVA/3F-30 minut, STRONG 244/1F",2026-02-04,2026-02-04,49.0229,15.0229
"Praha, Sestupná 7, BD",Praha,STRONG 2000/3F-60 minut,2026-12-11,2026-12-11,49.0887,15.0887
"Praha, Sevastopolská 3, BD",Praha,ASTIP STRONG 4kVA/3F - 45 minut,2025-07-25,2025-07-25,49.0071,15.0071
"Praha, Sezemínská 5",Praha,  PS 15 000/3f-45 minut,2026-01-23,2026-01-23,49.0197,15.0197
"Praha, Soukalova, Čs exilu, U Dubu",Praha,3x záložní zdroj + C - 20kVA,2027-01-15,2027-01-15,49.0253,15.0253
"Praha, Starokošířská 13, BD",Praha,ASTIP STRONG 97/20kVA/3F-45 minut,2027-01-29,2027-01-29,49.0584,15.0584
"Praha, Stočesova 1196/10, BD Cecilie 2",Praha,ASTIP STRONG 4 000VA/1F -45 minut,2027-04-14,2027-04-14,49.0746,15.0746
"Praha, Stočesova 1195/7, BD Eva 2",Praha,ASTIP STRONG 4 000VA/1F -45 minut,2027-04-14,2027-04-14,49.076,15.076
"Praha, Spálená 16, BD",Praha,ASTIP STRONG 2000/3F-45 minut,2025-09-04,2025-09-04,49.0325,15.0325
"Praha, Staropramenná 17A , BD",Praha,ASTIP STRONG 7500VA/3F -45 minut,2027-02-19,2027-02-19,49.0858,15.0858
"Praha, Šaldova 7a",Praha,ASTIP STRONG Liftback 93/20kVA-3F -45 minut,2027-01-20,2027-01-20,49.0525,15.0525
"Praha, Štanderova 881/4",Praha,"PS 15 000/3f - 15, 30min.",2026-01-21,2026-01-21,49.0671,15.0671
"Praha, Štanderova 887",Praha,PS 15 000/3f - 30min + 1kVA,2024-12-19,2024-12-19,49.095,15.095
"Praha, Švédská 15",Praha,ASTIP R-SOZ,2022-06-16,2022-06-16,49.0718,15.0718
"Praha, Švehlova",Praha,"ASTIP PS 15kVA/3f-45 minut, PS 1500/3f-45 minut",2021-01-27,2021-01-27,49.0821,15.0821
"Praha, Švejcarovo náměstí 2694/4",Praha,ASTIP PS 20kVA/3f-45 minut,2023-10-19,2023-10-19,49.0825,15.0825
"Praha, Thomasova 229 -BD Západní město M",Praha,ASTIP STRONG 20kVA/3F-45 minut,2026-10-01,2026-10-01,49.0226,15.0226
"Praha, Thomasova 230 -BD Západní město L2",Praha,ASTIP STRONG 20kVA/3F-45 minut,2026-10-01,2026-10-01,49.0729,15.0729
"Praha, Thomasova 235 - BD Západní město N1",Praha,ASTIP STRONG 99kVA/15kVA/3F -45 minut,2026-12-10,2026-12-10,49.0444,15.0444
"Praha, Thomasova 235 - BD Západní město N2",Praha,ASTIP STRONG 99kVA/15kVA/3F -45 minut,2026-12-10,2026-12-10,49.0677,15.0677
"Praha, Thunovská 22, BD",Praha,Astip LiftBack 5kVA/3f -dojezd,2026-09-24,2026-09-24,49.055,15.055
"Praha, Toufarova C,D,H,I -3,5,6,8",Praha,4 x zdroj + 4 x S2 na zvonky,2027-04-08,2025-11-13,49.072,15.072
"Praha, Tůmova 1337/9",Praha,"STRONG 30kVA/7,5kVA-3F -30 minut",2024-02-01,2024-02-01,49.0411,15.0411
"Praha, U Hostivařského nádraží 1651, BD",Praha,ASTIP STRONG 74kVA/10kVA/3F -15 minut,2027-03-25,2027-03-25,49.0561,15.0561
"Praha, U Milosrdných 800/16 x Kozí",Praha,  PS 10kVA/3f-30 minut + 5kVA - ONLINE,2024-05-19,2022-06-24,49.095,15.095
"Praha, U mlýnského kanálu 16 -  BD - PORT KAROLINA B ",Praha,ASTIP STRONG 40kVA/3F-45 minut ,2026-01-22,2026-01-22,49.0887,15.0887
"Praha, Breitfeldova 704_1 BD - PORT KAROLINA C",Praha,ASTIP STRONG 20kVA/3F-45 minut,2027-04-22,2027-04-22,49.0908,15.0908
"Praha, U Slávie (EDEN)",Praha,PS 15kVA/3f - 30min.,2026-06-24,2026-06-24,49.0493,15.0493
"Praha, Učňovská (Strašněj MASAKR!!!)",Praha,4 x PS 2000/1f-45 minut,2026-10-01,2021-07-15,49.0462,15.0462
"Praha, Učňovská 396/5",Praha,STRONG 2000/1f-45 minut,2022-12-10,2022-12-10,49.054,15.054
"Praha, Uhříněves, Františka Diviše 20",Praha,PS 7500/3F-30 minut,2021-12-04,2021-12-04,49.0083,15.0083
"Praha, Uhříněves, Loosenická 1602_3, BD",Praha,ASTIP PS 7500VA/3F -30 minut,2026-11-18,2026-04-23,49.0612,15.0612
"Praha, Ústavní 91, PN Bohnice",Praha,ASTIP STRONG 7500VA/1F -30 minut,2026-01-16,2026-01-16,49.0855,15.0855
"Praha, V Háji 1",Praha,"PS 15kVA/3f-10 minut,                        ASTIP PS 75 000/3f – 45 min",2026-09-15,2026-09-15,49.0984,15.0984
"Praha, V Olšinách 3401_92,94,96, Aurora",Praha,"1x 7500/3f, 2x 4000/3f-45 minut",2026-04-09,2026-04-09,49.0967,15.0967
"Praha, V Zahrádkách 25",Praha,Astip PS 15 kVA/3f-45 minut,2026-10-14,2026-10-14,49.0413,15.0413
"Praha, Valentinská 1061/6, Staré Město",Praha,STRONG 5000/3f – 10 minut,2025-06-04,2025-06-04,49.0245,15.0245
"Praha, Veletržní 505/33, BD",Praha,ASTIP STRONG 2kVA/3F -15 minut,2025-09-23,2025-09-23,49.0756,15.0756
"Praha, VIVUS Uhřiněves Ke Kříži -1636, Oty Bubeníčka -1637, 1638, 1639",Praha,4 x záložní zdroj,2027-03-19,2026-04-01,49.056,15.056
"Praha, Vojenova, Palmovka",Praha,"STRONG 25kVA/1f-45 min- už tam není, STRONG 5000/3f-60 min",2022-11-15,2022-11-15,49.0018,15.0018
"Praha, Volkova",Praha,  PS 5000VA/3f-45 minut,2021-07-03,2021-07-03,49.0101,15.0101
"Praha, Vrchlického 28, BD Starokošířská avenue",Praha,ASTIP PS 90/30kVA/3F -45 minut,2027-01-28,2027-01-28,49.0204,15.0204
"Praha, Za Krejcárkem 1",Praha,ASTIP PS 3000/3f-60 minut,2026-10-14,2026-10-14,49.0255,15.0255
"Praha, Za Poříčskou bránou 19, BD",Praha,ASTIP PS 10kVA/3F -45 minut,2026-11-20,2026-11-20,49.055,15.055
"Praha, Zengerova vila",Praha,  PS 2kVA/3f-10 minut,2024-02-07,2024-02-07,49.0809,15.0809
"Praha, Zimova 10",Praha,ASTIP PS 10kVA/3F -45 minut,2026-11-04,2026-11-04,49.0066,15.0066
"Praha, Zlochova",Praha,ASTIP PS 15kVA/3f,2023-08-10,2023-08-10,49.0722,15.0722
"Praha, Zlochova 2230_1b",Praha,PS LiftBack 40 000/3f,2027-04-08,2027-04-08,49.0629,15.0629
"Praha, Zvěřinova 3452/1",Praha,ASTIP STRONG 100kVA/3F -45 minut,2025-07-07,2025-07-07,49.0953,15.0953
"Praha, Žalanského 1416, BD",Praha,ASTIP STRONG 1000/1f-15 minut,2023-12-08,2023-12-08,49.0326,15.0326
"Prostějov, Olomoucká 116",Olomoucký,PS 4000VA/3f-45 minut,2027-01-28,2027-01-28,49.0677,15.0677
"Prostějov, Průmyslová 20",Olomoucký,"Strong 4000/3f,1f - 10 min.",2026-10-24,2026-10-24,49.098,15.098
"Prostějov, Vodní 23+25, Cenrum zdraví",Olomoucký,ASTIP PS 4 000/3F - 20 minut,2027-04-20,2027-04-20,49.0994,15.0994
"Púchov, Námestie Slobody 1624_31, Slovensko",Slovensko,ASTIP PS Liftback 15kVA/3F-45 minut,2026-08-21,2026-08-21,49.0524,15.0524
"Rokycany, U Bílé haldy 1176, brusivo",Plzeňský,ASTIP STRONG 15kVA/3F-30 minut,2025-12-10,2025-12-10,49.049,15.049
"Rosice, Na Vyhlídce 1712, BD",Jihomoravský,ASTIP STRONG 27kVA/10kVA/3F-30minut,2027-02-09,2027-02-09,49.0447,15.0447
"Rosice, Na Vyhlídce 1700, BD",Jihomoravský,ASTIP STRONG 20kVA/3F-30 minut,2026-06-05,2026-06-05,49.0308,15.0308
"Rybnice, Kaznějov, BEST",Plzeňský,ASTIP STRONG 30kVA/3kVA/3F -60 minut,2025-07-03,2025-07-03,49.0449,15.0449
"Říčany u Prahy, 17. listopadu, BD",Středočeský,ASTIP STRONG 5kVA/1kVA/30 minut,2024-08-17,2024-08-17,49.011,15.011
"Sedlčany, sportovní komplex Vltavan",Středočeský,ASTIP STRONG 7500VA/3F -15 minut,2026-09-25,2026-09-25,49.0626,15.0626
"Sedlčany, Tyršova 1401, BD Mastnik",Středočeský,ASTIP STRONG 1 000VA/1F -10 minut,2024-10-06,2024-10-06,49.0848,15.0848
"Slaný, Lázeňská 2036, Slánský mlýn BD",Středočeský,"ASTIP STRONG 1000VA/1F-45,60 minut",2027-01-22,2027-01-22,49.0181,15.0181
"Slaný, Lázeňská 2037, Slánský mlýn BD",Středočeský,"ASTIP STRONG 1000VA/1F-45,60 minut",2026-09-09,2026-09-09,49.0095,15.0095
"Slatinice, LD Balnea",Olomoucký,  Astip PS 15 000/3f – dojezd +                     PS 20 000/3f-45 minut,2027-03-27,2027-03-27,49.0319,15.0319
"Slavkov u Brna, Slovanská 758, DESTILA",Jihomoravský,ASTIP STRONG 5kVA/3F-10 minut,2027-01-16,2027-01-16,49.0728,15.0728
"Sokolov, Soud v Sokolově",Karlovarský,  PS 7500/3f-45 minut,2027-02-17,2027-02-17,49.0444,15.0444
"Sokolovská Uhelná, Vintířov, Vřesová, SUAS zpracování odpadů",Karlovarský,PS 7500/3f-30 minut,2026-09-30,2026-09-30,49.0976,15.0976
"Stará Boleslav, Lázeňská 61",Středočeský,LiftBack 10kVA/3f-45 min,2025-07-03,2025-07-03,49.0077,15.0077
"Staré Město u Uh. Hradiště, Huštěnovská 2022, f. Ray Service a.s",Zlínský,STRONG 19kVA/2kVA/3F - 45 minut,2027-02-20,2027-02-20,49.0644,15.0644
"Strakonice, BD Na Ohradě 108",Jihočeský,ASTIP STRONG 10kVA/3F -30 minut,2023-01-20,2023-01-20,49.0755,15.0755
"Strážný, Strážný 115 - Free One Shop",Jihočeský,STRONG 2000/1F -30 minut,2025-07-08,2025-07-08,49.0622,15.0622
"Studnice 23, Studnice u Rokytna, BD",Jihomoravský,"ASTIP PS 
3 000VA/1F 30 minut,",2024-04-27,2024-04-27,49.0943,15.0943
"Šaľa, Admin. Budova 1236, centrum zdrav. starostlivosti",Slovensko,ASTIP PS 30kVA/3F -45 minut,2027-01-13,2027-01-13,49.0028,15.0028
"Šestajovice, p.k. Solvent",Středočeský,R-SOZ,2022-01-14,2022-01-14,49.0035,15.0035
"Šlapanice u Brna, Nádražní 9",Jihomoravský,PS 4000/3f - 30min.,2020-11-12,2020-11-12,49.0459,15.0459
"Šlapanice u Brna, Švehlova 80",Jihomoravský,ASTIP STRONG 2 Kva/3F-15 minut-Ei45,2025-05-16,2025-05-16,49.0354,15.0354
"Špindlerův Mlýn, Horní 348, BD",Královehradecký,"ASTIP STRONG 4 000VA/3F-45 minut + 75kVA/3F-15,45 minut",2027-02-16,2027-01-03,49.0914,15.0914
"Špindlerův Mlýn, Okružní",Královehradecký,  PS 3kVA/3f-10 minut,2027-02-16,2027-02-16,49.054,15.054
"Teplice, Krupka - Mercor",Ústecký,"R-SOZ 1-7, R-SOZ 8-13",2020-03-08,2020-03-08,49.085,15.085
"Teplice, nám. Svobody 3316, OC Teplice",Ústecký,Astip Ps Liftback 20kVA/3F-sjezd,2026-12-16,2026-12-16,49.0874,15.0874
"Topoľčany (SK), Hviezdoslavova 66, ZSS Moj Domov",Slovensko,2 x ASTIP PS 15kVA/3F -45 minut,2023-11-29,2023-11-29,49.0018,15.0018
"Topoľčany (SK), OC Benátky",Slovensko,ASTIP PS 4000/3f-30 minut + RPO,2026-09-18,2026-09-18,49.0667,15.0667
"Trenčín, Jaselská 2, veřejná knihovna",Slovensko,ASTIP PS Liftback 10 000/3F - 45 minut,2023-08-08,2023-08-08,49.0192,15.0192
"Třebíč, Karlovo nám. 31 , Měšťanský dům",Vysočina,ASTIP PS 10kVA/3f-20 minut,2026-09-09,2026-09-09,49.0021,15.0021
"Třebíč, Rafaelova 1115, TTS energo, teplárna",Vysočina,ASTIP STRONG 30kVA/3F-20 minut +750VA/1F-20 minut,2026-09-09,2026-09-09,49.0854,15.0854
"Třebíč, Kremláčkova 455",Vysočina,STRONG 2000/1f - 10min.,2025-05-29,2025-05-29,49.0192,15.0192
"Třebíč, Polanka 1103/8, BD",Vysočina,ASTIP STRONG 1000VA/1F -10 minut,2027-03-04,2027-03-04,49.0633,15.0633
"Trnava, Včelárska 2",Slovensko,ASTIP STRONG 147kVA/30kVA/3F-60 minut,2027-01-13,2027-01-13,49.0072,15.0072
"Trmava, Včelárska 9-16",Slovensko,ASTIP STRONG 120kVA/30kVA/3F-60 minut,2027-03-17,2027-03-17,49.0592,15.0592
"Turnov, Jana Palacha, zimní stadion",Liberecký,PS 10kVA/3f-15 minut,2023-12-07,2023-12-07,49.0651,15.0651
"Uherské Hradiště, Dukelských Hrdinů 1341, BD",Zlínský,ASTIP STRONG 1500/3F -10 minut,2023-02-21,2023-02-21,49.0502,15.0502
"Uherské Hradiště, Na Dědině 252, Vésky",Zlínský,ASTIP STRONG 2 000VA/3F -30 minut,2026-10-21,2026-10-21,49.0241,15.0241
"Uherský Brod, Masarykovo náměstí 136, městský úřad",Zlínský,ASTIP STRONG 500/1F-30 minut,2023-06-15,2023-06-15,49.0856,15.0856
"Uherský Brod, Vlčnovská 2512, sklad Ptáček",Zlínský,ASTIP STRONG 2 000VA/3F -30 minut,2026-06-25,2026-06-25,49.0891,15.0891
"Uherský Brod, U Mlýnů 2840, CTW bud. A",Zlínský,ASTIP STRONG 22kVA/3kVA/3F -45 min,2026-12-16,2026-12-16,49.02,15.02
"Uherský Brod, U Mlýnů 2841, CTW bud. B",Zlínský,ASTIP STRONG 22kVA/3kVA/3F -45 min,2026-12-16,2026-12-16,49.0765,15.0765
"Uherský Brod, Olšava 2843, CTW bud. D",Zlínský,ASTIP STRONG 22kVA/3kVA/3F -45 min,2026-12-16,2026-12-16,49.0026,15.0026
"Ustí N.L,Činoherní divadlo",Ústecký,  PS 7500/3f-45 minut,2021-01-14,2021-01-14,49.0359,15.0359
"Ústí nad Labem, K Pierburgu 1",Ústecký,ASTIP PS 7500/3f - 7 min,2027-03-18,2027-03-18,49.0901,15.0901
"Valašské Meziříčí, Vsetínská 454",Zlínský,PS 20kVA/3f-30 minut,2023-04-14,2023-04-14,49.076,15.076
"Vamberk, Smetanovo nábřeží 334, VASPO",Královehradecký,ASTIP STRONG 100kVA/15kVA/3F -60 minut,2025-11-26,2025-11-26,49.0309,15.0309
"Velké Meziříčí, Průmyslová 2047, JOPP",Vysočina,"PS 40000VA3f, OFF-line, 15 min.",2027-04-29,2027-04-29,49.0593,15.0593
"Velké Pavlovice, Za dvorem 14, BD",Jihomoravský,STRONG 2000VA/1F -15 minut,2025-11-18,2025-11-18,49.0406,15.0406
"Velké Popovice, U parku 695",Středočeský,STRONG 12kVA/3F -45 minut,2025-10-03,2025-10-03,49.0509,15.0509
"Velký Osek, U hřiště 844",Středočeský,STRONG 3000/3f,2026-02-10,2026-02-10,49.0859,15.0859
"Velký Osek, U hřiště 845",Středočeský,ASTIP STRONG 3000VA/3F,2024-05-30,2024-05-30,49.0658,15.0658
"Vrané nad Vltavou, U Elektrárny 817, BD Matyáš",Středočeský,PS 2000/3f-20 minut,2027-02-12,2027-02-12,49.0334,15.0334
"Vsetín, Smetanova nákupní galerie ",Zlínský,R - SOZ ,2022-11-10,2022-11-10,49.0431,15.0431
"Vysoké Mýto, Valcha 187, ApA Vamberk",Pardubický,STRONG 3000VA/3F -30 minut/EI30,2026-02-04,2026-02-04,49.0145,15.0145
"Zbiroh, Majerové 704, BD",Plzeňský,2 x STRONG 12kVA/2kVA/3F -45 minut,2027-03-19,2027-03-19,49.0921,15.0921
"Zbýšov u Brna, Masarykova 700, hasiči",Jihomoravský,ASTIP PS 15kVA/3F - 10 minut,2025-02-11,2025-02-11,49.0234,15.0234
"Zlín, Čepkovská 7263, BD",Zlínský,"ASTIP STRONG 50kVA/7,5kVA/3F -10 minut",2024-07-19,2024-07-19,49.0357,15.0357
"Zlín, Hřebíčkova 1320, BD",Zlínský,2 x STRONG 1000VA/3F-10 minut,2026-01-06,2026-01-06,49.07,15.07
"Zlín, Lešetín 1 -7207, BD",Zlínský,STRONG 4 000/3F - 10 minut + RPO,2026-04-29,2026-04-29,49.0828,15.0828
"Zlín, Prior",Zlínský,R-SOZ,2022-08-18,2022-08-18,49.0208,15.0208
"Zlín, Tř. Tomáše Bati 87",Zlínský,  PS 3000/3f-45 minut,2026-03-27,2026-03-27,49.0489,15.0489
"Zlín, Zálešná II -7229",Zlínský,ASTIP STRONG 3kVA/3F-60 minut,2026-05-19,2026-05-19,49.0513,15.0513
"Žatec, CTPark",Ústecký,STRONG 7 500VA/1F - 5 minut,2025-11-07,2025-11-07,49.0991,15.0991
"Žatec, průmyslová zona TRIANGEL, f GRAMMER",Ústecký,ASTIP STRONG 4 000VA/1F -5 minut,2027-03-19,2027-03-19,49.0248,15.0248
"Žďár nad Sázavou, Jamská 2678/83, hala",Vysočina,ASTIP STRONG 20kVA/2kVA/3F -30 min,2027-04-01,2027-04-01,49.0256,15.0256
