Klíč_adresy,Adresa_GPS,Poslední_kontrola,Příští_kontrola,Dní_do_kontroly,Stav_kontroly,Barva_bodu,Všechny_termíny,GPS_lat,GPS_lon,GPS_poznámka,Zdrojový_soubor,Zdrojový_řádek,Rok výroby,Serviska,Hlídáme sami termín,Hlavní kontakt,Kraj,Jaký zdroj,Umístění,DŮLEŽITÁ POZNÁMKA,Měsíc_1,Měsíc_2,Měsíc_3,Měsíc_4,Měsíc_5,Měsíc_6,Měsíc_7,Měsíc_8,Měsíc_9,Měsíc_10,Měsíc_11,Měsíc_12,Sloupec_21,Poznámky,Cena FZ,Faktura na,Protokol s fakturou na,Smlouva ano/ne,Sloupec_27,Sloupec_28,Sloupec_29,Sloupec_30,Sloupec_31,Sloupec_32,Sloupec_33,Sloupec_34,Sloupec_35,Sloupec_36,Sloupec_37,Sloupec_38,Sloupec_39,Sloupec_40,Sloupec_41,Sloupec_42,Sloupec_43,Sloupec_44,Sloupec_45,Sloupec_46,Sloupec_47,Sloupec_48,Sloupec_49,Sloupec_50,Sloupec_51,Sloupec_52,Sloupec_53,Sloupec_54,Sloupec_55,Sloupec_56,Sloupec_57,Sloupec_58,Sloupec_59,Sloupec_60,Sloupec_61,Sloupec_62,Sloupec_63,Sloupec_64,Sloupec_65,Sloupec_66,Sloupec_67,Sloupec_68,Sloupec_69,Sloupec_70,Sloupec_71,Sloupec_72,Sloupec_73,Sloupec_74,Sloupec_75,Sloupec_76,Sloupec_77,Sloupec_78,Sloupec_79,Sloupec_80,Sloupec_81,Sloupec_82,Sloupec_83,Sloupec_84,Sloupec_85,Sloupec_86,Sloupec_87,Sloupec_88,Sloupec_89,Sloupec_90,Sloupec_91,Sloupec_92,Sloupec_93,Sloupec_94,Počet_termínů,Kontakt,Umístění zdroje,Sloupec_8,Cena FZ v Kč,Protokol na
"adamov u brna, svitavská 3, bd, česká republika","Adamov u Brna, Svitavská 3, BD, Česká republika",,,,Bez termínu,šedá,,,,čeká na přesné geokódování,"Kalendář FZ - 12 měsíců, 2023.xlsx",3,2021,,,,Jihomoravský,ASTIP PS 100kVA/20kVA/3F - 45 minut,,,,,,,,,,,,2026-03-01 00:00:00,,,,,,,,,,,,,,,,,,,,,,,,,,,,,,,,,,,,,,,,,,,,,,,,,,,,,,,,,,,,,,,,,,,,,,,,,,,,,0,Watzke 774 087 046,"Adamov u Brna, Svitavská 3, BD",,,
"adamov, náměstí práce, eden, česká republika","Adamov, Náměstí práce, EDEN, Česká republika",,2026-11-14,194,Více než 60 dnů,zelená,2026-11-14 (plánovaná),,,čeká na přesné geokódování,"Kalendář FZ - 12 měsíců, 2023.xlsx",4,2018,,,,Jihomoravský,ASTIP STRONG 3 000VA/3F -3C/1H,,,,,,,,,,,,,14/26,,,15.10.2021 STOP STAV,,,,,,,,,,,,,,,,,,,,,,,,,,,,,,,,,,,,,,,,,,,,,,,,,,,,,,,,,,,,,,,,,,,,,,,,,1,David Trojtler 724 186 341,"Adamov, Náměstí práce, EDEN",,,
"albrechtice, nemocniční 492/4, ldn, česká republika","Albrechtice, Nemocniční 492/4, LDN, Česká republika",2025-07-24,2026-01-24,-100,Po termínu,červená,2025-07-24 (proběhlá); 2026-01-24 (plánovaná),,,čeká na přesné geokódování,Kalendář FZ - 6 měsíců.xlsx,3,"2023, nově 2025",,,"Varecha David, 603 557 218",Moravskoslezský,"ASTIP STRONG 68kVA/7,5kVA/3F-30 minut/EI45","Albrechtice, Nemocniční 492_4, LDN",,24/26,,,,,,24/25,,,,,,,"vytopený zdroj, nabídka na nový, objednali",,,,,,,,,,,,,,,,,,,,,,,,,,,,,,,,,,,,,,,,,,,,,,,,,,,,,,,,,,,,,,,,,,,,,,,,,2,,,,,
"aš, kostelní 43, česká republika","Aš, Kostelní 43, Česká republika",,,,Bez termínu,šedá,,,,čeká na přesné geokódování,Kalendář FZ - 6 měsíců.xlsx,4,,,,,Karlovarský,"PS 1000/3f, 7 minut","Aš, Kostelní 43",,,,,,,,,,,,,,,"2024 -není složka, ani kontakt - mrtvá věc STOP STAV",,,,,,,,,,,,,,,,,,,,,,,,,,,,,,,,,,,,,,,,,,,,,,,,,,,,,,,,,,,,,,,,,,,,,,,,,0,,,,,
"aš, nemocniční 52, carvac, česká republika","Aš, Nemocniční 52, Carvac, Česká republika",2026-01-14,2026-07-14,71,Více než 60 dnů,zelená,2026-01-14 (proběhlá); 2026-07-14 (plánovaná),,,čeká na přesné geokódování,Kalendář FZ - 6 měsíců.xlsx,5,2014,ano,,pan Dvořák 607 974 879,Karlovarský,  PS 4000/3f-45 minut,"Aš, Nemocniční 52, Carvac",,14/26,,,,,,14/26,,,,,,,,,,,,,,,,,,,,,,,,,,,,,,,,,,,,,,,,,,,,,,,,,,,,,,,,,,,,,,,,,,,,,,,,,,,,,,,,2,,,,,
"bechyně, novodvorská 301, alšova jihočeská galerie, česká republika","Bechyně, Novodvorská 301, Alšova jihočeská galerie, Česká republika",,2027-03-10,310,Více než 60 dnů,zelená,2027-03-10 (plánovaná),,,čeká na přesné geokódování,"Kalendář FZ - 12 měsíců, 2023.xlsx",5,2020,ano,poznámka,,Jihomoravský,ASTIP PS LIFTBACK 7 500/3F -sjezd,,,,,10/27,,,,,,,,,,,"chybí signál S-OK, výtah nerozpozná režim sjezd",,,,,,,,,,,,,,,,,,,,,,,,,,,,,,,,,,,,,,,,,,,,,,,,,,,,,,,,,,,,,,,,,,,,,,,,,1,Seifert 777 239 959,"Bechyně, Novodvorská 301, Alšova jihočeská galerie",,,
"bedřichov 290, hotel, česká republika","Bedřichov 290, hotel, Česká republika",2025-04-24,2025-10-24,-192,Po termínu,červená,2025-04-24 (proběhlá); 2025-10-24 (plánovaná),,,čeká na přesné geokódování,Kalendář FZ - 6 měsíců.xlsx,6,2018,ano,ano,Březina  725 511 293,Liberecký,PS 7500/3F -30 minut + RPO,"Bedřichov 290, hotel",,,,,24/25,,,,,,24/25,,,,,,,,,,,,,,,,,,,,,,,,,,,,,,,,,,,,,,,,,,,,,,,,,,,,,,,,,,,,,,,,,,,,,,,,,,,,,2,,,,,
"benešov, máchova 400, nemocnice rudolfa a stefanie, česká republika","Benešov, Máchova 400, Nemocnice Rudolfa a Stefanie, Česká republika",2026-04-08,2026-10-08,157,Více než 60 dnů,zelená,2026-04-08 (proběhlá); 2026-10-08 (plánovaná),,,čeká na přesné geokódování,Kalendář FZ - 6 měsíců.xlsx,7,2024,ano,ano,Ježek 724 754 287,Středočeský,ASTIP STRONG LIFTBACK 75kVA/3F-45 minut,"Benešov, Máchova 400, Nemocnice Rudolfa a Stefanie",,,,,8/26,,,,,,8/26,,,,,,,,,,,,,,,,,,,,,,,,,,,,,,,,,,,,,,,,,,,,,,,,,,,,,,,,,,,,,,,,,,,,,,,,,,,,,2,,,,,
"bohumín, bonatrans, česká republika","Bohumín, BONATRANS, Česká republika",2022-02-10,2022-08-10,-1363,Po termínu,červená,2022-02-10 (proběhlá); 2022-08-10 (plánovaná),,,čeká na přesné geokódování,Kalendář FZ - 6 měsíců.xlsx,10,2017,,,Zdařil 725 747 002,Moravskoslezský,2 x ASTIP STRONG 2 kVA/3F -17 minut,"Bohumín, BONATRANS",,,10/22,,,,,,10/22,,,,,,,,,,,,,,,,,,,,,,,,,,,,,,,,,,,,,,,,,,,,,,,,,,,,,,,,,,,,,,,,,,,,,,,,,,,,,,,2,,,,,
"bohumín, pudlov, ždb drátovna, česká republika","Bohumín, Pudlov, ŽDB Drátovna, Česká republika",2025-03-27,2025-09-27,-219,Po termínu,červená,2025-03-27 (proběhlá); 2025-09-27 (plánovaná),,,čeká na přesné geokódování,Kalendář FZ - 6 měsíců.xlsx,9,2019,,,Petr Růžanský -731 548 010,Moravskoslezský,4 x ASTIP PS 10 kVA/3f.,"Bohumín - Pudlov, ŽDB Drátovna",,,,27/25,,,,,,27/25,,,,,"pozor, tady je problém s Tiesem, Fojtáchem, viz info ve složce",,,,,,,,,,,,,,,,,,,,,,,,,,,,,,,,,,,,,,,,,,,,,,,,,,,,,,,,,,,,,,,,,,,,,,,,,2,,,,,
"bor u tachova, ctp park, česká republika","Bor u Tachova, CTP Park, Česká republika",,2027-02-17,289,Více než 60 dnů,zelená,2027-02-17 (plánovaná),,,čeká na přesné geokódování,"Kalendář FZ - 12 měsíců, 2023.xlsx",7,2017,,,,Plzeňský,"PS 75 000/3F-30 minut, RPO",,,,17/27,,,,,,,,,,,,,,,,,,,,,,,,,,,,,,,,,,,,,,,,,,,,,,,,,,,,,,,,,,,,,,,,,,,,,,,,,,,,,,,,,,,,,1,Vacek 704 869 077,"Bor u Tachova, CTP Park",,,
"bor u tachova, česká republika","Bor u Tachova, Česká republika",2017-11-15,2017-11-15,-3092,Po termínu,červená,2017-11-15 (plánovaná),,,čeká na přesné geokódování,"Kalendář FZ - 12 měsíců, 2023.xlsx",6,2015,,,,Plzeňský,Astip PS 1200/3f – 7 minut,,,,,,,,,,,,,15/17,,,,,,,,,,,,,,,,,,,,,,,,,,,,,,,,,,,,,,,,,,,,,,,,,,,,,,,,,,,,,,,,,,,,,,,,,,,,1,,Bor u Tachova,,,
"borek u rokycan, policie, česká republika","Borek u Rokycan, policie, Česká republika",,2026-09-18,137,Více než 60 dnů,zelená,2026-09-18 (plánovaná),,,čeká na přesné geokódování,"Kalendář FZ - 12 měsíců, 2023.xlsx",8,2016,hlídat sami,ano,,Plzeňský,ASTIP STRONG 4000VA/3F- 30 minut,,,,,,,,,,,18/26,,,,,"09/2025 -nový pajšl do zdroje, máme hlídat kontroly sami",,,,,,,,,,,,,,,,,,,,,,,,,,,,,,,,,,,,,,,,,,,,,,,,,,,,,,,,,,,,,,,,,,,,,,,,,1,Robert Sventek 734 267 039,"Borek u Rokycan, policie",,,
"borotín, dps, zámek borotín . 17, 71, 721, 893, česká republika","Borotín, DPS, ZÁMEK Borotín . 17, 71, 721, 893, Česká republika",2025-11-07,2026-05-07,3,Méně než 7 dnů,červená,2025-11-07 (proběhlá); 2026-05-07 (plánovaná),,,čeká na přesné geokódování,Kalendář FZ - 6 měsíců.xlsx,11,2016,,,Duraj 734 235 926,Jihomoravský,PS 30/10 kVA/8kW/3F - 45 MINUT,"Borotín, DPS - ZÁMEK Borotín č.p. 17, 71, 721, 893",,,,,,7/26,,,,,,7/25,,,"2025-úprava vstupních svorek, byl volný modrý",13500,Za Sluncem z.s.,"Borotín, p.Duraj",nepodepsaná,,,,,,,,,,,,,,,,,,,,,,,,,,,,,,,,,,,,,,,,,,,,,,,,,,,,,,,,,,,,,,,,,,,,,2,,,,,
"boskovice, hybešova 2635, ah a dps, česká republika","Boskovice, Hybešova 2635, AH a DPS, Česká republika",2026-02-11,2026-08-11,99,Více než 60 dnů,zelená,2026-02-11 (proběhlá); 2026-08-11 (plánovaná),,,čeká na přesné geokódování,Kalendář FZ - 6 měsíců.xlsx,12,2022,,,pouze pan Holý 734 283 457,Jihomoravský,ASTIP PS 40kVA/20kVA -3F -45 minut,"Boskovice, Hybešova 2635, AH a DPS",,,11/26,,,,,,11/26,,,,,,,,,,,,,,,,,,,,,,,,,,,,,,,,,,,,,,,,,,,,,,,,,,,,,,,,,,,,,,,,,,,,,,,,,,,,,,,2,,,,,
"boskovice, otakara kubína 8, 10, 12, česká republika","Boskovice, Otakara Kubína 8, 10, 12, Česká republika",2026-04-23,2026-04-23,-11,Po termínu,červená,2026-02-26 (plánovaná); 2026-04-23 (plánovaná),,,čeká na přesné geokódování,"Kalendář FZ - 12 měsíců, 2023.xlsx",9,2021,,,,Jihomoravský,3 x STRONG 2 000/3f -15 minut,,,,26/26-25 1 x stop stav,,23/26-1x,,,,,,,,,,,,,,,,,,,,,,,,,,,,,,,,,,,,,,,,,,,,,,,,,,,,,,,,,,,,,,,,,,,,,,,,,,,,,,,,,,,2,"Jarmila Janků, tel. 704327337, pověřený správce bytových domů ","Boskovice, Otakara Kubína 8,10,12",,,
"brandýs nad labem, palachova 337/1, sportovní hala, česká republika","Brandýs nad Labem, Palachova 337/1, sportovní hala, Česká republika",2026-04-29,2026-04-29,-5,Po termínu,červená,2026-04-29 (plánovaná),,,čeká na přesné geokódování,Kalendář FZ - 6 měsíců.xlsx,13,2024,,,"Jakub Ševčík sevcik@ezh-as.cz / +420 776 060 715, školník Cestr 737 780 060",,ASTIP STRONG 140/75kVA/3F-15 minut,"Brandýs nad Labem, Palachova 337_1, sportovní hala",,,,,29/26,,,,,,,,,,,,,,,,,,,,,,,,,,,,,,,,,,,,,,,,,,,,,,,,,,,,,,,,,,,,,,,,,,,,,,,,,,,,,,,,,,,1,,,,,
"bratislava, františka kubu 2, 3, 5, 6 -rinok rača, slovensko","Bratislava, Františka Kubu 2, 3, 5, 6 -Rinok Rača, Slovensko",,2026-07-24,81,Více než 60 dnů,zelená,2026-07-24 (plánovaná),,,čeká na přesné geokódování,"Kalendář FZ - 12 měsíců, 2023.xlsx",10,2022,ano,ano,,Slovensko,"15kVA, 7,5kVA, 15kVA, 3kVA",,,,,,,,,24/26,,,,,,,,,,,,,,,,,,,,,,,,,,,,,,,,,,,,,,,,,,,,,,,,,,,,,,,,,,,,,,,,,,,,,,,,,,,,,,,,1,Kuzár +421 908 967 271,"Bratislava, Františka Kubu 2,3,5,6 -Rinok Rača",,,
"bratislava, hradná ulice 1, potraviny děvín, slovensko","Bratislava, Hradná ulice 1, potraviny Děvín, Slovensko",,2026-12-16,226,Více než 60 dnů,zelená,2026-12-16 (plánovaná),,,čeká na přesné geokódování,"Kalendář FZ - 12 měsíců, 2023.xlsx",11,2021,,,,Slovensko,STRONG 1000VA/1F-20 min,,,,,,,,,,,,,,16/26,,,,,,,,,,,,,,,,,,,,,,,,,,,,,,,,,,,,,,,,,,,,,,,,,,,,,,,,,,,,,,,,,,,,,,,,,,,1,Klein +421 917 222 758,"Bratislava, Hradná ulice 1, potraviny Děvín",,,
"bratislava, ivánská cesta 32 a-f, ovocné sady, slovensko","Bratislava, Ivánská cesta 32 A-F, Ovocné sady, Slovensko",,2026-07-03,60,Více než 60 dnů,zelená,2026-07-03 (plánovaná),,,čeká na přesné geokódování,"Kalendář FZ - 12 měsíců, 2023.xlsx",12,,,,,Slovensko,6 x STRONG 30 kVA/3F-45 minut,,,,,,,,,3/26,,,,,,,,,,,,,,,,,,,,,,,,,,,,,,,,,,,,,,,,,,,,,,,,,,,,,,,,,,,,,,,,,,,,,,,,,,,,,,,,1,Štefánek +421 904 956 394,"Bratislava, Ivánská cesta 32 A-F, Ovocné sady",,,
"bratislava, ivánská cesta 32 g, ovocné sady, slovensko","Bratislava, Ivánská cesta 32 G, Ovocné sady, Slovensko",,2026-07-03,60,Více než 60 dnů,zelená,2026-07-03 (plánovaná),,,čeká na přesné geokódování,"Kalendář FZ - 12 měsíců, 2023.xlsx",13,2023,,,,Slovensko,ASTIP STRONG LiftBack 55kVA/30kVA/3F- 45M,,,,,,,,,3/26,,,,,,,,,,,,,,,,,,,,,,,,,,,,,,,,,,,,,,,,,,,,,,,,,,,,,,,,,,,,,,,,,,,,,,,,,,,,,,,,1,Štefánek +421 904 956 394,"Bratislava, Ivánská cesta 32 G, Ovocné sady",,,
"bratislava, ivánská cesta 32 h, ovocné sady, slovensko","Bratislava, Ivánská cesta 32 H, Ovocné sady, Slovensko",,2026-07-03,60,Více než 60 dnů,zelená,2026-07-03 (plánovaná),,,čeká na přesné geokódování,"Kalendář FZ - 12 měsíců, 2023.xlsx",14,2024,,,,Slovensko,ASTIP STRONG LiftBack 55kVA/30kVA/3F- 45M,,,,,,,,,3/26,,,,,,,,,,,,,,,,,,,,,,,,,,,,,,,,,,,,,,,,,,,,,,,,,,,,,,,,,,,,,,,,,,,,,,,,,,,,,,,,1,Štefánek +421 904 956 394,"Bratislava, Ivánská cesta 32 H, Ovocné sady",,,
"bratislava, ivánská cesta 32 i, ovocné sady, slovensko","Bratislava, Ivánská cesta 32 I, Ovocné sady, Slovensko",2025-06-19,2025-06-19,-319,Po termínu,červená,2025-06-19 (plánovaná),,,čeká na přesné geokódování,"Kalendář FZ - 12 měsíců, 2023.xlsx",15,2023,,,,Slovensko,ASTIP STRONG Liftback 30kVA/3F-45 minut,,,,,,,,19/25,,,,,,,,"19.6.2024 -reklamace bateriíí a, vystavujeme protokol za 0Kč, pak další platit !!!",,,,,,,,,,,,,,,,,,,,,,,,,,,,,,,,,,,,,,,,,,,,,,,,,,,,,,,,,,,,,,,,,,,,,,,,,1,Behúň Elimer +421 918 514 360,"Bratislava, Ivánská cesta 32 I, Ovocné sady",,,
"bratislava, ivánská cesta 32 j+k, slovensko","Bratislava, Ivánská cesta 32 J+K, Slovensko",,2026-07-03,60,Více než 60 dnů,zelená,2026-07-03 (plánovaná),,,čeká na přesné geokódování,"Kalendář FZ - 12 měsíců, 2023.xlsx",16,2023 + 2024,,,,Slovensko,ASTIP STRONG Liftback 30kVA/3F-45 minut,,,,,,,,,3/26,,,,,,,,,,,,,,,,,,,,,,,,,,,,,,,,,,,,,,,,,,,,,,,,,,,,,,,,,,,,,,,,,,,,,,,,,,,,,,,,1,Štefánek +421 904 956 394,"Bratislava, Ivánská cesta 32 J+K",,,
"bratislava, kadnárova 103, 105, 107 + košická 54, slovensko","Bratislava, Kadnárova 103, 105, 107 + Košická 54, Slovensko",,2026-11-11,191,Více než 60 dnů,zelená,2026-11-11 (plánovaná); 2027-01-13 (plánovaná); 2027-03-17 (plánovaná); 2027-04-09 (plánovaná),,,čeká na přesné geokódování,"Kalendář FZ - 12 měsíců, 2023.xlsx",18,2018,ano,,,Slovensko,"3 x STRONG 7500/3f -30 minut, 2kva/1f-10minut",,,13/27-Košická 54,,17/27-103,9/27-107,,,,,,,11/26-1x stop stav 2025,,,,,,,ano,,,,,,,,,,,,,,,,,,,,,,,,,,,,,,,,,,,,,,,,,,,,,,,,,,,,,,,,,,,,,,,,,,,,,4,Andris -+421 918 706 973,"Bratislava, Kadnárova 103, 105, 107 + Košická 54",,600 Euro,
"bratislava, kominárská 4, při mýtě 1, slovensko","Bratislava, Kominárská 4, Při Mýtě 1, Slovensko",2023-10-24,2023-10-24,-923,Po termínu,červená,2023-10-24 (plánovaná),,,čeká na přesné geokódování,"Kalendář FZ - 12 měsíců, 2023.xlsx",19,2016,,,,Slovensko,PS 40kVA/3f-45 minut,,,,,,,,,,,,24/23,,,,2025 - posílám znovu dotaz - 20.6.2024 - poslíám aktualizace CN - 19.6.2024 -dotazováno mailem pana Folvarčíka,,Nectel,,není,,,,,,,,,,,,,,,,,,,,,,,,,,,,,,,,,,,,,,,,,,,,,,,,,,,,,,,,,,,,,,,,,,,,,1,Folvarčík - +421 917 810 130,"Bratislava, Kominárská 4, Při Mýtě 1",,690 Euro,Nectel
"bratislava, muchovo náměstí 5, 6, slovensko","Bratislava, Muchovo náměstí 5, 6, Slovensko",2026-03-17,2026-03-17,-48,Po termínu,červená,2026-03-17 (plánovaná),,,čeká na přesné geokódování,"Kalendář FZ - 12 měsíců, 2023.xlsx",20,2025,,,,Slovensko,ASTIP STRONG 48kVA/10kVA/3F-30 minut,,,,,17/26,,,,,,,,,,,,,,,,,,,,,,,,,,,,,,,,,,,,,,,,,,,,,,,,,,,,,,,,,,,,,,,,,,,,,,,,,,,,,,,,,,,,1,Bc. Benko Jakub +421 904 613 660,"Bratislava, Muchovo náměstí 5,6",,,
"bratislava, námestie při sypke 6, slovensko","Bratislava, Námestie při sypke 6, Slovensko",,2026-07-22,79,Více než 60 dnů,zelená,2026-07-22 (plánovaná),,,čeká na přesné geokódování,"Kalendář FZ - 12 měsíců, 2023.xlsx",17,2023,,,,Slovensko,ASTIP STRONG 3000VA/3F/24H/1C,,,,,,,,,22/26,,,,,,,,,,,,,,,,,,,,,,,,,,,,,,,,,,,,,,,,,,,,,,,,,,,,,,,,,,,,,,,,,,,,,,,,,,,,,,,,1,Lenka Vysinska 421 918 666 620,"Bratislava, Námestie při sypke 6",,,
"bratislava, pražská 7, ministerstvo, slovensko","Bratislava, Pražská 7, ministerstvo, Slovensko",,2027-04-09,340,Více než 60 dnů,zelená,2027-04-09 (plánovaná),,,čeká na přesné geokódování,"Kalendář FZ - 12 měsíců, 2023.xlsx",21,2015,,,,Slovensko,PS 15kVA/3f-1 hodina,,,,,,9/27,,,,,,,,,,Objednatel viz. Info,,,,,,,,,,,,,,,,,,,,,,,,,,,,,,,,,,,,,,,,,,,,,,,,,,,,,,,,,,,,,,,,,,,,,,,,,1,"Barborik, +421918660075","Bratislava, Pražská 7, ministerstvo",,,
"bratislava, račianska 26g, urban residnce, slovensko","Bratislava, Račianska 26G, Urban Residnce, Slovensko",2026-05-04,2026-05-04,0,Méně než 7 dnů,červená,2026-05-04 (plánovaná),,,čeká na přesné geokódování,"Kalendář FZ - 12 měsíců, 2023.xlsx",22,2021,,,,Slovensko,ASTIP STRONG 40kVA/3F-45 minut,,,,,,,4/26,,,,,,,,,,,,,,,,,,,,,,,,,,,,,,,,,,,,,,,,,,,,,,,,,,,,,,,,,,,,,,,,,,,,,,,,,,,,,,,,,,1,"Gežíková, +421 901 771 796","Bratislava, Račianska 26G, Urban Residnce",,,
"bratislava, tomášikova, trnavská, po nido 2, objekt a+b, c, d, slovensko","Bratislava, Tomášikova, Trnavská, PO NIDO 2, objekt A+B, C, D, Slovensko",2025-10-21,2026-04-21,-13,Po termínu,červená,2025-10-21 (proběhlá); 2026-04-21 (plánovaná),,,čeká na přesné geokódování,Kalendář FZ - 6 měsíců.xlsx,14,2022,ano,,"Tibor Šranko 0917 640 921
IURIS INVEST spol.s r.o.",Slovensko,"Astip Liftback 100kVA/3F -30, 45,60 min. + 2 x ELSTON DUO Exclusive","Bratislava, Tomášikova - Trnavská, PO NIDO 2, objekt A+B, C, D",,,,,21/26,,,,,,21/25,,,,,,,,,,,,,,,,,,,,,,,,,,,,,,,,,,,,,,,,,,,,,,,,,,,,,,,,,,,,,,,,,,,,,,,,,,,,,2,,,,,
"bratislava, trnavská cesta 8a, 6b, 19123, nová cvernovka, slovensko","Bratislava, Trnavská cesta 8a, 6b, 19123, Nová Cvernovka, Slovensko",,2026-07-24,81,Více než 60 dnů,zelená,2026-07-24 (plánovaná),,,čeká na přesné geokódování,"Kalendář FZ - 12 měsíců, 2023.xlsx",23,2022,ano,ano,,Slovensko,"2 x STRONG 15kVA, 1x STRONG 20kVA",,,,,,,,,24/26,,,,,,,,,,,,,,,,,,,,,,,,,,,,,,,,,,,,,,,,,,,,,,,,,,,,,,,,,,,,,,,,,,,,,,,,,,,,,,,,1,Kyjevský 0940 624 461,"Bratislava, Trnavská cesta 8a, 6b, 19123 - Nová Cvernovka",,,
"bratislava, trnavské mýto 1, optimal tfm, slovensko","Bratislava, Trnavské mýto 1, Optimal TFM, Slovensko",2026-04-22,2026-04-22,-12,Po termínu,červená,2026-04-22 (plánovaná),,,čeká na přesné geokódování,"Kalendář FZ - 12 měsíců, 2023.xlsx",24,2018,,,,Slovensko,"PS 40 kVA/3f, 45 min.",,,,,,22/26,,,,,,,,,,domluvená cena 480 Eur vs. 510 Eur ohledně objednání dalších FZ,,,,,,,,,,,,,,,,,,,,,,,,,,,,,,,,,,,,,,,,,,,,,,,,,,,,,,,,,,,,,,,,,,,,,,,,,1,"SBS +421 910 501 834, Petr Bzdúch, +421901701902","Bratislava, Trnavské mýto 1, Optimal TFM",,,
"bratislava, vlčie hrdlo 70, novagastrade, slovensko","Bratislava, Vlčie Hrdlo 70, NOVAGASTRADE, Slovensko",2025-05-28,2025-05-28,-341,Po termínu,červená,2025-05-28 (plánovaná),,,čeká na přesné geokódování,"Kalendář FZ - 12 měsíců, 2023.xlsx",25,2016,,,,Slovensko,ASTIP STRONG 1000VA/3F/4C/1H,,,,,,,28/25,,,,,,,,,,,,,,,,,,,,,,,,,,,,,,,,,,,,,,,,,,,,,,,,,,,,,,,,,,,,,,,,,,,,,,,,,,,,,,,,,,1,Izák Miloš +421 907 719 377,"Bratislava, Vlčie Hrdlo  70, NOVAGASTRADE",,,
"bratislava, volvo, lamač-bory, slovensko","Bratislava, Volvo, Lamač-Bory, Slovensko",,2026-10-14,163,Více než 60 dnů,zelená,2026-10-14 (plánovaná),,,čeká na přesné geokódování,"Kalendář FZ - 12 měsíců, 2023.xlsx",26,2017,,ano,,Slovensko,"Strong 3000/3f, 30 min.",,,,,,,,,,,,14/26,,,,Objednatel viz. Info,,,,,,,,,,,,,,,,,,,,,,,,,,,,,,,,,,,,,,,,,,,,,,,,,,,,,,,,,,,,,,,,,,,,,,,,,1,"Nectel, Folvarčík +421917810130","Bratislava, Volvo, Lamač-Bory",,,
"brno, antonína procházky 590/2b, česká republika","Brno, Antonína Procházky 590/2b, Česká republika",,2027-02-23,295,Více než 60 dnů,zelená,2027-02-23 (plánovaná),,,čeká na přesné geokódování,"Kalendář FZ - 12 měsíců, 2023.xlsx",28,2024,,,,Jihomoravský,ASTIP STRONG 1000VA/1F-10 minut/EI45,,,,23/27,,,,,,,,,,,,,,,,,,,,,,,,,,,,,,,,,,,,,,,,,,,,,,,,,,,,,,,,,,,,,,,,,,,,,,,,,,,,,,,,,,,,,1,Mestická 604 211 462,"Brno, Antonína Procházky 590/2b",,,
"brno, blatnická 12, bytový dům, česká republika","Brno, Blatnická 12, bytový dům, Česká republika",,2027-03-30,330,Více než 60 dnů,zelená,2027-03-30 (plánovaná),,,čeká na přesné geokódování,"Kalendář FZ - 12 měsíců, 2023.xlsx",30,2022,,,,Jihomoravský,ASTIP STRONG Liftback 20kVA/10kVA/3F-45 minut,,,,,30/27,,,,,,,,,,,,,,,,,,,,,,,,,,,,,,,,,,,,,,,,,,,,,,,,,,,,,,,,,,,,,,,,,,,,,,,,,,,,,,,,,,,,1,Ledina 774 614 536,"Brno, Blatnická 12, bytový dům",,,
"brno, bohunická, abt park, česká republika","Brno, Bohunická, ABT Park, Česká republika",,2026-08-19,107,Více než 60 dnů,zelená,2026-08-19 (plánovaná),,,čeká na přesné geokódování,"Kalendář FZ - 12 měsíců, 2023.xlsx",31,2024,,,,Jihomoravský,ASTIP STRONG 10kVA/3F-45 minut,,,,,,,,,,19/26,,,,,,,,,,,,,,,,,,,,,,,,,,,,,,,,,,,,,,,,,,,,,,,,,,,,,,,,,,,,,,,,,,,,,,,,,,,,,,,1,Grošek 604 387 623,"Brno, Bohunická, ABT Park",,,
"brno, bořetická 3, česká republika","Brno, Bořetická 3, Česká republika",2022-06-07,2022-06-07,-1427,Po termínu,červená,2022-06-07 (plánovaná),,,čeká na přesné geokódování,"Kalendář FZ - 12 měsíců, 2023.xlsx",32,2016,,,,Jihomoravský,LiftBack 15kVA/3f-45 minut,,,,,,,,7/22,,,,,,,,,,,,,,,,,,,,,,,,,,,,,,,,,,,,,,,,,,,,,,,,,,,,,,,,,,,,,,,,,,,,,,,,,,,,,,,,,1,Svoboda - 724 228 365,"Brno, Bořetická 3",,,
"brno, božetěchova 102b, česká republika","Brno, Božetěchova 102b, Česká republika",2026-03-04,2026-03-04,-61,Po termínu,červená,2026-03-04 (plánovaná),,,čeká na přesné geokódování,"Kalendář FZ - 12 měsíců, 2023.xlsx",33,2017,ano,,,Jihomoravský,PS 20 000VA/3f,,,,,4/26,,,,,,,,,,,,,,,,,,,,,,,,,,,,,,,,,,,,,,,,,,,,,,,,,,,,,,,,,,,,,,,,,,,,,,,,,,,,,,,,,,,,1,Peloušek 608 436 281,"Brno, Božetěchova 102b",,,
"brno, bratislavská 24, livix, česká republika","Brno, Bratislavská 24, LIVIX, Česká republika",,2026-11-21,201,Více než 60 dnů,zelená,2026-11-21 (plánovaná),,,čeká na přesné geokódování,"Kalendář FZ - 12 měsíců, 2023.xlsx",34,2017,,,,Jihomoravský,ASTIP STRONG 100kVA/3F -45 minut,,,,,,,,,,,,,21/26,,,,,,,,,,,,,,,,,,,,,,,,,,,,,,,,,,,,,,,,,,,,,,,,,,,,,,,,,,,,,,,,,,,,,,,,,,,,1,Burian 733 554 353,"Brno, Bratislavská 24, LIVIX",,,
"brno, bratislavská 52, efipalace, česká republika","Brno, Bratislavská 52, efiPalace, Česká republika",2026-02-04,2026-02-04,-89,Po termínu,červená,2026-02-04 (plánovaná),,,čeká na přesné geokódování,Kalendář FZ - 6 měsíců.xlsx,17,2013,,,"Tereza Marková, 720 976 702",Jihomoravský,  STRONG 50 000/3f-60 minut,"Brno, Bratislavská 52, efiPalace",,,4/26,,,,,,,,,,,,,,,,,,,,,,,,,,,,,,,,,,,,,,,,,,,,,,,,,,,,,,,,,,,,,,,,,,,,,,,,,,,,,,,,,,,,,1,,,,,
"brno, bulínova 1, moravská zemská knihovna, česká republika","Brno, Bulínova 1, Moravská zemská knihovna, Česká republika",2025-12-15,2026-06-15,42,30–60 dnů,žlutá,2025-12-15 (proběhlá); 2026-06-15 (plánovaná),,,čeká na přesné geokódování,Kalendář FZ - 6 měsíců.xlsx,30,2022,ano,,Daněk 771 278 805,Jihomoravský,ASTIP STRONG 34kVA/5kVA/3F-45 minut,"Brno, Bulínova 1, Moravská zemská knihovna",,,,,,,15/26,,,,,,15/25,,,,,,,,,,,,,,,,,,,,,,,,,,,,,,,,,,,,,,,,,,,,,,,,,,,,,,,,,,,,,,,,,,,,,,,,,,,2,,,,,
"brno, bzenecká 13, 15, 17, česká republika","Brno, Bzenecká 13, 15, 17, Česká republika",,2027-04-02,333,Více než 60 dnů,zelená,2027-04-02 (plánovaná),,,čeká na přesné geokódování,"Kalendář FZ - 12 měsíců, 2023.xlsx",36,2014,,,,Jihomoravský,3x PS 20kVA/3f-45 minut,,,,,,"2/27-13,17 15-STOP STAV",,,,,,,,,,,,,,,,,,,,,,,,,,,,,,,,,,,,,,,,,,,,,,,,,,,,,,,,,,,,,,,,,,,,,,,,,,,,,,,,,,,1,"Pavel Hrouzek - 734 238 045, 515511246","Brno, Bzenecká 13, 15, 17",,,
"brno, bzenecká 18, česká republika","Brno, Bzenecká 18, Česká republika",2021-06-07,2021-06-07,-1792,Po termínu,červená,2021-06-07 (plánovaná),,,čeká na přesné geokódování,"Kalendář FZ - 12 měsíců, 2023.xlsx",37,2018,,,,Jihomoravský,ASTIP PS Liftback 10 000/3F - 45 minut,,,,,,,,7/21,,,,,,,,"2025 -posílám znovu ...19.6.2024 -poslán dotaz panu Staňkovi, 7.6.2021 -stop stav, Tamča dělá nabídku na nový zdroj",,,,,,,,,,,,,,,,,,,,,,,,,,,,,,,,,,,,,,,,,,,,,,,,,,,,,,,,,,,,,,,,,,,,,,,,,1,"Jan Staněk - OTIS, 724 228 365","Brno, Bzenecká 18",,,
"brno, bzenecká 20, česká republika","Brno, Bzenecká 20, Česká republika",,2026-07-09,66,Více než 60 dnů,zelená,2026-07-09 (plánovaná),,,čeká na přesné geokódování,"Kalendář FZ - 12 měsíců, 2023.xlsx",38,2018,,,,Jihomoravský,"PS 10000/3f, 45 min",,,,,,,,,9/26,,,,,,,"teplota Tmax = 31,1°C, výtaháři upozorněni ústně a protokolem",,,,,,,,,,,,,,,,,,,,,,,,,,,,,,,,,,,,,,,,,,,,,,,,,,,,,,,,,,,,,,,,,,,,,,,,,1,"darina.jelinkova@cz.schindler.com, 605235325","Brno, Bzenecká 20",,,
"brno, bzenecká 8, česká republika","Brno, Bzenecká 8, Česká republika",2024-12-05,2024-12-05,-515,Po termínu,červená,2024-12-05 (plánovaná),,,čeká na přesné geokódování,"Kalendář FZ - 12 měsíců, 2023.xlsx",39,2016,,,,Jihomoravský,  15kVA/3f Rectifier,,,,,,,,,,,,,,5/24,,"l2025 -leden, Honza řeší ….Miloš Vondra, 606 676 110, předseda SVJ",,,,,,,,,,,,,,,,,,,,,,,,,,,,,,,,,,,,,,,,,,,,,,,,,,,,,,,,,,,,,,,,,,,,,,,,,1,Otis - 724 228 365,"Brno, Bzenecká 8",,7200,
"brno, cejl 75, 77, dps, česká republika","Brno, Cejl 75, 77, DPS, Česká republika",2025-11-24,2026-05-24,20,7–30 dnů,oranžová,2025-11-24 (proběhlá); 2026-05-24 (plánovaná),,,čeká na přesné geokódování,Kalendář FZ - 6 měsíců.xlsx,18,2020,,,pan Večeřa 702 209 323,Jihomoravský,ASTIP STRONG 15kVA/3F -45 minut,"Brno, Cejl 75,77, DPS",,,,,,24/26,,,,,,24/25,,,,,,,,,,,,,,,,,,,,,,,,,,,,,,,,,,,,,,,,,,,,,,,,,,,,,,,,,,,,,,,,,,,,,,,,,,,,2,,,,,
"brno, cejl 79, česká republika","Brno, Cejl 79, Česká republika",,2026-08-27,115,Více než 60 dnů,zelená,2026-08-27 (plánovaná),,,čeká na přesné geokódování,"Kalendář FZ - 12 měsíců, 2023.xlsx",40,2024,,,,Jihomoravský,ASTIP STRONG 30kVA/3F-45 minut,,,,,,,,,,27/26,,,,,,,,,,,,,,,,,,,,,,,,,,,,,,,,,,,,,,,,,,,,,,,,,,,,,,,,,,,,,,,,,,,,,,,,,,,,,,,1,Hauf 724 828 994,"Brno, Cejl 79",,,
"brno, chaloupkova 7, tyflocentrum, česká republika","Brno, Chaloupkova 7, Tyflocentrum, Česká republika",,2026-05-23,19,7–30 dnů,oranžová,2026-05-23 (plánovaná),,,čeká na přesné geokódování,"Kalendář FZ - 12 měsíců, 2023.xlsx",49,2020,,,,Jihomoravský,STRONG 4 000/3F - 30 minut + RPO,,,,,,,23/26,,,,,,,,,pan Strnad trvá na revizi 1 x ročně…mělo by být 2x,,,,,,,,,,,,,,,,,,,,,,,,,,,,,,,,,,,,,,,,,,,,,,,,,,,,,,,,,,,,,,,,,,,,,,,,,1,pan Strnad  724 027 482,"Brno, Chaloupkova 7, Tyflocentrum",,,
"brno, fn, netroufalky 1, budova j2, česká republika","Brno, FN, Netroufalky 1, budova J2, Česká republika",2026-02-13,2026-08-13,101,Více než 60 dnů,zelená,2026-02-13 (proběhlá); 2026-08-13 (plánovaná),,,čeká na přesné geokódování,Kalendář FZ - 6 měsíců.xlsx,21,2017,,,Horňák 724 563 207,Jihomoravský,PS 20kVA/3f - 45 minut,"Brno, FN, Netroufalky 1 - budova J2",,,13/26,,,,,,13/26,,,,,,2024 objednaná oprava,,,,,,,,,,,,,,,,,,,,,,,,,,,,,,,,,,,,,,,,,,,,,,,,,,,,,,,,,,,,,,,,,,,,,,,,,2,,,,,
"brno, gajdošova 24 a 30, česká republika","Brno, Gajdošova 24 a 30, Česká republika",,2027-01-20,261,Více než 60 dnů,zelená,2027-01-20 (plánovaná),,,čeká na přesné geokódování,"Kalendář FZ - 12 měsíců, 2023.xlsx",42,2018,,,,Jihomoravský,PS 500/1F -45 minut,,,20/27,,,,,,,,,,,,,"ještě by měl být na Gajdošově 30 (500VA, 20061711)",,,,,,,,,,,,,,,,,,,,,,,,,,,,,,,,,,,,,,,,,,,,,,,,,,,,,,,,,,,,,,,,,,,,,,,,,1,Kesidisová 605215278,"Brno, Gajdošova 24 a 30",,,
"brno, gajdošova 26, česká republika","Brno, Gajdošova 26, Česká republika",,2026-09-17,136,Více než 60 dnů,zelená,2026-09-17 (plánovaná),,,čeká na přesné geokódování,"Kalendář FZ - 12 měsíců, 2023.xlsx",43,2014/nově 2024,,,,Jihomoravský,PS 5000/3F -10 minut,,,,,,,,,,,17/26,,,,,2024-komplet nový pajšl a výrobní číslo 24091001,,,,,,,,,,,,,,,,,,,,,,,,,,,,,,,,,,,,,,,,,,,,,,,,,,,,,,,,,,,,,,,,,,,,,,,,,1,"Jana MELOŠOVÁ
Telefon: +420 517 333 777","Brno, Gajdošova 26",,,
"brno, hlinky 995/70, polyfunkční dům, it administrativa, česká republika","Brno, Hlinky 995/70, polyfunkční dům, IT Administrativa, Česká republika",2026-02-04,2026-02-04,-89,Po termínu,červená,2026-02-04 (plánovaná),,,čeká na přesné geokódování,Kalendář FZ - 6 měsíců.xlsx,22,2022,,,Nešpůrek 777 021 797,Jihomoravský,ASTIP PS 1500/3F-10 minut,"Brno, Hlinky 995_70, polyfunkční dům, IT Administrativa",,,4/26,,,,,,,,,,,,2022 - nový zdroj ,,,,,,,,,,,,,,,,,,,,,,,,,,,,,,,,,,,,,,,,,,,,,,,,,,,,,,,,,,,,,,,,,,,,,,,,,1,,,,,
"brno, houbalova 6a, 6b + 10, česká republika","Brno, Houbalova 6A, 6B + 10, Česká republika",,2026-09-01,120,Více než 60 dnů,zelená,2026-09-01 (plánovaná),,,čeká na přesné geokódování,"Kalendář FZ - 12 měsíců, 2023.xlsx",44,"2014, 2017",,,,Jihomoravský,"2 x PS 3600/3F -7Min, STRONG 2000/3F/4C/1H",,,,,,,,,,,1/26,,,,,,,,,,,,,,,,,,,,,,,,,,,,,,,,,,,,,,,,,,,,,,,,,,,,,,,,,,,,,,,,,,,,,,,,,,,,,,1,,"Brno, Houbalova 6A, 6B + 10",B ,,
"brno, houbalova 8, česká republika","Brno, Houbalova 8, Česká republika",,2026-09-01,120,Více než 60 dnů,zelená,2026-09-01 (plánovaná),,,čeká na přesné geokódování,"Kalendář FZ - 12 měsíců, 2023.xlsx",45,2018,,,,Jihomoravský,"ASTIP STRONG 2000VA/3F -16,24 hodin",,,,,,,,,,,1/26,,,,,"2023 -zdroj dodávalo TRIDO, ještě jsou tam 3 k vratům, uvidíme, zda si budou objednávat revize ",,,,,,,,,,,,,,,,,,,,,,,,,,,,,,,,,,,,,,,,,,,,,,,,,,,,,,,,,,,,,,,,,,,,,,,,,1,Čejková 603 712 673,"Brno, Houbalova 8",,,
"brno, hrázní 1, česká republika","Brno, Hrázní 1, Česká republika",,2026-10-08,157,Více než 60 dnů,zelená,2026-10-08 (plánovaná),,,čeká na přesné geokódování,"Kalendář FZ - 12 měsíců, 2023.xlsx",46,2023,,ano,,Jihomoravský,ASTIP STRONG 50kVA/10kVA/3F-45 minut,,,,,,,,,,,,8/26,,,,,,,,,,,,,,,,,,,,,,,,,,,,,,,,,,,,,,,,,,,,,,,,,,,,,,,,,,,,,,,,,,,,,,,,,,,,,1,"Martin Pluhař
technický pracovník
+420 607 994 104
martin.pluhar@pcr.cz
www.policie.cz","Brno, Hrázní 1",,,
"brno, husova ulice, kryt, česká republika","Brno, Husova ulice, kryt, Česká republika",2022-04-13,,,Bez termínu,šedá,2022-04-13 (proběhlá); 2022-10-13 (nezjištěno),,,čeká na přesné geokódování,Kalendář FZ - 6 měsíců.xlsx,24,2020,,,pan Paleček 776 210 868,Jihomoravský,ASTIP STRONG 1000/1F-10 minut,"Brno, Husova ulice, kryt",,,,,13/22,,,,,,13/22,,,,"30.4.2025 -Lubovi řečeno, že zdroj už není…",,,,,,,,,,,,,,,,,,,,,,,,,,,,,,,,,,,,,,,,,,,,,,,,,,,,,,,,,,,,,,,,,,,,,,,,,2,,,,,
"brno, hviezdoslavova, dpmb vozovna slatina, česká republika","Brno, Hviezdoslavova, DPmB vozovna Slatina, Česká republika",2026-03-16,2026-03-16,-49,Po termínu,červená,2026-03-16 (plánovaná),,,čeká na přesné geokódování,Kalendář FZ - 6 měsíců.xlsx,23,2017,,,Poledník 602 111 395,Jihomoravský,PS 40kVA + PS 50kVA,"Brno, Hviezdoslavova, DPmB vozovna Slatina",,,,16/26,,,,,,,,,,,,,,,,,,,,,,,,,,,,,,,,,,,,,,,,,,,,,,,,,,,,,,,,,,,,,,,,,,,,,,,,,,,,,,,,,,,,1,,,,,
"brno, hybešova 49, česká republika","Brno, Hybešova 49, Česká republika",,2027-03-11,311,Více než 60 dnů,zelená,2027-03-11 (plánovaná),,,čeká na přesné geokódování,"Kalendář FZ - 12 měsíců, 2023.xlsx",47,"2018, new 2022",,poznámka,,Jihomoravský,STRONG 5000/3f – 10 minut,,,,,11/27,,,,,,,,,,,2027 -nutno vyměnit pomocku  -12Ah,,,,,,,,,,,,,,,,,,,,,,,,,,,,,,,,,,,,,,,,,,,,,,,,,,,,,,,,,,,,,,,,,,,,,,,,,1,,"Brno, Hybešova 49",,,
"brno, hybešova 63, oční studio žejdl, česká republika","Brno, Hybešova 63, oční studio Žejdl, Česká republika",2025-09-19,2025-09-19,-227,Po termínu,červená,2025-09-19 (plánovaná),,,čeká na přesné geokódování,"Kalendář FZ - 12 měsíců, 2023.xlsx",48,"2018, nově 2024",ano,,,Jihomoravský,"Strong 2000/3f, 45 min",,,,,,,,,,,19/25,,,,,nový zdroj 2024,,,,,,,,,,,,,,,,,,,,,,,,,,,,,,,,,,,,,,,,,,,,,,,,,,,,,,,,,,,,,,,,,,,,,,,,,1,"Michal Hryciow, 727 909 288","Brno, Hybešova 63, oční studio Žejdl",,5500,
"brno, jakubská 126, 11, kostel sv jakuba, česká republika","Brno, Jakubská 126, 11, kostel sv Jakuba, Česká republika",2025-12-03,2026-06-03,30,30–60 dnů,žlutá,2025-12-03 (proběhlá); 2026-06-03 (plánovaná),,,čeká na přesné geokódování,Kalendář FZ - 6 měsíců.xlsx,31,2024,ano,ano,Haičman 739 828 733,Jihomoravský,"ASTIP STRONG 4000VA/3F-45, 60 minut/EI60,","Brno, Jakubská 126,11,  kostel sv Jakuba",,,,,,,3/26,,,,,,3/25,,,,,,,,,,,,,,,,,,,,,,,,,,,,,,,,,,,,,,,,,,,,,,,,,,,,,,,,,,,,,,,,,,,,,,,,,,,2,,,,,
"brno, jarmily kurandové 8, česká republika","Brno, Jarmily Kurandové 8, Česká republika",2023-04-19,2023-04-19,-1111,Po termínu,červená,2023-04-19 (plánovaná),,,čeká na přesné geokódování,"Kalendář FZ - 12 měsíců, 2023.xlsx",50,2017,,,,Jihomoravský,PBZ 1000/1f - 45 min,,,,,,19/23,,,,,,,,,,,,,,,,,,,,,,,,,,,,,,,,,,,,,,,,,,,,,,,,,,,,,,,,,,,,,,,,,,,,,,,,,,,,,,,,,,,1,Šusterová - 608 081 158,"Brno, Jarmily Kurandové 8",,,
"brno, jedovnická 8a, ubytovna, česká republika","Brno, Jedovnická 8A, ubytovna, Česká republika",,2027-02-25,297,Více než 60 dnů,zelená,2027-02-25 (plánovaná),,,čeká na přesné geokódování,"Kalendář FZ - 12 měsíců, 2023.xlsx",51,2021,,,,Jihomoravský,ASTIP PS 37KVA/15kVA/3F - 45 minut,,,,25/27,,,,,,,,,,,,,,,,,,,,,,,,,,,,,,,,,,,,,,,,,,,,,,,,,,,,,,,,,,,,,,,,,,,,,,,,,,,,,,,,,,,,,1,pan Antonov 544 135 145/604212601,"Brno, Jedovnická 8A, ubytovna",,,
"brno, jinačovice 512e, hoxter s.r.o, česká republika","Brno, Jinačovice 512e, Hoxter s.r.o, Česká republika",2026-01-13,2026-07-13,70,Více než 60 dnů,zelená,2026-01-13 (proběhlá); 2026-07-13 (plánovaná),,,čeká na přesné geokódování,Kalendář FZ - 6 měsíců.xlsx,25,2017,ano,,"Popelka 703 149 138, Makovec 774 233 519",Jihomoravský,PS 3000/3f -10 minut,"Brno, Jinačovice 512e, Hoxter s.r.o",,13/26,,,,,,13/26,,,,,,,,6200,,,,,,,,,,,,,,,,,,,,,,,,,,,,,,,,,,,,,,,,,,,,,,,,,,,,,,,,,,,,,,,,,,,,,,,,2,,,,,
"brno, kabátníkova 2, bd, česká republika","Brno, Kabátníkova 2, BD, Česká republika",,2026-09-16,135,Více než 60 dnů,zelená,2026-09-16 (plánovaná),,,čeká na přesné geokódování,"Kalendář FZ - 12 měsíců, 2023.xlsx",52,2021,ano,ano,,Jihomoravský,ASTIP STRONG 3 000VA/3F -45 minut,,,,,,,,,,,16/26,,,,,,,,,,,,,,,,,,,,,,,,,,,,,,,,,,,,,,,,,,,,,,,,,,,,,,,,,,,,,,,,,,,,,,,,,,,,,,1,Zatloukalová 724 354 330,"Brno, Kabátníkova 2, BD",,,
"brno, kamenomlýnská 2, sš, mš, zš pro znevýhodněné, česká republika","Brno, Kamenomlýnská 2, SŠ, MŠ, ZŠ pro znevýhodněné, Česká republika",2025-12-03,2026-06-03,30,30–60 dnů,žlutá,2025-12-03 (proběhlá); 2026-06-03 (plánovaná),,,čeká na přesné geokódování,Kalendář FZ - 6 měsíců.xlsx,26,2023,ano,,pan Loula 778 457 877,Jihomoravský,STRONG 41kVA/15kVA/3F-10 minut,"Brno, Kamenomlýnská 2, SŠ ,MŠ, ZŠ pro znevýhodněné ",,,,,,,3/26,,,,,,3/25,,,,,,,,,,,,,,,,,,,,,,,,,,,,,,,,,,,,,,,,,,,,,,,,,,,,,,,,,,,,,,,,,,,,,,,,,,,2,,,,,
"brno, kamínky 3, česká republika","Brno, Kamínky 3, Česká republika",,2027-03-04,304,Více než 60 dnů,zelená,2027-03-04 (plánovaná),,,čeká na přesné geokódování,"Kalendář FZ - 12 měsíců, 2023.xlsx",53,2016,,,,Jihomoravský,"PS 30kVA/22kW, 15 min",,,,,4/27,,,,,,,,,,,,,,,,,,,,,,,,,,,,,,,,,,,,,,,,,,,,,,,,,,,,,,,,,,,,,,,,,,,,,,,,,,,,,,,,,,,,1,Penčík - 608 700 676 údržba,"Brno, Kamínky 3",,8750,
"brno, karásek 2219/1d, lachema, česká republika","Brno, Karásek 2219/1d, Lachema, Česká republika",,2026-06-25,52,30–60 dnů,žlutá,2026-06-25 (plánovaná),,,čeká na přesné geokódování,"Kalendář FZ - 12 měsíců, 2023.xlsx",54,2024,,,,Jihomoravský,ASTIP STRONG 4kVA + 2kVA,,,,,,,,25/26,,,,,,,,,,,,,,,,,,,,,,,,,,,,,,,,,,,,,,,,,,,,,,,,,,,,,,,,,,,,,,,,,,,,,,,,,,,,,,,,,1,Hudec 770 164 679,"Brno, Karásek 2219/1d, Lachema",,,
"brno, kigginsova 2, bruno family park, česká republika","Brno, Kigginsova 2, Bruno family park, Česká republika",2025-11-12,2026-05-12,8,7–30 dnů,oranžová,2025-11-12 (proběhlá); 2026-05-12 (plánovaná),,,čeká na přesné geokódování,Kalendář FZ - 6 měsíců.xlsx,27,"2015, nově 2023",,,"prcik@imosfacility.cz, 606 758 569",Jihomoravský,"1x 7500/3f, 1x 4000/3f-45 minut","Brno, Kigginsova 2, Bruno family park",,,,,,12/26,,,,,,12/25,,,"23.9.2024- 4kVA- KO, nabídka na komplet pajšl, vyměněno ...06/2023 -nový zdroj 7,5kVA                 7,5 kVA - 7.12.2020 - měnily se baterky",,,,,,,,,,,,,,,,,,,,,,,,,,,,,,,,,,,,,,,,,,,,,,,,,,,,,,,,,,,,,,,,,,,,,,,,,2,,,,,
"brno, kigginsova 4, 6, 8, česká republika","Brno, Kigginsova 4, 6, 8, Česká republika",,2026-06-25,52,30–60 dnů,žlutá,2026-06-25 (plánovaná); 2026-07-15 (plánovaná); 2026-12-03 (plánovaná),,,čeká na přesné geokódování,"Kalendář FZ - 12 měsíců, 2023.xlsx",55,2017.2016,,,,Jihomoravský,STRONG 7500/3f - 15 min.,,,,,,,,25/26-4,15/26-8,,,,,3/26-6,,,,,,,,,,,,,,,,,,,,,,,,,,,,,,,,,,,,,,,,,,,,,,,,,,,,,,,,,,,,,,,,,,,,,,,,,,,3,"Milan Svoboda 724261460, 533432514, IMOS","Brno, Kigginsova 4, 6, 8",,,
"brno, koniklecova 2, česká republika","Brno, Koniklecova 2, Česká republika",2026-02-24,2026-02-24,-69,Po termínu,červená,2026-02-24 (plánovaná),,,čeká na přesné geokódování,"Kalendář FZ - 12 měsíců, 2023.xlsx",56,2022,,,,Jihomoravský,ASTIP STRONG 62kVA/30kVA/3F-45 minut,,,,24/26,,,,,,,,,,,,,,,,,,,,,,,,,,,,,,,,,,,,,,,,,,,,,,,,,,,,,,,,,,,,,,,,,,,,,,,,,,,,,,,,,,,,,1,Machan Výtahy Brno -608 266 701,"Brno, Koniklecova 2",,,
"brno, koperníkova 1, bd, česká republika","Brno, Koperníkova 1, BD, Česká republika",2025-11-26,2026-05-26,22,7–30 dnů,oranžová,2025-11-26 (proběhlá); 2026-05-26 (plánovaná),,,čeká na přesné geokódování,Kalendář FZ - 6 měsíců.xlsx,28,2020,ano,,Čejková 603 712673,Jihomoravský,ASTIP STRONG 40kVA/3F -60 minut,"Brno, Koperníkova 1, BD",,,,,,26/26,,,,,,26/25,,,,,,,,,,,,,,,,,,,,,,,,,,,,,,,,,,,,,,,,,,,,,,,,,,,,,,,,,,,,,,,,,,,,,,,,,,,,2,,,,,
"brno, kopečná 17, jircháře 2, česká republika","Brno, Kopečná 17, Jircháře 2, Česká republika",2021-05-11,2021-08-11,-1727,Po termínu,červená,2021-05-11 (proběhlá); 2021-08-11 (plánovaná),,,čeká na přesné geokódování,"Kalendář FZ - 12 měsíců, 2023.xlsx",58,2016,,,,Jihomoravský,"Strong 15kVA/3f, 30 min",,,,,,,11/21,,,11/21,,,,,,"info od Libora - 04/2021 - dokud nebude vše narovnáno, nejezdit a nedělat FZ, pí. Bronislava Lorencová, 731 620 361 - správce Avrio invest s.r.o. SVJ to nechce dělat",,,,,,,,,,,,,,,,,,,,,,,,,,,,,,,,,,,,,,,,,,,,,,,,,,,,,,,,,,,,,,,,,,,,,,,,,2,otevírací paní 775 636 635,"Brno, Kopečná 17, Jircháře 2",,7500,
"brno, kopečná 34, bd, česká republika","Brno, Kopečná 34, BD, Česká republika",,2027-01-09,250,Více než 60 dnů,zelená,2027-01-09 (plánovaná),,,čeká na přesné geokódování,"Kalendář FZ - 12 měsíců, 2023.xlsx",59,2018,,,,Jihomoravský,ASTIP STRONG 1 000VA/1F -1H,,,9/27,,,,,,,,,,,,,,,,,,,,,,,,,,,,,,,,,,,,,,,,,,,,,,,,,,,,,,,,,,,,,,,,,,,,,,,,,,,,,,,,,,,,,,1,Martin Vítek,"Brno, Kopečná 34, BD",,,
"brno, kopečná, česká republika","Brno, Kopečná, Česká republika",2025-06-02,2025-06-02,-336,Po termínu,červená,2025-06-02 (plánovaná),,,čeká na přesné geokódování,"Kalendář FZ - 12 měsíců, 2023.xlsx",57,2014,,,,Jihomoravský,  PS 20 000/3f-35 minut,,,,,,,,2/25,,,,,,,,parkovací dům,,,,,,,,,,,,,,,,,,,,,,,,,,,,,,,,,,,,,,,,,,,,,,,,,,,,,,,,,,,,,,,,,,,,,,,,,1,"Schrack, Cachová, Nejedlý","Brno, Kopečná",,,
"brno, kotlářská 22, bd, česká republika","Brno, Kotlářská 22, BD, Česká republika",2026-01-28,2026-01-28,-96,Po termínu,červená,2026-01-28 (plánovaná),,,čeká na přesné geokódování,"Kalendář FZ - 12 měsíců, 2023.xlsx",61,2015,,,,jihomoravský,ASTIP PS 3000VA/3F/1F-10 minut,,,28/26,,,,,,,,,,,,,,,,,,,,,,,,,,,,,,,,,,,,,,,,,,,,,,,,,,,,,,,,,,,,,,,,,,,,,,,,,,,,,,,,,,,,,,1,Kejř 728 056 913,"Brno, Kotlářská 22, BD",,,
"brno, kotlářská 3, bd, česká republika","Brno, Kotlářská 3, BD, Česká republika",,2026-08-14,102,Více než 60 dnů,zelená,2026-08-14 (plánovaná),,,čeká na přesné geokódování,"Kalendář FZ - 12 měsíců, 2023.xlsx",60,2020,ano,ano,,Jihomoravský,ASTIP STRONG 15 kVA/3F -45 mint,,,,,,,,,,14/26,,,,,,,,,,,,,,,,,,,,,,,,,,,,,,,,,,,,,,,,,,,,,,,,,,,,,,,,,,,,,,,,,,,,,,,,,,,,,,,1,Tomáš PITROCHA IMOS - 604 222 030,"Brno, Kotlářská 3, BD",,,
"brno, košuličova 10, dr. max, česká republika","Brno, Košuličova 10, Dr. MAX, Česká republika",2024-05-28,2024-11-28,-522,Po termínu,červená,2024-05-28 (proběhlá); 2024-11-28 (plánovaná),,,čeká na přesné geokódování,Kalendář FZ - 6 měsíců.xlsx,29,2019,,,"Bořecký 735 159 670, 739 582 802",Jihomoravský,ASTIP STRONG 2 000VA/4C/1H,"Brno, Košuličova 10, Dr. MAX",,,,,,28/24,,,,,,28/24,,,,,,,,,,,,,,,,,,,,,,,,,,,,,,,,,,,,,,,,,,,,,,,,,,,,,,,,,,,,,,,,,,,,,,,,,,,,2,,,,,
"brno, kraví hora -hvězdárna, česká republika","Brno, Kraví Hora -Hvězdárna, Česká republika",2021-03-01,,,Bez termínu,šedá,2021-03-01 (nezjištěno),,,čeká na přesné geokódování,Kalendář FZ - 6 měsíců.xlsx,32,2013,,,Hladík 777 250 901,Jihomoravský,ASTIP PS 3 000VA/3F -5 minut,"Brno, Kraví Hora -Hvězdárna",,,,1/21,,,,,,,,,,,"1.3.2021 - STOP STAV, zdroj z roku 2013, první revize ..30.5.2023 poslaná aktualizace CN, odezva - nechtějí",,,,,,,,,,,,,,,,,,,,,,,,,,,,,,,,,,,,,,,,,,,,,,,,,,,,,,,,,,,,,,,,,,,,,,,,,1,,,,,
"brno, kumpoštova 7, 8, 11, česká republika","Brno, Kumpoštova 7, 8, 11, Česká republika",,2026-06-26,53,30–60 dnů,žlutá,2026-06-26 (plánovaná); 2026-08-27 (plánovaná),,,čeká na přesné geokódování,"Kalendář FZ - 12 měsíců, 2023.xlsx",64,2017,,,,Jihomoravský,"2xSchrack Strong 10kVA,1xStrong 20kVA",,,,,,,,26/26,,27/26-8,,,,,,,,,,,,,,,,,,,,,,,,,,,,,,,,,,,,,,,,,,,,,,,,,,,,,,,,,,,,,,,,,,,,,,,,,,,,,,,2,"Pitrucha - 604 222 030
Kašpárek – 604 222 031","Brno, Kumpoštova 7,8,11",,,
"brno, křepelčí, žabí, česká republika","Brno, Křepelčí, Žabí, Česká republika",2026-03-03,2026-03-03,-62,Po termínu,červená,2026-03-03 (plánovaná),,,čeká na přesné geokódování,"Kalendář FZ - 12 měsíců, 2023.xlsx",62,2014,,,,Jihomoravský,2x Schrack PBZ 3000/3f-45 minut,,,,,3/26-žabí,,,,,,,,,,,,,,,,,,,,,,,,,,,,,,,,,,,,,,,,,,,,,,,,,,,,,,,,,,,,,,,,,,,,,,,,,,,,,,,,,,,,1,Hnízdil - 770 778 081,"Brno, Křepelčí, Žabí",,,
"brno, kšírova 45, česká republika","Brno, Kšírova 45, Česká republika",2018-10-05,2018-10-05,-2768,Po termínu,červená,2018-10-05 (plánovaná),,,čeká na přesné geokódování,"Kalendář FZ - 12 měsíců, 2023.xlsx",63,2013,,,,Jihomoravský,  PS 4000VA/3f-35 minut,,,,,,,,,,,,5/18,,,,,,,,,,,,,,,,,,,,,,,,,,,,,,,,,,,,,,,,,,,,,,,,,,,,,,,,,,,,,,,,,,,,,,,,,,,,,1,Ing. Pírek - 602 584 869,"Brno, Kšírova 45",,,
"brno, langrova 1227-1d, česká republika","Brno, Langrova 1227-1D, Česká republika",,2026-05-21,17,7–30 dnů,oranžová,2026-05-21 (plánovaná),,,čeká na přesné geokódování,"Kalendář FZ - 12 měsíců, 2023.xlsx",65,2014,,,,Jihomoravský,SCHRACK PS 7500VA/3F ,,,,,,,21/26,,,,,,,,,,,,,,,,,,,,,,,,,,,,,,,,,,,,,,,,,,,,,,,,,,,,,,,,,,,,,,,,,,,,,,,,,,,,,,,,,,1,Jaroš 606 726 099,"Brno, Langrova 1227-1D",,,
"brno, lesná, fillova, obzor, česká republika","Brno, Lesná, Fillova, OBZOR, Česká republika",2024-02-13,2024-02-13,-811,Po termínu,červená,2024-02-13 (plánovaná),,,čeká na přesné geokódování,"Kalendář FZ - 12 měsíců, 2023.xlsx",29,2019,,,,Jihomoravský,"ASTIP PS 20 000/3F -45, 60 minut",,,,13/24,,,,,,,,,,,,"2025 - stále v řešení, 18.6.2024 -řeší M. Ledvina",,,,,,,,,,,,,,,,,,,,,,,,,,,,,,,,,,,,,,,,,,,,,,,,,,,,,,,,,,,,,,,,,,,,,,,,,1,"IMOS, pan Pejta 724 946 604","Brno - Lesná, Fillova, OBZOR",,,
"brno, libušino údolí 511/58, bd, česká republika","Brno, Libušino údolí 511/58, BD, Česká republika",2026-03-24,2026-03-24,-41,Po termínu,červená,2026-03-24 (plánovaná),,,čeká na přesné geokódování,"Kalendář FZ - 12 měsíců, 2023.xlsx",66,2021,,,,Jihomoravský,ASTIP STRONG 62kVA/20kVA/3F-45 minut,,,,,24/26,,,,,,,,,,,,,,,,,,,,,,,,,,,,,,,,,,,,,,,,,,,,,,,,,,,,,,,,,,,,,,,,,,,,,,,,,,,,,,,,,,,,1,"Netoušek, tel. 797 996 546","Brno, Libušino údolí 511/58, BD",,,
"brno, lidická 31, techlar, česká republika","Brno, Lidická 31, Techlar, Česká republika",2026-04-30,2026-04-30,-4,Po termínu,červená,2026-04-30 (plánovaná),,,čeká na přesné geokódování,"Kalendář FZ - 12 měsíců, 2023.xlsx",67,2016,,,,Jihomoravský,LiftBack 15kVA/3f-45min,,,,,,30/26,,,,,,,,,,,,,,,,,,,,,,,,,,,,,,,,,,,,,,,,,,,,,,,,,,,,,,,,,,,,,,,,,,,,,,,,,,,,,,,,,,,1,Imrich - 602 132 537,"Brno, Lidická 31, Techlar",,,
"brno, lidická 63, lužánky rezidence, česká republika","Brno, Lidická 63, Lužánky rezidence, Česká republika",2026-03-30,2026-09-30,149,Více než 60 dnů,zelená,2026-03-30 (proběhlá); 2026-09-30 (plánovaná),,,čeká na přesné geokódování,Kalendář FZ - 6 měsíců.xlsx,33,"2015 KO, 2024",,,Kazdová 728 248 520,Jihomoravský,  STRONG 75kVA/3f-60 minut,"Brno, Lidická 63, Lužánky rezidence",,,,30/26,,,,,,30/26,,,,,,,,,,,,,,,,,,,,,,,,,,,,,,,,,,,,,,,,,,,,,,,,,,,,,,,,,,,,,,,,,,,,,,,,,,,,,,2,,,,,
"brno, lidická 71 + lidická 71a, česká republika","Brno, Lidická 71 + Lidická 71a, Česká republika",,2026-10-29,178,Více než 60 dnů,zelená,2026-10-29 (plánovaná),,,čeká na přesné geokódování,"Kalendář FZ - 12 měsíců, 2023.xlsx",68,2020,,,,Jihomoravský,"STRONG 1kVA/1F-45min, ELSTON 500",,,,,,,,,,,,29/26,,,,,,,,,,,,,,,,,,,,,,,,,,,,,,,,,,,,,,,,,,,,,,,,,,,,,,,,,,,,,,,,,,,,,,,,,,,,,1,Jurák správce 608 548 611,"Brno, Lidická 71 + Lidická 71a",,,
"brno, lidl, jakuba obrovského, česká republika","Brno, Lidl, Jakuba Obrovského, Česká republika",,2027-03-20,320,Více než 60 dnů,zelená,2027-03-20 (plánovaná),,,čeká na přesné geokódování,"Kalendář FZ - 12 měsíců, 2023.xlsx",69,2017,,,,Jihomoravský,"ASTIP PS 15kVA/3F -30 minut, R-SOZ",,,,,20/27,,,,,,,,,,,,,,,,,,,,,,,,,,,,,,,,,,,,,,,,,,,,,,,,,,,,,,,,,,,,,,,,,,,,,,,,,,,,,,,,,,,,1,Bezruč - 724 610 251,"Brno, Lidl, Jakuba Obrovského",,,
"brno, lipová 586/28a, bd, česká republika","Brno, Lipová 586/28a, BD, Česká republika",,2026-10-08,157,Více než 60 dnů,zelená,2026-10-08 (plánovaná),,,čeká na přesné geokódování,"Kalendář FZ - 12 měsíců, 2023.xlsx",70,2023,,,,Jihomoravský,ASTIP STRONG 23/2kVA/3F -15 minut,,,,,,,,,,,,8/26,,,,,,,,,,,,,,,,,,,,,,,,,,,,,,,,,,,,,,,,,,,,,,,,,,,,,,,,,,,,,,,,,,,,,,,,,,,,,1,Skácel 775 938 185,"Brno, Lipová 586/28a, BD",,,
"brno, markůvky, panorama bystrc, česká republika","Brno, Markůvky, Panorama Bystrc, Česká republika",2025-12-23,2026-11-07,187,Více než 60 dnů,zelená,2025-12-23 (plánovaná); 2026-11-07 (plánovaná); 2027-01-26 (plánovaná); 2027-04-22 (plánovaná),,,čeká na přesné geokódování,"Kalendář FZ - 12 měsíců, 2023.xlsx",86,2016,,,,Jihomoravský,"D, E, F, G, H, I - Mraky zdrojů střašný peklo",,,26/27-D,,,22/27-F,,,,,,,7/26-H-13,23/25-I-Stop stav,,,,,,,,,,,,,,,,,,,,,,,,,,,,,,,,,,,,,,,,,,,,,,,,,,,,,,,,,,,,,,,,,,,,,,,,,,,4,,"Brno, Markůvky, Panorama Bystrc",,,
"brno, maříkova 1899/1, portaspes, česká republika","Brno, Maříkova 1899/1, PORTASPES, Česká republika",2026-02-18,2026-08-18,106,Více než 60 dnů,zelená,2026-02-18 (proběhlá); 2026-08-18 (plánovaná),,,čeká na přesné geokódování,Kalendář FZ - 6 měsíců.xlsx,34,2019,ano,,Lev  604 227 107,Jihomoravský,STRONG 1500/3F - 45 minut,"Brno, Maříkova 1899_1, PORTASPES",,,18/26,,,,,,18/26,,,,,,,,,,,,,,,,,,,,,,,,,,,,,,,,,,,,,,,,,,,,,,,,,,,,,,,,,,,,,,,,,,,,,,,,,,,,,,,2,,,,,
"brno, menšíkova 1 a 3 ( 1, 3.1, 3.2 ), česká republika","Brno, Menšíkova 1 a 3 ( 1, 3.1, 3.2 ), Česká republika",,2026-10-23,172,Více než 60 dnů,zelená,2026-10-23 (plánovaná),,,čeká na přesné geokódování,"Kalendář FZ - 12 měsíců, 2023.xlsx",71,"2017, 2018",,,,Jihomoravský,3x záložáky,,,,,,,,,,,,23/26,,,,"19.6.2024 - domluvi se s klukama, co dál...4.12.2023 -Menšíkova 1+3 - STOP STAV",,,,,,,,,,,,,,,,,,,,,,,,,,,,,,,,,,,,,,,,,,,,,,,,,,,,,,,,,,,,,,,,,,,,,,,,,1,Dobešová - 604 354 620,"Brno, Menšíkova 1 a 3 ( 1 , 3.1 , 3.2 )",,,
"brno, metodějova 3120/6, česká republika","Brno, Metodějova 3120/6, Česká republika",,2027-04-24,355,Více než 60 dnů,zelená,2027-04-24 (plánovaná),,,čeká na přesné geokódování,"Kalendář FZ - 12 měsíců, 2023.xlsx",72,2017,ano,ano,,Jihomoravský,"PS 5500/3f, 45 min. + RPO ",,,,,,24/27,,,,,,,,,,j.matejka@simek.cz,,,,,,,,,,,,,,,,,,,,,,,,,,,,,,,,,,,,,,,,,,,,,,,,,,,,,,,,,,,,,,,,,,,,,,,,,1,Najvirt 736 484 717 info@simek.cz,"Brno, Metodějova 3120/6",,5500,
"brno, mezírka 1, umělecká škola, česká republika","Brno, Mezírka 1, umělecká škola, Česká republika",2026-02-11,2026-08-11,99,Více než 60 dnů,zelená,2026-02-11 (proběhlá); 2026-08-11 (plánovaná),,,čeká na přesné geokódování,Kalendář FZ - 6 měsíců.xlsx,35,2016,,,Hana Stará - 722 946 078,Jihomoravský,PS 5000/3f-45 minut,"Brno, Mezírka 1, umělecká škola",,,11/26,,,,,,11/26,,,,,,,,,,,,,,,,,,,,,,,,,,,,,,,,,,,,,,,,,,,,,,,,,,,,,,,,,,,,,,,,,,,,,,,,,,,,,,,2,,,,,
"brno, mikulovská 9, česká republika","Brno, Mikulovská 9, Česká republika",2025-12-05,2026-06-05,32,30–60 dnů,žlutá,2025-12-05 (proběhlá); 2026-06-05 (plánovaná),,,čeká na přesné geokódování,Kalendář FZ - 6 měsíců.xlsx,38,2019,,,"Radka Bohanesová
Vedoucí Správy domů
602727598, 544231957",Jihomoravský,"PS 40 kVA/3F - 45, 60 minut","Brno, Mikulovská 9",,,,,,,5/26,,,,,,5/25,,,,,,,,,,,,,,,,,,,,,,,,,,,,,,,,,,,,,,,,,,,,,,,,,,,,,,,,,,,,,,,,,,,,,,,,,,,2,,,,,
"brno, mikuláškovo náměstí 20, dps, česká republika","Brno, Mikuláškovo náměstí 20, DPS, Česká republika",2026-01-27,2026-07-27,84,Více než 60 dnů,zelená,2026-01-27 (proběhlá); 2026-07-27 (plánovaná),,,čeká na přesné geokódování,Kalendář FZ - 6 měsíců.xlsx,37,2017,,,"Petra Doležalová, 734 310 869",Jihomoravský,PS 15kVA/3F - 45minut,"Brno, Mikuláškovo náměstí 20, DPS",,27/26,,,,,,27/26,,,,,,,,6200,,,,,,,,,,,,,,,,,,,,,,,,,,,,,,,,,,,,,,,,,,,,,,,,,,,,,,,,,,,,,,,,,,,,,,,,2,,,,,
"brno, milady horákové 25, česká republika","Brno, Milady Horákové 25, Česká republika",,2026-10-17,166,Více než 60 dnů,zelená,2026-10-17 (plánovaná),,,čeká na přesné geokódování,"Kalendář FZ - 12 měsíců, 2023.xlsx",73,2017,,,,Jihomoravský,PS 5000/3f-45 minut,,,,,,,,,,,,17/26,,,,,,,,,,,,,,,,,,,,,,,,,,,,,,,,,,,,,,,,,,,,,,,,,,,,,,,,,,,,,,,,,,,,,,,,,,,,,1,Tykalová - 608 081 158,"Brno, Milady Horákové 25",,,
"brno, mlýnská 69, bd, česká republika","Brno, Mlýnská 69, BD, Česká republika",2026-01-14,2026-01-14,-110,Po termínu,červená,2026-01-14 (plánovaná),,,čeká na přesné geokódování,"Kalendář FZ - 12 měsíců, 2023.xlsx",74,2018,,,,Jihomoravský,ASTIP STRONG 4 000/3F -45 minut,,,14/26,,,,,,,,,,,,,,,,,,,,,,,,,,,,,,,,,,,,,,,,,,,,,,,,,,,,,,,,,,,,,,,,,,,,,,,,,,,,,,,,,,,,,,1,Jonáš 602 55 295,"Brno, Mlýnská 69, BD",,,
"brno, mostecká 10, dozp, česká republika","Brno, Mostecká 10, DOZP, Česká republika",2026-02-02,2026-02-02,-91,Po termínu,červená,2026-02-02 (plánovaná),,,čeká na přesné geokódování,Kalendář FZ - 6 měsíců.xlsx,39,2021,,,Seman 702 180 979,Jihomoravský,ASTIP STRONG 30kVA/3f-45 min,"Brno, Mostecká 10, DOZP",,,2/26,,,,,,,,,,,,,,,,,,,,,,,,,,,,,,,,,,,,,,,,,,,,,,,,,,,,,,,,,,,,,,,,,,,,,,,,,,,,,,,,,,,,,1,,,,,
"brno, mostecká 12, bd, česká republika","Brno, Mostecká 12, BD, Česká republika",2026-01-30,2026-01-30,-94,Po termínu,červená,2026-01-30 (plánovaná),,,čeká na přesné geokódování,"Kalendář FZ - 12 měsíců, 2023.xlsx",75,2020,,,,Jihomoravský,STRONG 5 000/3F-10 minut,,,30/26,,,,,,,,,,,,,,,,,,,,,,,,,,,,,,,,,,,,,,,,,,,,,,,,,,,,,,,,,,,,,,,,,,,,,,,,,,,,,,,,,,,,,,1,Ing. František Kessner 721 834 194,"Brno, Mostecká 12, BD",,,
"brno, měštanská, sportovní hala tuřany, česká republika","Brno, Měštanská, sportovní hala Tuřany, Česká republika",2026-02-25,2026-08-25,113,Více než 60 dnů,zelená,2026-02-25 (proběhlá); 2026-08-25 (plánovaná),,,čeká na přesné geokódování,Kalendář FZ - 6 měsíců.xlsx,36,"2015, nově 2025",ano,,Roman Nesveda - 603 412 131,Jihomoravský,"  7,5kVA/3f-30minut","Brno, Měštanská, sportovní hala Tuřany",,,25/26,,,,,,25/26,,,,,,,,,,,,,,,,,,,,,,,,,,,,,,,,,,,,,,,,,,,,,,,,,,,,,,,,,,,,,,,,,,,,,,,,,,,,,,,2,,,,,
"brno, nad přehradou 17, česká republika","Brno, Nad Přehradou 17, Česká republika",,2027-04-07,338,Více než 60 dnů,zelená,2027-04-07 (plánovaná),,,čeká na přesné geokódování,"Kalendář FZ - 12 měsíců, 2023.xlsx",76,2016,,,,Jihomoravský,PS 40kVA/27kVA/3f - 30min.,,,,,,7/27,,,,,,,,,,,,,,,,,,,,,,,,,,,,,,,,,,,,,,,,,,,,,,,,,,,,,,,,,,,,,,,,,,,,,,,,,,,,,,,,,,,1,Charousová mob. 602 812 555,"Brno, Nad Přehradou 17",,,
"brno, netroufalky 6, kampus, česká republika","Brno, Netroufalky 6, Kampus, Česká republika",,2027-02-11,283,Více než 60 dnů,zelená,2027-02-11 (plánovaná),,,čeká na přesné geokódování,"Kalendář FZ - 12 měsíců, 2023.xlsx",77,2016,,,,Jihomoravský,"PS 30kVA 3f/1f, 60 min",,,,11/27,,,,,,,,,,,,,,,,,,,,,,,,,,,,,,,,,,,,,,,,,,,,,,,,,,,,,,,,,,,,,,,,,,,,,,,,,,,,,,,,,,,,,1,Hašek – 606 609 940 ,"Brno, Netroufalky 6, Kampus",,8500,
"brno, neumannova 17, bd, česká republika","Brno, Neumannova 17, BD, Česká republika",,2026-09-25,144,Více než 60 dnů,zelená,2026-09-25 (plánovaná),,,čeká na přesné geokódování,"Kalendář FZ - 12 měsíců, 2023.xlsx",78,2020,ano,,,Jihomoravský,"ASTIP STRONG 40kVA/3f -30,45 minut",,,,,,,,,,,25/26,,,,,první kontrola 2021,,,,,,,,,,,,,,,,,,,,,,,,,,,,,,,,,,,,,,,,,,,,,,,,,,,,,,,,,,,,,,,,,,,,,,,,,1,údržba - pan Vrzal 737 958 470,"Brno, Neumannova 17, BD",,,
"brno, neužilova 4, česká republika","Brno, Neužilova 4, Česká republika",,2026-07-01,58,30–60 dnů,žlutá,2026-07-01 (plánovaná),,,čeká na přesné geokódování,"Kalendář FZ - 12 měsíců, 2023.xlsx",79,2018,ano,,,Jihomoravský,Astip STRONG 15 000/3f - 45 min,,,,,,,,,1/26,,,,,,,je tam ještě 2 x recitfier 900W,,,,ano,,,,,,,,,,,,,,,,,,,,,,,,,,,,,,,,,,,,,,,,,,,,,,,,,,,,,,,,,,,,,,,,,,,,,1,Šindelář - 541 615 133,"Brno, Neužilova 4",,7500,
"brno, nopova 88, česká republika","Brno, Nopova 88, Česká republika",2018-10-05,2018-10-05,-2768,Po termínu,červená,2018-10-05 (plánovaná),,,čeká na přesné geokódování,Kalendář FZ - 6 měsíců.xlsx,40,2013,,,Němcová - 603 437 854,Jihomoravský,  PS 20 000/3f-45 minut,"Brno, Nopova 88",,,,,,,,,,,5/18,,,,nahrazeno on-line UPS technology,,,,,,,,,,,,,,,,,,,,,,,,,,,,,,,,,,,,,,,,,,,,,,,,,,,,,,,,,,,,,,,,,,,,,,,,,1,,,,,
"brno, nové sady, in sady, česká republika","Brno, Nové Sady, IN SADY, Česká republika",2026-03-12,2026-09-12,131,Více než 60 dnů,zelená,2026-03-12 (proběhlá); 2026-09-12 (plánovaná),,,čeká na přesné geokódování,Kalendář FZ - 6 měsíců.xlsx,41,2023,,,"Bartoňková 770 159 120, Rosi 775 709 513",Jihomoravský,ASTIP STRONG 100kVA/3F-45minut,"Brno, Nové Sady, IN SADY",,,,12/26,,,,,,12/26,,,,,,,,,,,,,,,,,,,,,,,,,,,,,,,,,,,,,,,,,,,,,,,,,,,,,,,,,,,,,,,,,,,,,,,,,,,,,,2,,,,,
"brno, oblá 33, česká republika","Brno, Oblá 33, Česká republika",,2026-07-23,80,Více než 60 dnů,zelená,2026-07-23 (plánovaná),,,čeká na přesné geokódování,"Kalendář FZ - 12 měsíců, 2023.xlsx",80,2018,,,,Jihomoravský,PS 20 000VA/3f - 45 min.,,,,,,,,,23/26,,,,,,,,,,,,,,,,,,,,,,,,,,,,,,,,,,,,,,,,,,,,,,,,,,,,,,,,,,,,,,,,,,,,,,,,,,,,,,,,1,Buranský - 606 744 404,"Brno, Oblá 33",,,
"brno, oblá 35, česká republika","Brno, Oblá 35, Česká republika",,2027-01-08,249,Více než 60 dnů,zelená,2027-01-08 (plánovaná),,,čeká na přesné geokódování,"Kalendář FZ - 12 měsíců, 2023.xlsx",81,2019,,,,Jihomoravský,PS 20 000VA/3f - 45 min.,,,8/27,,,,,,,,,,,,,,,,,,,,,,,,,,,,,,,,,,,,,,,,,,,,,,,,,,,,,,,,,,,,,,,,,,,,,,,,,,,,,,,,,,,,,,1,Buranský - 606 744 404,"Brno, Oblá 35",,,
"brno, oblá 79, česká republika","Brno, Oblá 79, Česká republika",2025-11-08,2025-11-08,-177,Po termínu,červená,2025-11-08 (plánovaná),,,čeká na přesné geokódování,"Kalendář FZ - 12 měsíců, 2023.xlsx",82,2018,ano,ano,,Jihomoravský,Astip STRONG 15 000/3f - 45 min,,,,,,,,,,,,,8/25,,,,,,,ano,,,,,,,,,,,,,,,,,,,,,,,,,,,,,,,,,,,,,,,,,,,,,,,,,,,,,,,,,,,,,,,,,,,,,1,Čikl - 602 741624,"Brno, Oblá 79",,9200,
"brno, oblá 83, česká republika","Brno, Oblá 83, Česká republika",,2026-09-25,144,Více než 60 dnů,zelená,2026-09-25 (plánovaná),,,čeká na přesné geokódování,"Kalendář FZ - 12 měsíců, 2023.xlsx",83,2023,,,,Jihomoravský,ASTIP STRONG 79kVA/30kVA/3F -45 minut,,,,,,,,,,,25/26,,,,,,,,,,,,,,,,,,,,,,,,,,,,,,,,,,,,,,,,,,,,,,,,,,,,,,,,,,,,,,,,,,,,,,,,,,,,,,1,Sojka (HISO servis) Tel.: 777 715 918,"Brno, Oblá 83",,,
"brno, olomoucká 61a, vinamo, česká republika","Brno, Olomoucká 61a, VINAMO, Česká republika",2026-01-27,2026-01-27,-97,Po termínu,červená,2026-01-27 (plánovaná),,,čeká na přesné geokódování,Kalendář FZ - 6 měsíců.xlsx,42,2019,,,Xuan Hoa Do 602 296 788,Jihomoravský,PS 10 000/3F -30 minut,"Brno, Olomoucká 61a, VINAMO",,27/26,,,,,,,,,,,,,objednána výměna - další revize v pondělí pan Dolníček 733 513 611,,,,,,,,,,,,,,,,,,,,,,,,,,,,,,,,,,,,,,,,,,,,,,,,,,,,,,,,,,,,,,,,,,,,,,,,,1,,,,,
"brno, opuštěná 4, polyfunkční dům, česká republika","Brno, Opuštěná 4, polyfunkční dům, Česká republika",,2027-01-21,262,Více než 60 dnů,zelená,2027-01-21 (plánovaná),,,čeká na přesné geokódování,"Kalendář FZ - 12 měsíců, 2023.xlsx",119,2023,ano,,,Jihomoravský ,ASTIP STRONG 125kVA/50kVA/3F-60 min.,,,21/27,,,,,,,,,,,,,,,,,,,,,,,,,,,,,,,,,,,,,,,,,,,,,,,,,,,,,,,,,,,,,,,,,,,,,,,,,,,,,,,,,,,,,,1,Štěpka 730 522 708,"Brno, Opuštěná 4, polyfunkční dům",,,
"brno, otiskova 7 a 9, česká republika","Brno, Otiskova 7 a 9, Česká republika",,2026-10-01,150,Více než 60 dnů,zelená,2026-10-01 (plánovaná); 2027-01-28 (plánovaná),,,čeká na přesné geokódování,"Kalendář FZ - 12 měsíců, 2023.xlsx",84,2022,,,,Jihomoravský,STRONG 3kVA + STRONG 3kVA,,,28/27-otiskova 7,,,,,,,,,1/26 -1 x stop stav 7,,,,,,,,,,,,,,,,,,,,,,,,,,,,,,,,,,,,,,,,,,,,,,,,,,,,,,,,,,,,,,,,,,,,,,,,,,,,,2,Merta 777 970 302,"Brno, Otiskova 7 a 9",,,
"brno, palackého třída 11, česká republika","Brno, Palackého třída 11, Česká republika",,2027-02-04,276,Více než 60 dnů,zelená,2027-02-04 (plánovaná),,,čeká na přesné geokódování,"Kalendář FZ - 12 měsíců, 2023.xlsx",85,2023,,,,Jihomoravský,ASTIP STRONG 32kVA/3kVA/3F-10 minut,,,,4/27,,,,,,,,,,,,,,,,,,,,,,,,,,,,,,,,,,,,,,,,,,,,,,,,,,,,,,,,,,,,,,,,,,,,,,,,,,,,,,,,,,,,,1,Ing. Michal Hryciow 727 909 288,"Brno, Palackého třída 11",,,
"brno, pastviny 10, meandr, česká republika","Brno, Pastviny 10, Meandr, Česká republika",,,,Bez termínu,šedá,,,,čeká na přesné geokódování,"Kalendář FZ - 12 měsíců, 2023.xlsx",87,2014,,,,Jihomoravský,  PS 3000/1f-10 minut,,,,,,,,,,,,,21,,,předávají jiné firmě,,,,,,,,,,,,,,,,,,,,,,,,,,,,,,,,,,,,,,,,,,,,,,,,,,,,,,,,,,,,,,,,,,,,,,,,,0,Stanislav Jan - 775 554 621,"Brno, Pastviny 10, Meandr",,,
"brno, plynárenská 8, bd, česká republika","Brno, Plynárenská 8, BD, Česká republika",2025-09-09,2025-09-09,-237,Po termínu,červená,2025-09-09 (plánovaná),,,čeká na přesné geokódování,"Kalendář FZ - 12 měsíců, 2023.xlsx",88,2021,,,,Jihomoravský,ASTIP PS 30kVA/15kVA/3F -45 minut,,,,,,,,,,,9/25,,,,,,,,,,,,,,,,,,,,,,,,,,,,,,,,,,,,,,,,,,,,,,,,,,,,,,,,,,,,,,,,,,,,,,,,,,,,,,1,Monika Jakubíková 542 175 149 | E: jakubikova.monika@brno.cz,"Brno, Plynárenská 8, BD",,,
"brno, podveská 28, bd triangl, česká republika","Brno, Podveská 28, BD Triangl, Česká republika",,2027-01-06,247,Více než 60 dnů,zelená,2027-01-06 (plánovaná),,,čeká na přesné geokódování,"Kalendář FZ - 12 měsíců, 2023.xlsx",89,2022,,,,Jihomoravský,ASTIP STRONG 9kVA/2kVA/1F-15 minut,,,6/27,,,,,,,,,,,,,,,,,,,,,,,,,,,,,,,,,,,,,,,,,,,,,,,,,,,,,,,,,,,,,,,,,,,,,,,,,,,,,,,,,,,,,,1,Mgr. Petr Koutný 603 142 347,"Brno, Podveská 28, BD Triangl",,,
"brno, podveská 39, 41, 43, česká republika","Brno, Podveská 39, 41, 43, Česká republika",2026-01-05,2026-01-05,-119,Po termínu,červená,2026-01-05 (plánovaná),,,čeká na přesné geokódování,"Kalendář FZ - 12 měsíců, 2023.xlsx",90,2014,,,,Jihomoravský,  PS 5000/3f-30 minut,,,5/26,,,,,,,,,,,,,,,,,,,,,,,,,,,,,,,,,,,,,,,,,,,,,,,,,,,,,,,,,,,,,,,,,,,,,,,,,,,,,,,,,,,,,,1,"Koutný – 603 142 347
Pěnčík - 608 700 676","Brno, Podveská 39,41,43",,,
"brno, popůvky, hotel victory, česká republika","Brno, Popůvky, hotel VICTORY, Česká republika",2025-02-24,2025-08-24,-253,Po termínu,červená,2025-02-24 (proběhlá); 2025-08-24 (plánovaná),,,čeká na přesné geokódování,Kalendář FZ - 6 měsíců.xlsx,15,2016,,,"Fukan 731 150 902, valuty@valuty.cz",Jihomoravský,ASTIP PS 40kVA/3F - 60minut,"Brno, Popůvky, hotel VICTORY",,,24/25,,,,,,24/25,,,,,,,9600,,,,,,,,,,,,,,,,,,,,,,,,,,,,,,,,,,,,,,,,,,,,,,,,,,,,,,,,,,,,,,,,,,,,,,,,2,,,,,
"brno, provazníkova 1655/82, porta resoluta, česká republika","Brno, Provazníkova 1655/82, Porta Resoluta, Česká republika",2025-11-07,2027-01-29,270,Více než 60 dnů,zelená,2025-11-07 (plánovaná); 2027-01-29 (plánovaná),,,čeká na přesné geokódování,"Kalendář FZ - 12 měsíců, 2023.xlsx",91,2018,,,,Jihomoravský,"PS 15 000/3f - 45min., STRONG 25 000/3F-45 minut",,,29/27,,,,,,,,,,7/25-25kVA,,,v řešení zajistit kontrolu celeho baraku,,,,,,,,,,,,,,,,,,,,,,,,,,,,,,,,,,,,,,,,,,,,,,,,,,,,,,,,,,,,,,,,,,,,,,,,,2,Tůma 724 652 737                        Kselík 605 503 939,"Brno, Provazníkova 1655_82, Porta Resoluta",,,
"brno, prušánecká 6, česká republika","Brno, Prušánecká 6, Česká republika",2024-07-03,2024-07-03,-670,Po termínu,červená,2024-07-03 (plánovaná),,,čeká na přesné geokódování,"Kalendář FZ - 12 měsíců, 2023.xlsx",93,2014,,,,Jihomoravský,  PS 12 000/3f-45 minut,,,,,,,,,3/24,,,,,,,,,,,,,,,,,,,,,,,,,,,,,,,,,,,,,,,,,,,,,,,,,,,,,,,,,,,,,,,,,,,,,,,,,,,,,,,,1,"Bc. Miroslav Geršl – 602234511
Technik p. Gregor - 733697439","Brno, Prušánecká 6",,,
"brno, průšanecká 14, česká republika","Brno, Průšanecká 14, Česká republika",2021-05-03,,,Bez termínu,šedá,2021-05-03 (nezjištěno),,,čeká na přesné geokódování,"Kalendář FZ - 12 měsíců, 2023.xlsx",92,2011,,,,Jihomoravský,PS 12000/3f – 10 min,,,,,,,3/21,,,,,,,,,"19.6.2024 -mají nový zdroj, ne náš...3.5.2021 -stop stav, nabídka na nový zdroj, Fakturu na Konekta Výtahy",,,,,,,,,,,,,,,,,,,,,,,,,,,,,,,,,,,,,,,,,,,,,,,,,,,,,,,,,,,,,,,,,,,,,,,,,1,Dvořáček - 732 652 667,"Brno, Průšanecká 14",,,
"brno, purkyňova 99, redhat, česká republika","Brno, Purkyňova 99, REDHAT, Česká republika",2024-05-17,2024-05-17,-717,Po termínu,červená,2024-05-17 (plánovaná),,,čeká na přesné geokódování,"Kalendář FZ - 12 měsíců, 2023.xlsx",96,2017,,,,Jihomoravský,RPO,,,,,,,17/24,,,,,,,,,,,,,,,,,,,,,,,,,,,,,,,,,,,,,,,,,,,,,,,,,,,,,,,,,,,,,,,,,,,,,,,,,,,,,,,,,,1,Corradini 724 230 992,"Brno, Purkyňova 99, REDHAT",,,
"brno, přadlácká 628/12, bd, česká republika","Brno, Přadlácká 628/12, BD, Česká republika",,2026-11-18,198,Více než 60 dnů,zelená,2026-11-18 (plánovaná),,,čeká na přesné geokódování,"Kalendář FZ - 12 měsíců, 2023.xlsx",94,2019,,,,Jihomoravský,ASTIP STRONG 1 500VA/1F -10 min. + RPO,,,,,,,,,,,,,18/26,,,,,,,,,,,,,,,,,,,,,,,,,,,,,,,,,,,,,,,,,,,,,,,,,,,,,,,,,,,,,,,,,,,,,,,,,,,,1,"Ing. Tomáš Grísa, Ph.D,  602 734 638","Brno, Přadlácká 628/12, BD",,,
"brno, přízova 16, bd firmy gm electronic, česká republika","Brno, Přízova 16, BD firmy GM electronic, Česká republika",,2027-03-17,317,Více než 60 dnů,zelená,2027-03-17 (plánovaná),,,čeká na přesné geokódování,"Kalendář FZ - 12 měsíců, 2023.xlsx",95,2020,,,,Jihomoravský,STRONG 3000/3F-15minut,,,,,17/27,,,,,,,,,,,,,,,,,,,,,,,,,,,,,,,,,,,,,,,,,,,,,,,,,,,,,,,,,,,,,,,,,,,,,,,,,,,,,,,,,,,,1,"Jozef Križovenský
Vedoucí pobočky Brno, 735 036 222","Brno, Přízova 16, BD firmy GM electronic",,,
"brno, přízova 285-3-bochner vlněná, česká republika","Brno, Přízova 285-3-Bochner Vlněná, Česká republika",2025-10-17,2026-04-17,-17,Po termínu,červená,2025-10-17 (proběhlá); 2026-04-17 (plánovaná),,,čeká na přesné geokódování,Kalendář FZ - 6 měsíců.xlsx,43,2019,,,Martin Dufek 703 426 998/ 24-7 -servis 735 7219 510,Jihomoravský,STRONG 2000/3F -60 minut + RPO,"Brno, Přízova 285-3-Bochner Vlněná",,,,,17/26,,,,,,17/25,,,,,,,,,,,,,,,,,,,,,,,,,,,,,,,,,,,,,,,,,,,,,,,,,,,,,,,,,,,,,,,,,,,,,,,,,,,,,2,,,,,
"brno, reissigova . 620-15, bd, česká republika","Brno, Reissigova . 620-15, BD, Česká republika",,2026-11-20,200,Více než 60 dnů,zelená,2026-11-20 (plánovaná),,,čeká na přesné geokódování,"Kalendář FZ - 12 měsíců, 2023.xlsx",97,2020,,,,Jihomoravský,"ASTIP PS 75kVA/3F-45 minut, RPO",,,,,,,,,,,,,20/26,,,,,,,,,,,,,,,,,,,,,,,,,,,,,,,,,,,,,,,,,,,,,,,,,,,,,,,,,,,,,,,,,,,,,,,,,,,,1,"Ondřej Doležel, IMOS , 737 995 967","Brno, Reissigova č.p. 620-15, BD",,,
"brno, rolnická 1, bd, česká republika","Brno, Rolnická 1, BD, Česká republika",,2027-01-28,269,Více než 60 dnů,zelená,2027-01-28 (plánovaná),,,čeká na přesné geokódování,"Kalendář FZ - 12 měsíců, 2023.xlsx",35,2019,,,,Jihomoravský,  PS 20kVA/3f-45 minut,,,28/27,,,,,,,,,,,,,,,,,,,,,,,,,,,,,,,,,,,,,,,,,,,,,,,,,,,,,,,,,,,,,,,,,,,,,,,,,,,,,,,,,,,,,,1,"Křížová Evgenija - 776 098 508
           evgenya@seznam.cz","Brno, Rolnická 1, BD",,4000,
"brno, rolnická 5, bd, česká republika","Brno, Rolnická 5, BD, Česká republika",,2026-10-20,169,Více než 60 dnů,zelená,2026-10-20 (plánovaná),,,čeká na přesné geokódování,"Kalendář FZ - 12 měsíců, 2023.xlsx",98,2023,,,,Jihomoravský,ASTIP STRONG 30kVA/3F-45 minut,,,,,,,,,,,,20/26,,,,,,,,,,,,,,,,,,,,,,,,,,,,,,,,,,,,,,,,,,,,,,,,,,,,,,,,,,,,,,,,,,,,,,,,,,,,,1,"HISO, Sojka 777 715 918","Brno, Rolnická 5, BD",,,
"brno, rooseveltova 16, krajský soud, česká republika","Brno, Rooseveltova 16, Krajský soud, Česká republika",2025-12-17,2025-12-17,-138,Po termínu,červená,2025-12-17 (plánovaná),,,čeká na přesné geokódování,Kalendář FZ - 6 měsíců.xlsx,44,2021,,,Fölkl 602 402 147,Jihomoravský,ASTIP PS 30kVA/3F-45 minut,"Brno, Rooseveltova 16, Krajský soud",,,,,,,,,,,,,17/25,,,,,,,,,,,,,,,,,,,,,,,,,,,,,,,,,,,,,,,,,,,,,,,,,,,,,,,,,,,,,,,,,,,,,,,,,,,1,,,,,
"brno, rotalova 18, česká republika","Brno, Rotalova 18, Česká republika",2020-10-22,2020-10-22,-2020,Po termínu,červená,2020-10-22 (plánovaná),,,čeká na přesné geokódování,"Kalendář FZ - 12 měsíců, 2023.xlsx",99,2019,,,,Jihomoravský,STRONG 500/1f - 1H,,,,,,,,,,,,22/20,,,,,,,,,,,,,,,,,,,,,,,,,,,,,,,,,,,,,,,,,,,,,,,,,,,,,,,,,,,,,,,,,,,,,,,,,,,,,1,Cagášek - 605 705 386,"Brno, Rotalova 18",,,
"brno, rotalova 80, 82, 84, bd, česká republika","Brno, Rotalova 80, 82, 84, BD, Česká republika",,2026-05-15,11,7–30 dnů,oranžová,2026-05-15 (plánovaná); 2026-06-30 (plánovaná),,,čeká na přesné geokódování,"Kalendář FZ - 12 měsíců, 2023.xlsx",100,"2019, 2018",ano,ano,,Jihomoravský,"80 - STRONG 2kVA/3F-45min, 82+84 -STRONG 3kVA/3F-45 minut",,,,,,,15/26-1 x stop stav 2025,30/26-82,,,,,,,,"Info- 1. termín FZ prošvihli, první oprava byla zdarma, pozor na další, už jm účtovat",,,,,,,,,,,,,,,,,,,,,,,,,,,,,,,,,,,,,,,,,,,,,,,,,,,,,,,,,,,,,,,,,,,,,,,,,2,733 737 929 - Ondřej Valouch,"Brno, Rotalova 80,82,84, BD",,,
"brno, rybářská 5a, česká republika","Brno, Rybářská 5a, Česká republika",2026-02-18,2026-02-18,-75,Po termínu,červená,2026-02-18 (plánovaná),,,čeká na přesné geokódování,"Kalendář FZ - 12 měsíců, 2023.xlsx",101,2016,ano,,,Jihomoravský,"5kVA/3f, 1500/1f-45 minut",,,,18/26-5kVA,,,,,,,,,,,,,,,,,,,,,,,,,,,,,,,,,,,,,,,,,,,,,,,,,,,,,,,,,,,,,,,,,,,,,,,,,,,,,,,,,,,,,1,Ing. Karel Svoboda 723 158 581,"Brno, Rybářská 5a",,,
"brno, sekaninova 3, česká republika","Brno, Sekaninova 3, Česká republika",2025-12-08,2025-12-08,-147,Po termínu,červená,2025-12-08 (plánovaná),,,čeká na přesné geokódování,Kalendář FZ - 6 měsíců.xlsx,45,2020,,,Čuprová Adámková 775 980 776,Jihomoravský,ASTIP STRONG 15kVA/3F -45 minut,"Brno, Sekaninova 3",,,,,,,,,,,,,8/25,,,,,,,,,,,,,,,,,,,,,,,,,,,,,,,,,,,,,,,,,,,,,,,,,,,,,,,,,,,,,,,,,,,,,,,,,,,1,,,,,
"brno, selská 37, česká republika","Brno, Selská 37, Česká republika",,2026-08-19,107,Více než 60 dnů,zelená,2026-08-19 (plánovaná),,,čeká na přesné geokódování,"Kalendář FZ - 12 měsíců, 2023.xlsx",104,2018,,,,Jihomoravský,STRONG 2000/3F -10 minut + RPO,,,,,,,,,,19/26,,,,,,,,,,,,,,,,,,,,,,,,,,,,,,,,,,,,,,,,,,,,,,,,,,,,,,,,,,,,,,,,,,,,,,,,,,,,,,,1,Huták 702 194 887,"Brno, Selská 37",,,
"brno, skořepka 4, česká republika","Brno, Skořepka 4, Česká republika",2025-02-28,2025-02-28,-430,Po termínu,červená,2025-02-28 (plánovaná),,,čeká na přesné geokódování,"Kalendář FZ - 12 měsíců, 2023.xlsx",105,2017,,,,Jihomoravský,PS 3kVA/3f-20 min,,,,28/25,,,,,,,,,,,,"fakturu + protokol poštou, viz složka",,,,,,,,,,,,,,,,,,,,,,,,,,,,,,,,,,,,,,,,,,,,,,,,,,,,,,,,,,,,,,,,,,,,,,,,,1,Butula - 724 438 604,"Brno, Skořepka 4",,,
"brno, sokolova 1e, česká republika","Brno, Sokolova 1e, Česká republika",,2027-01-06,247,Více než 60 dnů,zelená,2027-01-06 (plánovaná),,,čeká na přesné geokódování,"Kalendář FZ - 12 měsíců, 2023.xlsx",106,2022,ano,ano,,Jihomoravský,"STRONG 1500VA/3F-60 minut, EI",,,6/27,,,,,,,,,,,,,,,,,,,,,,,,,,,,,,,,,,,,,,,,,,,,,,,,,,,,,,,,,,,,,,,,,,,,,,,,,,,,,,,,,,,,,,1,Petr Kavalec 734 480 318,"Brno, Sokolova 1e",,,
"brno, spolková 8a, česká republika","Brno, Spolková 8a, Česká republika",2025-07-02,2025-07-02,-306,Po termínu,červená,2025-07-02 (plánovaná),,,čeká na přesné geokódování,"Kalendář FZ - 12 měsíců, 2023.xlsx",107,2020,ano,ano,,Jihomoravský,PS 4000/3f -10 minut,,,,,,,,,2/25,,,,,,,hlídat sami kontroly,,,,,,,,,,,,,,,,,,,,,,,,,,,,,,,,,,,,,,,,,,,,,,,,,,,,,,,,,,,,,,,,,,,,,,,,,1,Ing. Tomáš  Weigner 734 182 774 ,"Brno, Spolková 8a",,,
"brno, spěšná 732/4, bd, česká republika","Brno, Spěšná 732/4, BD, Česká republika",2024-08-21,2024-08-21,-621,Po termínu,červená,2024-08-21 (plánovaná),,,čeká na přesné geokódování,"Kalendář FZ - 12 měsíců, 2023.xlsx",114,2015,,,,Jihomoravský,STRONG 2000VA/3F-15 minut,,,,,,,,,,21/24,,,,,,27.2.2025 -poslán dotaz sramkovi i s cenovkou,,,,,,,,,,,,,,,,,,,,,,,,,,,,,,,,,,,,,,,,,,,,,,,,,,,,,,,,,,,,,,,,,,,,,,,,,1,Šramko 776 089 989,"Brno, Spěšná 732/4, BD",,,
"brno, srbská 68, česká republika","Brno, Srbská 68, Česká republika",2022-09-05,,,Bez termínu,šedá,2022-09-05 (nezjištěno),,,čeká na přesné geokódování,"Kalendář FZ - 12 měsíců, 2023.xlsx",108,2018,,,,Jihomoravský,STRONG 2000/3F -35 minut + RPO,,,,,,,,,,,5/22,,,,,19.6.2024 -mají nový zdroj od jiného dodavatele,,,,,,,,,,,,,,,,,,,,,,,,,,,,,,,,,,,,,,,,,,,,,,,,,,,,,,,,,,,,,,,,,,,,,,,,,1,Krulová 775 675 947,"Brno, Srbská 68",,,
"brno, starobrněnská 10, hotel royal ricc, česká republika","Brno, Starobrněnská 10, Hotel Royal Ricc, Česká republika",2026-02-11,2026-08-11,99,Více než 60 dnů,zelená,2026-02-11 (proběhlá); 2026-08-11 (plánovaná),,,čeká na přesné geokódování,Kalendář FZ - 6 měsíců.xlsx,46,2023,,,Aubrechtová ,Jihomoravský,ASTIP PS 15kVA/3F-45 minut,"Brno, Starobrněnská 10, Hotel Royal Ricc",,,11/26,,,,,,11/26,,,,,,,,,,,,,,,,,,,,,,,,,,,,,,,,,,,,,,,,,,,,,,,,,,,,,,,,,,,,,,,,,,,,,,,,,,,,,,,2,,,,,
"brno, starobrněnská 9, česká republika","Brno, Starobrněnská 9, Česká republika",2026-01-14,2026-01-14,-110,Po termínu,červená,2026-01-14 (plánovaná),,,čeká na přesné geokódování,"Kalendář FZ - 12 měsíců, 2023.xlsx",109,2013,ano,,,Jihomoravský,  PS 10 000/3f-45 minut,,,14/26,,,,,,,,,,,,,,,,,,,,,,,,,,,,,,,,,,,,,,,,,,,,,,,,,,,,,,,,,,,,,,,,,,,,,,,,,,,,,,,,,,,,,,1,"Otto Rinchenbach, 603 428 221","Brno, Starobrněnská 9",,,
"brno, střední 65, brno ponavia residence iii, bd, česká republika","Brno, Střední 65, Brno Ponavia residence III, BD, Česká republika",,2027-03-09,309,Více než 60 dnů,zelená,2027-03-09 (plánovaná),,,čeká na přesné geokódování,"Kalendář FZ - 12 měsíců, 2023.xlsx",110,2023,ano,,,Jihomoravský,ASTIP STRONG 81kVA/15kVA/3f-45 minut,,,,,9/27,,,,,,,,,,,,,,,,,,,,,,,,,,,,,,,,,,,,,,,,,,,,,,,,,,,,,,,,,,,,,,,,,,,,,,,,,,,,,,,,,,,,1,Fleischer 733 760 908,"Brno, Střední 65, Brno Ponavia residence III - BD",,,
"brno, svatopetrská 536/20, česká republika","Brno, Svatopetrská 536/20, Česká republika",,,,Bez termínu,šedá,,,,čeká na přesné geokódování,Kalendář FZ - 6 měsíců.xlsx,47,2017,,,Vrbický - 608 115 544,Jihomoravský,PS 20kVA/1f-12 hodin,"Brno, Svatopetrská 536/20",,,,,,,,,,,,,,,"prázdná budova, prodává se",8200,,,,,,,,,,,,,,,,,,,,,,,,,,,,,,,,,,,,,,,,,,,,,,,,,,,,,,,,,,,,,,,,,,,,,,,,0,,,,,
"brno, svážná 1, česká republika","Brno, Svážná 1, Česká republika",,2027-04-23,354,Více než 60 dnů,zelená,2027-04-23 (plánovaná),,,čeká na přesné geokódování,"Kalendář FZ - 12 měsíců, 2023.xlsx",111,2017,,ano,,Jihomoravský,STRONG 15 kVA/3F - 45 minut,,,,,,23/27,,,,,,,,,,,,,,,,,,,,,,,,,,,,,,,,,,,,,,,,,,,,,,,,,,,,,,,,,,,,,,,,,,,,,,,,,,,,,,,,,,,1,Vašourek - 603 709 653,"Brno, Svážná 1",,,
"brno, svážná 7, česká republika","Brno, Svážná 7, Česká republika",,2026-08-26,114,Více než 60 dnů,zelená,2026-08-26 (plánovaná),,,čeká na přesné geokódování,"Kalendář FZ - 12 měsíců, 2023.xlsx",112,2022,,,,Jihomoravský,ASTIP STRONG 62kVA/30kVA/3F-45 minut,,,,,,,,,,26/26,,,,,,,,,,,,,,,,,,,,,,,,,,,,,,,,,,,,,,,,,,,,,,,,,,,,,,,,,,,,,,,,,,,,,,,,,,,,,,,1,Machan Výtahy Brno - 608 266 701,"Brno, Svážná 7",,,
"brno, teyschlova 29, 31, česká republika","Brno, Teyschlova 29, 31, Česká republika",2026-02-24,2026-02-24,-69,Po termínu,červená,2026-02-24 (plánovaná),,,čeká na přesné geokódování,"Kalendář FZ - 12 měsíců, 2023.xlsx",117,2020,,,,Jihomoravský,ASTIP PS 40kVA/3F -45 minut,,,,24/26,,,,,,,,,,,,,,,,,,,,,,,,,,,,,,,,,,,,,,,,,,,,,,,,,,,,,,,,,,,,,,,,,,,,,,,,,,,,,,,,,,,,,1,Prokeš 737 739 234,"Brno, Teyschlova 29, 31",,,
"brno, trnková 117c, f.svs fem, česká republika","Brno, Trnková 117c, f.SVS FEM, Česká republika",2026-03-17,2026-03-17,-48,Po termínu,červená,2026-03-17 (plánovaná),,,čeká na přesné geokódování,Kalendář FZ - 6 měsíců.xlsx,53,2019,ano,,kailerová recepce 737 138 481,Jihomoravský,ASTIP STRONG 2kVA/1F-15minut/EI45,"Brno, Trnková 117c, f.SVS FEM",,,,17/26,,,,,,,,,,,,,,,,,,,,,,,,,,,,,,,,,,,,,,,,,,,,,,,,,,,,,,,,,,,,,,,,,,,,,,,,,,,,,,,,,,,,1,,,,,
"brno, turgeněvova 9, 11, česká republika","Brno, Turgeněvova 9, 11, Česká republika",2026-02-25,2026-02-25,-68,Po termínu,červená,2026-02-25 (plánovaná),,,čeká na přesné geokódování,"Kalendář FZ - 12 měsíců, 2023.xlsx",118,2018,,,,Jihomoravský,STRONG 1000/1F-10 minut,,,,25/26-9 +27/-11,,,,,,,,,,,,,,,,,,,,,,,,,,,,,,,,,,,,,,,,,,,,,,,,,,,,,,,,,,,,,,,,,,,,,,,,,,,,,,,,,,,,,1,Čejková 603 712 673,"Brno, Turgeněvova 9,11",,,
"brno, tábor 22, dps, česká republika","Brno, Tábor 22, DPS, Česká republika",2026-02-11,2026-08-11,99,Více než 60 dnů,zelená,2026-02-11 (proběhlá); 2026-08-11 (plánovaná),,,čeká na přesné geokódování,Kalendář FZ - 6 měsíců.xlsx,52,2017,ano,,Slavík - správce - 724 787 146,Jihomoravský,PS LiftBack7500/3f-45 minut,"Brno, Tábor 22, DPS",,,11/26,,,,,,11/26,,,,,,,6300,,,,,,,,,,,,,,,,,,,,,,,,,,,,,,,,,,,,,,,,,,,,,,,,,,,,,,,,,,,,,,,,,,,,,,,,2,,,,,
"brno, tábor 28b, bytový dům, česká republika","Brno, Tábor 28b, bytový dům, Česká republika",,2027-02-18,290,Více než 60 dnů,zelená,2027-02-18 (plánovaná),,,čeká na přesné geokódování,"Kalendář FZ - 12 měsíců, 2023.xlsx",115,2021,,,,Jihomoravský,ASTIP STRONG 4kVA/750VA/1F-15 minut,,,,18/27,,,,,,,,,,,,,,,,,,,,,,,,,,,,,,,,,,,,,,,,,,,,,,,,,,,,,,,,,,,,,,,,,,,,,,,,,,,,,,,,,,,,,1,"pí Ben-Chenni, 737 157 805","Brno, Tábor 28b, bytový dům",,,
"brno, tábor 34a, česká republika","Brno, Tábor 34a, Česká republika",,,,Bez termínu,šedá,,,,čeká na přesné geokódování,"Kalendář FZ - 12 měsíců, 2023.xlsx",116,2011,,,,Jihomoravský,POSLAT HASIČE,,,KO od 2013,,,,,,,,,,,,,,,,,,,,,,,,,,,,,,,,,,,,,,,,,,,,,,,,,,,,,,,,,,,,,,,,,,,,,,,,,,,,,,,,,,,,,,0,,"Brno, Tábor 34a",,,
"brno, u červeného mlýna 616-14, ponavia rezidence ii, česká republika","Brno, U Červeného mlýna 616-14, PONAVIA REZIDENCE II, Česká republika",,2027-03-26,326,Více než 60 dnů,zelená,2027-03-26 (plánovaná),,,čeká na přesné geokódování,"Kalendář FZ - 12 měsíců, 2023.xlsx",325,2019,ano,,,Jihomoravský,STRONG 30kVA/3F - 45 minut,,,,,26/27,,,,,,,,,,,,,,,,,,,,,,,,,,,,,,,,,,,,,,,,,,,,,,,,,,,,,,,,,,,,,,,,,,,,,,,,,,,,,,,,,,,,1,správa 733 713 838,"Brno, U Červeného mlýna 616-14, PONAVIA REZIDENCE II",,,
"brno, valtická 3, česká republika","Brno, Valtická 3, Česká republika",2025-04-18,2025-04-18,-381,Po termínu,červená,2025-04-18 (plánovaná),,,čeká na přesné geokódování,"Kalendář FZ - 12 měsíců, 2023.xlsx",120,2017,,,,Jihomoravský,"Astip PS 10000/3f, 45 min",,,,,,18/25???,,,,,,,,,,"18/4 2024, měnil se střídač, bez protokolu, tedy zaslaná jen fa. bez protokolu",,,,,,,,,,,,,,,,,,,,,,,,,,,,,,,,,,,,,,,,,,,,,,,,,,,,,,,,,,,,,,,,,,,,,,,,,1,"darina.jelinkova@cz.schindler.com, 605235325","Brno, Valtická 3",,,
"brno, velkopavlovická 12, česká republika","Brno, Velkopavlovická 12, Česká republika",2023-08-16,2023-08-16,-992,Po termínu,červená,2023-08-16 (plánovaná),,,čeká na přesné geokódování,"Kalendář FZ - 12 měsíců, 2023.xlsx",121,2013,,,,Jihomoravský,  PS 12 000/3f-45 minut,,,,,,,,,,16/23,,,,,,"2025 -nový zdroj řeší Kuba Veselský, 24. +25.6.2024telefon neustále vypnutý, možná na dovči, zkusit příští týden",,,,,,,,,,,,,,,,,,,,,,,,,,,,,,,,,,,,,,,,,,,,,,,,,,,,,,,,,,,,,,,,,,,,,,,,,1,Bc. Miroslav Geršl – 602 234 511,"Brno, Velkopavlovická 12",,,
"brno, velkopavlovická 7, česká republika","Brno, Velkopavlovická 7, Česká republika",,,,Bez termínu,šedá,,,,čeká na přesné geokódování,"Kalendář FZ - 12 měsíců, 2023.xlsx",122,2014,,,,Jihomoravský,PS 20kVA/3f ,,,,,,,,,,,,,,13,,"zatím to visí na pojišťovně, 8.1.2020",,,,,,,,,,,,,,,,,,,,,,,,,,,,,,,,,,,,,,,,,,,,,,,,,,,,,,,,,,,,,,,,,,,,,,,,,0,"Pavel Hrouzek - 734 238 045, 515511246","Brno, Velkopavlovická 7",,,
"brno, vlastimila pecha 2, s&k tools spol. s r.o, česká republika","Brno, Vlastimila Pecha 2, S&K TOOLS spol. s r.o, Česká republika",2025-01-15,2025-01-15,-474,Po termínu,červená,2025-01-15 (plánovaná),,,čeká na přesné geokódování,"Kalendář FZ - 12 měsíců, 2023.xlsx",127,"2018,2024 nový zdroj",,,,Jihomoravský,ASTIP STRONG 750VA/1F/4C/1H,,,15/25,,,,,,,,,,,,,,,,,,,,,,,,,,,,,,,,,,,,,,,,,,,,,,,,,,,,,,,,,,,,,,,,,,,,,,,,,,,,,,,,,,,,,,1,Kalousek 724 131 283,"Brno, Vlastimila Pecha 2, S&K TOOLS spol. s r.o",,,
"brno, vlastimila pecha 7, phoenix, česká republika","Brno, Vlastimila Pecha 7, Phoenix, Česká republika",,2026-05-22,18,7–30 dnů,oranžová,2026-05-22 (plánovaná),,,čeká na přesné geokódování,"Kalendář FZ - 12 měsíců, 2023.xlsx",128,2017,,,,Jihomoravský,PS 100kVA/3f-15 minut,,,,,,,22/26,,,,,,,,,,,COLT,,,,,,,,,,,,,,,,,,,,,,,,,,,,,,,,,,,,,,,,,,,,,,,,,,,,,,,,,,,,,,,,,,,,,,,1,Horák - 724 610 263,"Brno, Vlastimila Pecha 7, Phoenix",,10800,PHOENIX
"brno, vranovská 3, česká republika","Brno, Vranovská 3, Česká republika",2026-03-07,2026-03-07,-58,Po termínu,červená,2026-02-05 (plánovaná); 2026-03-07 (plánovaná),,,čeká na přesné geokódování,"Kalendář FZ - 12 měsíců, 2023.xlsx",129,2020,,,,Jihomoravský,2 x STRONG 4kVA/3F-15minut,,,,5/26,7/26-3,,,,,,,,,,,,,,,,,,,,,,,,,,,,,,,,,,,,,,,,,,,,,,,,,,,,,,,,,,,,,,,,,,,,,,,,,,,,,,,,,,,,2,Skřivánek 734 645 526,"Brno, Vranovská 3",,,
"brno, vranovská 5, přadlácká 24c, česká republika","Brno, Vranovská 5, Přadlácká 24c, Česká republika",,2026-05-05,1,Méně než 7 dnů,červená,2026-05-05 (plánovaná),,,čeká na přesné geokódování,"Kalendář FZ - 12 měsíců, 2023.xlsx",130,2018,,,,Jihomoravský,"2 x PS 3000/3f, 10 min",,,,,,,5/26-Vran.2025-sop stav,,,,,,,,,"Balák - 602386877, prax@vrba.cz",,,,,,,,,,,,,,,,,,,,,,,,,,,,,,,,,,,,,,,,,,,,,,,,,,,,,,,,,,,,,,,,,,,,,,,,,1,"V. Prax 777 707 755, M. Halouska 776 204 701","Brno, Vranovská 5, Přadlácká 24c",,,
"brno, vranovská 7, česká republika","Brno, Vranovská 7, Česká republika",,2026-10-03,152,Více než 60 dnů,zelená,2026-10-03 (plánovaná),,,čeká na přesné geokódování,"Kalendář FZ - 12 měsíců, 2023.xlsx",131,2021,,,,Jihomoravský,ASTIP STRONG 47kVA/20kVA/3F-45 minut,,,,,,,,,,,,3/26,,,,,,,,,,,,,,,,,,,,,,,,,,,,,,,,,,,,,,,,,,,,,,,,,,,,,,,,,,,,,,,,,,,,,,,,,,,,,1,Ing. Just 606 733 151,"Brno, Vranovská 7",,,
"brno, vránova 172, poliklinika, česká republika","Brno, Vránova 172, poliklinika, Česká republika",2025-02-07,2025-08-07,-270,Po termínu,červená,2025-02-07 (proběhlá); 2025-08-07 (plánovaná),,,čeká na přesné geokódování,Kalendář FZ - 6 měsíců.xlsx,54,2019,,,"Švácha, výtahy Brno, 721 623 737",Jihomoravský,ASTIP PS 20 kVA/3F -45 minut,"Brno, Vránova 172, poliklinika",,,7/25,,,,,,7/25,,,,,,,,,,,,,,,,,,,,,,,,,,,,,,,,,,,,,,,,,,,,,,,,,,,,,,,,,,,,,,,,,,,,,,,,,,,,,,,2,,,,,
"brno, vídeňská 16, česká republika","Brno, Vídeňská 16, Česká republika",,2026-10-23,172,Více než 60 dnů,zelená,2026-10-23 (plánovaná),,,čeká na přesné geokódování,"Kalendář FZ - 12 měsíců, 2023.xlsx",123,2018,,,,Jihomoravský,STRONG 3 000/3F -45 minut,,,,,,,,,,,,23/26,,,,,,,,,,,,,,,,,,,,,,,,,,,,,,,,,,,,,,,,,,,,,,,,,,,,,,,,,,,,,,,,,,,,,,,,,,,,,1,Dobešová - 604 354 620,"Brno, Vídeňská 16",,,
"brno, vídeňská 18, česká republika","Brno, Vídeňská 18, Česká republika",,2026-11-20,200,Více než 60 dnů,zelená,2026-11-20 (plánovaná); 2027-02-04 (plánovaná),,,čeká na přesné geokódování,"Kalendář FZ - 12 měsíců, 2023.xlsx",124,2015,,,,Jihomoravský,2x PS 2000/3f-20 minut,,,,4/27-1x,,,,,,,,,20/26-1x,,,,,,,,,,,,,,,,,,,,,,,,,,,,,,,,,,,,,,,,,,,,,,,,,,,,,,,,,,,,,,,,,,,,,,,,,,,,2,Stuřák 608 081 158,"Brno, Vídeňská 18",,,
"brno, vídeňská 20, 20a, česká republika","Brno, Vídeňská 20, 20a, Česká republika",2026-03-10,2026-03-10,-55,Po termínu,červená,2026-03-10 (plánovaná),,,čeká na přesné geokódování,"Kalendář FZ - 12 měsíců, 2023.xlsx",125,2018,,,,Jihomoravský,PS 3000/3f,,,,,10/26,,,,,,,,,,,,,,,,,,,,,,,,,,,,,,,,,,,,,,,,,,,,,,,,,,,,,,,,,,,,,,,,,,,,,,,,,,,,,,,,,,,,1,Šusterová - 608 081 158,"Brno, Vídeňská 20,20a",,,
"brno, vídeňská 6, česká republika","Brno, Vídeňská 6, Česká republika",2022-05-30,2022-05-30,-1435,Po termínu,červená,2022-05-30 (plánovaná),,,čeká na přesné geokódování,"Kalendář FZ - 12 měsíců, 2023.xlsx",126,2016,ano,,,Jihomoravský,PS 10kVA/3f -45 minut,,,,,,,30/22,,,,,,,,,"2025 - posláno na servis@ebmbrno.cz, 2024 - aktualizovaná CN",,,,,,,,,,,,,,,,,,,,,,,,,,,,,,,,,,,,,,,,,,,,,,,,,,,,,,,,,,,,,,,,,,,,,,,,,1,Večeřa 702 209 323,"Brno, Vídeňská 6",,,
"brno, zaječí hora 6, česká republika","Brno, Zaječí hora 6, Česká republika",2025-03-28,2025-03-28,-402,Po termínu,červená,2025-03-28 (plánovaná),,,čeká na přesné geokódování,"Kalendář FZ - 12 měsíců, 2023.xlsx",132,2017,,,,Jihomoravský,PS 7500/3F - 15 minut,,,,,28/25,,,,,,,,,,,"2025 - řešil Honza, jsou nějaké potíže, prudiči, vyhořelý střídač…",,,,,,,,,,,,,,,,,,,,,,,,,,,,,,,,,,,,,,,,,,,,,,,,,,,,,,,,,,,,,,,,,,,,,,,,,1,doplnit prosím M.Bohm,"Brno, Zaječí hora 6",,5500,
"brno, zvonařka 10, autoslalon hukr, česká republika","Brno, Zvonařka 10, autoslalon Hukr, Česká republika",2022-06-10,2022-12-10,-1241,Po termínu,červená,2022-06-10 (proběhlá); 2022-12-10 (plánovaná),,,čeká na přesné geokódování,Kalendář FZ - 6 měsíců.xlsx,16,2015,,,pan Vladimír Huska 602720381,Jihomoravský,ASTIP PS 4 000/3F -10 minut,"Brno - Zvonařka 10, autoslalon Hukr",,,,,,,10/22,,,,,,10/22,,,,,,,,,,,,,,,,,,,,,,,,,,,,,,,,,,,,,,,,,,,,,,,,,,,,,,,,,,,,,,,,,,,,,,,,,,,2,,,,,
"brno, čechyňská 9, bagira, česká republika","Brno, Čechyňská 9, Bagira, Česká republika",2020-11-30,,,Bez termínu,šedá,2020-11-30 (nezjištěno),,,čeká na přesné geokódování,Kalendář FZ - 6 měsíců.xlsx,19,2019,,,Malý 702 266 352,Jihomoravský,STRONG 2 000/3F-10 minut,"Brno, Čechyňská  9, Bagira",,,,,,,,,,,,30/20,,,"2024 - nevyřízená reklamace - tedy asi mrtvo….2021 -stop stav - reklamace, předáno Králíčkovi",,,,,,,,,,,,,,,,,,,,,,,,,,,,,,,,,,,,,,,,,,,,,,,,,,,,,,,,,,,,,,,,,,,,,,,,,1,,,,,
"brno, čejkovická 11, česká republika","Brno, Čejkovická 11, Česká republika",,2026-05-13,9,7–30 dnů,oranžová,2026-05-13 (plánovaná),,,čeká na přesné geokódování,"Kalendář FZ - 12 měsíců, 2023.xlsx",41,2018,ano,,,Jihomoravský,STRONG LiftBack 10 000/3f-45 min,,,,,,,13/26,,,,,,,,,,,,,,,,,,,,,,,,,,,,,,,,,,,,,,,,,,,,,,,,,,,,,,,,,,,,,,,,,,,,,,,,,,,,,,,,,,1,"Jakrlová, SBD Mír, 548 424 471","Brno, Čejkovická 11",,,
"brno, česká 11, škola charbulova, česká republika","Brno, Česká 11, škola Charbulova, Česká republika",2026-02-25,2026-08-25,113,Více než 60 dnů,zelená,2026-02-25 (proběhlá); 2026-08-25 (plánovaná),,,čeká na přesné geokódování,Kalendář FZ - 6 měsíců.xlsx,20,2017,ano,ano,Ing. Janák 601 366 435,Jihomoravský,"Strong 2000/3f, 45 min","Brno, Česká 11, škola Charbulova",,,25/26,,,,,,25/26,,,,,,,6500,,,,,,,,,,,,,,,,,,,,,,,,,,,,,,,,,,,,,,,,,,,,,,,,,,,,,,,,,,,,,,,,,,,,,,,,2,,,,,
"brno, řípská 23, česká republika","Brno, Řípská 23, Česká republika",,2026-06-11,38,30–60 dnů,žlutá,2026-06-11 (plánovaná),,,čeká na přesné geokódování,"Kalendář FZ - 12 měsíců, 2023.xlsx",102,2018,,,,Jihomoravský,"PS 50000/3f, 10, 45, 60 min",,,,,,,,11/26,,,,,,,,,,,,,,,,,,,,,,,,,,,,,,,,,,,,,,,,,,,,,,,,,,,,,,,,,,,,,,,,,,,,,,,,,,,,,,,,,1,"Milan Svoboda 724 261 460, 533 432 514, IMOS","Brno, Řípská 23",,,
"brno, řípská 9a, slatina 627 00, česká republika","Brno, Řípská 9a, Slatina 627 00, Česká republika",,2026-11-20,200,Více než 60 dnů,zelená,2026-11-20 (plánovaná),,,čeká na přesné geokódování,"Kalendář FZ - 12 měsíců, 2023.xlsx",103,2015,,,,Jihomoravský,ASTIP PS 15kVA/3F -15 minut,,,,,,,,,,,,,20/26,,,,,,,,,,,,,,,,,,,,,,,,,,,,,,,,,,,,,,,,,,,,,,,,,,,,,,,,,,,,,,,,,,,,,,,,,,,,1,Vávra - 734 797 216,"Brno, Řípská 9a, Slatina 627 00",,,
"brno, šmahova 113, martin kučera, česká republika","Brno, Šmahova 113, Martin Kučera, Česká republika",2026-04-28,2026-04-28,-6,Po termínu,červená,2026-04-28 (plánovaná),,,čeká na přesné geokódování,"Kalendář FZ - 12 měsíců, 2023.xlsx",113,2017,,,,Jihomoravský,STRONG 1000VA/1F 20min,,,,,,28/26,,,,,,,,,,,,,,,,,,,,,,,,,,,,,,,,,,,,,,,,,,,,,,,,,,,,,,,,,,,,,,,,,,,,,,,,,,,,,,,,,,,1,"Kučera správce -519 426 056, Baumann","Brno, Šmahova 113, Martin Kučera",,5500,
"brno, šumavská 15, administrativní budova, česká republika","Brno, Šumavská 15, administrativní budova, Česká republika",2025-12-03,2025-12-03,-152,Po termínu,červená,2025-12-03 (plánovaná),,,čeká na přesné geokódování,Kalendář FZ - 6 měsíců.xlsx,48,2023,,,Ševčík 776 060 715,Jihomoravský,STRONG 150kVA/30kVA/3F-45 minut,"Brno, Šumavská 15, administrativní budova",,,,,,,,,,,,,3/25,,,,,,,,,,,,,,,,,,,,,,,,,,,,,,,,,,,,,,,,,,,,,,,,,,,,,,,,,,,,,,,,,,,,,,,,,,,1,,,,,
"brno, šumavská 31, budova b -šumavská tower, česká republika","Brno, Šumavská 31, Budova B -Šumavská tower, Česká republika",2025-09-29,2026-03-29,-36,Po termínu,červená,2025-09-29 (proběhlá); 2026-03-29 (plánovaná),,,čeká na přesné geokódování,Kalendář FZ - 6 měsíců.xlsx,49,"2019, 2023",ano,,"Kolek 608 772 600, Liška 775 027 428",Jihomoravský,2 x PS Liftback 40kVA/3F-dojezd,"Brno, Šumavská 31, Budova B -Šumavská tower",,,,29/26,,,,,,29/25,,,,,"12/2021 doplněno o další zdroj k dojezdu budova B, cena 8 900 Kč, v.č.19021902, 12.1.2023 doplněno o další zdroj ASTIP PS Liftback 40kVA/3F/5 minut, v.č. 23011102",,,,,,,,,,,,,,,,,,,,,,,,,,,,,,,,,,,,,,,,,,,,,,,,,,,,,,,,,,,,,,,,,,,,,,,,,2,,,,,
"brno, šumavská 35, lidl, česká republika","Brno, Šumavská 35, LIDL, Česká republika",2026-02-13,2026-08-13,101,Více než 60 dnů,zelená,2026-02-13 (proběhlá); 2026-08-13 (plánovaná),,,čeká na přesné geokódování,Kalendář FZ - 6 měsíců.xlsx,50,2019,,,Bezruč - 724 610 251,Jihomoravský,PS 30 kVA/3F -15 minut + RPO,"Brno, Šumavská 35, LIDL",,,13/26,,,,,,13/26,,,,,,,,,,,,,,,,,,,,,,,,,,,,,,,,,,,,,,,,,,,,,,,,,,,,,,,,,,,,,,,,,,,,,,,,,,,,,,,2,,,,,
"brno, šumavská 516/35, budova c, šumavská tower, česká republika","Brno, Šumavská 516/35, Budova C, Šumavská Tower, Česká republika",2025-09-29,2026-03-29,-36,Po termínu,červená,2025-09-29 (proběhlá); 2026-03-29 (plánovaná),,,čeká na přesné geokódování,Kalendář FZ - 6 měsíců.xlsx,51,"2019, 2016",ano,,"Kolek 608 772 600, Liška 775 027 428",Jihomoravský,"PS 40kVA/3F - 45minut, ASTIP PS 100kVA/3f-30 min ","Brno, Šumavská 516/35, Budova C  - Šumavská Tower",,,,29/26,,,,,,29/25-100kVA-STOP STAV,,,,,,10300,,,,,,,,,,,,,,,,,,,,,,,,,,,,,,,,,,,,,,,,,,,,,,,,,,,,,,,,,,,,,,,,,,,,,,,,2,,,,,
"brno, žabí 2, přírodní 3, česká republika","Brno, Žabí 2, Přírodní 3, Česká republika",2026-03-03,2026-03-03,-62,Po termínu,červená,2026-03-03 (plánovaná),,,čeká na přesné geokódování,"Kalendář FZ - 12 měsíců, 2023.xlsx",133,2016,ano,,,Jihomoravský,PS 3000/3f-45 min,,,,,3/26,,,,,,,,,,,Dodat štítky!!!!! - jeden záožák 6500Kč - Přírodní 3 (faktura 50% sleva),,,,,,,,,,,,,,,,,,,,,,,,,,,,,,,,,,,,,,,,,,,,,,,,,,,,,,,,,,,,,,,,,,,,,,,,,1,Ing. Karel Svoboda 723 158 581,"Brno, Žabí 2, Přírodní 3",,13000,
"brno, žerotínovo náměstí 3, česká republika","Brno, Žerotínovo náměstí 3, Česká republika",2025-10-14,2026-04-14,-20,Po termínu,červená,2025-10-14 (proběhlá); 2026-04-14 (plánovaná),,,čeká na přesné geokódování,Kalendář FZ - 6 měsíců.xlsx,55,2016,,,Bradáč - 724 168 313,Jihomoravský,PS 2000/3F 30min.,"Brno, Žerotínovo náměstí 3",,,,,14/26,,,,,,14/25,,,,,,,,,,,,,,,,,,,,,,,,,,,,,,,,,,,,,,,,,,,,,,,,,,,,,,,,,,,,,,,,,,,,,,,,,,,,,2,,,,,
"brněněc 24, penam mlýn, česká republika","Brněněc 24, PENAM mlýn, Česká republika",2025-07-22,2025-07-22,-286,Po termínu,červená,2025-07-22 (plánovaná),,,čeká na přesné geokódování,"Kalendář FZ - 12 měsíců, 2023.xlsx",27,2023,,,,Jihomoravský,ASTIP PS 3 000VA/3F-7 minut,,,,,,,,,22/25,,,,,,,,,,,,,,,,,,,,,,,,,,,,,,,,,,,,,,,,,,,,,,,,,,,,,,,,,,,,,,,,,,,,,,,,,,,,,,,,1,Šafář 725 604 863,"Brněněc 24, PENAM mlýn",,,
"broumov, přadlácká 158, z-trade, česká republika","Broumov, Přadlácká 158, Z-Trade, Česká republika",,2026-08-21,109,Více než 60 dnů,zelená,2026-08-21 (plánovaná),,,čeká na přesné geokódování,"Kalendář FZ - 12 měsíců, 2023.xlsx",135,2024,,,,Královehradecký,"ASTIP STRONG Liftback 415kVA/75kVA/3F-dojezdy, 15 minut",,,,,,,,,,21/26,,,,,,,,,,,,,,,,,,,,,,,,,,,,,,,,,,,,,,,,,,,,,,,,,,,,,,,,,,,,,,,,,,,,,,,,,,,,,,,1,Vlastimil Kyral 733 524 165,"Broumov, Přadlácká 158, Z-Trade",,,
"brumov, bylnice 1104, česká republika","Brumov, Bylnice 1104, Česká republika",2026-04-09,2026-04-09,-25,Po termínu,červená,2026-04-09 (plánovaná),,,čeká na přesné geokódování,"Kalendář FZ - 12 měsíců, 2023.xlsx",134,2017,,,,Zlínský,PS 20 kVA/3F - 45 minut,,,,,,9/26,,,,,,,,,,,,,,,,,,,,,,,,,,,,,,,,,,,,,,,,,,,,,,,,,,,,,,,,,,,,,,,,,,,,,,,,,,,,,,,,,,,1,Město Brumov - 577 305 111,Brumov -  Bylnice 1104,,9800,
"bruntál, revoluční 1712/ 20, hotel slezan, česká republika","Bruntál, Revoluční 1712/ 20, hotel Slezan, Česká republika",2025-04-03,2025-10-03,-213,Po termínu,červená,2025-04-03 (proběhlá); 2025-10-03 (plánovaná),,,čeká na přesné geokódování,Kalendář FZ - 6 měsíců.xlsx,56,2021,,,Duchtík 776 070 991,Moravskoslezský,ASTIP PS 40kVA/30kVA/3F -45 minut,"Bruntál, Revoluční 1712_ 20, hotel Slezan",,,,,3/25,,,,,,3/25,,,,,,,,,,,,,,,,,,,,,,,,,,,,,,,,,,,,,,,,,,,,,,,,,,,,,,,,,,,,,,,,,,,,,,,,,,,,,2,,,,,
"bruntál, zahradní 48, strojmetal, pozor info ve složce, česká republika","Bruntál, Zahradní 48, Strojmetal, POZOR info ve složce, Česká republika",2026-03-10,2026-09-10,129,Více než 60 dnů,zelená,2026-03-10 (proběhlá); 2026-09-10 (plánovaná),,,čeká na přesné geokódování,Kalendář FZ - 6 měsíců.xlsx,57,2020,ano ,ano,"!!!Martin Waleczek 722 950 891/bacha, fakt hlídat sami!!!!!!",Moravskoslezský,ASTIP STRONG 7500VA/3F -30 minut,"Bruntál, Zahradní 48, Strojmetal - POZOR info ve složce",,,,10/26,,,,,,10/26,,,,,,,,,,,,,,,,,,,,,,,,,,,,,,,,,,,,,,,,,,,,,,,,,,,,,,,,,,,,,,,,,,,,,,,,,,,,,,2,,,,,
"buková u příbramě, horse park, česká republika","Buková u Příbramě, Horse Park, Česká republika",,2026-07-16,73,Více než 60 dnů,zelená,2026-07-16 (plánovaná),,,čeká na přesné geokódování,"Kalendář FZ - 12 měsíců, 2023.xlsx",137,2019,ano,,,Středočeský,  PS 5000/3f-30 minut,,,,,,,,,16/26,,,,,,,"22.8.19, instalován nový záložák, bez protokolu FZ",,,,,,,,,,,,,,,,,,,,,,,,,,,,,,,,,,,,,,,,,,,,,,,,,,,,,,,,,,,,,,,,,,,,,,,,,1,Červenka – 602 379 283,"Buková u Příbramě, Horse Park",,,
"buštěhrad, lidl, česká republika","Buštěhrad, LIDL, Česká republika",,2026-10-21,170,Více než 60 dnů,zelená,2026-10-21 (plánovaná),,,čeká na přesné geokódování,"Kalendář FZ - 12 měsíců, 2023.xlsx",138,bez,,,,Středočeský,4 x RPO,,,,,,,,,,,,21/26,,,,,,,,,,,,,,,,,,,,,,,,,,,,,,,,,,,,,,,,,,,,,,,,,,,,,,,,,,,,,,,,,,,,,,,,,,,,,1,Corradini 724 230 992,"Buštěhrad, LIDL",,,
"bílá třemešná 313, zš a mš, česká republika","Bílá Třemešná 313, ZŠ a MŠ, Česká republika",2026-01-27,2026-07-27,84,Více než 60 dnů,zelená,2026-01-27 (proběhlá); 2026-07-27 (plánovaná),,,čeká na přesné geokódování,Kalendář FZ - 6 měsíců.xlsx,8,"2019, 2020",,,Vlna 604 142 983,Královehradecký,STRONG 10kVA/3kVA/3F -30 min + PS 102A/1F-24 h,"Bílá Třemešná 313, ZŠ a MŠ",,27/26,,,,,,27/26,,,,,,,,,,,,,,,,,,,,,,,,,,,,,,,,,,,,,,,,,,,,,,,,,,,,,,,,,,,,,,,,,,,,,,,,,,,,,,,,2,,,,,
"břeclav, j. opletala 14a, česká republika","Břeclav, J. Opletala 14a, Česká republika",,2026-05-30,26,7–30 dnů,oranžová,2026-05-30 (plánovaná),,,čeká na přesné geokódování,"Kalendář FZ - 12 měsíců, 2023.xlsx",136,2018,,,,Jihomoravský,2 x záložní zdroj,,,,,,,30/26,,,,,,,,,"20.6.2024 -posílám aktualizaci CN - 19.6.2024 -dsotala jsem kontakt n předsedu Lovecký 733 713 888, lovecky@email.cz, je to hodně peněz, chtěl by slevu, přemýšlejí také o konkurenci",,,,,,,,,,,,,,,,,,,,,,,,,,,,,,,,,,,,,,,,,,,,,,,,,,,,,,,,,,,,,,,,,,,,,,,,,1,Maděryč - 602 748 806,"Břeclav, J. Opletala 14a",,,
"břeclav, na pěšině 13, dps, česká republika","Břeclav, Na Pěšině 13, DPS, Česká republika",2025-09-30,2026-03-30,-35,Po termínu,červená,2025-09-30 (proběhlá); 2026-03-30 (plánovaná),,,čeká na přesné geokódování,Kalendář FZ - 6 měsíců.xlsx,58,2016 + 2022,,,"Ivo Maděryč
T 602 510 370",Jihomoravský,2 x PS 15kVA/3f-45 minut,"Břeclav, Na Pěšině 13, DPS",,,,30/26,,,,,,30/25,,,,,,,,,,,,,,,,,,,,,,,,,,,,,,,,,,,,,,,,,,,,,,,,,,,,,,,,,,,,,,,,,,,,,,,,,,,,,,2,,,,,
"cerhenice, za cukrovarem 575, 576, česká republika","Cerhenice, Za Cukrovarem 575, 576, Česká republika",,2026-09-18,137,Více než 60 dnů,zelená,2026-09-18 (plánovaná),,,čeká na přesné geokódování,"Kalendář FZ - 12 měsíců, 2023.xlsx",140,,,,,Středočeský,2 x 3kVA,,,,,,,,,,,18/26,,,,,,,,,,,,,,,,,,,,,,,,,,,,,,,,,,,,,,,,,,,,,,,,,,,,,,,,,,,,,,,,,,,,,,,,,,,,,,1,Pěničková 733 610 200,"Cerhenice, Za Cukrovarem 575, 576",,,
"cerhenice, za cukrovarem 591, 593, 594, česká republika","Cerhenice, Za Cukrovarem 591, 593, 594, Česká republika",,2026-11-13,193,Více než 60 dnů,zelená,2026-11-13 (plánovaná); 2027-01-08 (plánovaná),,,čeká na přesné geokódování,"Kalendář FZ - 12 měsíců, 2023.xlsx",139,"2019, 2022",,,,Středočeský,3 x 2kVA,,,"8/27-591, 594",,,,,,,,,,13/26-593,,,,,,,,,,,,,,,,,,,,,,,,,,,,,,,,,,,,,,,,,,,,,,,,,,,,,,,,,,,,,,,,,,,,,,,,,,,,2,pan Čejka 731 852 696,"Cerhenice, Za Cukrovarem 591, 593, 594",,,
"cerhenice, za cukrovarem 592, česká republika","Cerhenice, Za Cukrovarem 592, Česká republika",2024-08-14,2024-08-14,-628,Po termínu,červená,2024-08-14 (plánovaná),,,čeká na přesné geokódování,"Kalendář FZ - 12 měsíců, 2023.xlsx",141,,,,,Středočeský,2kVA,,,,,,,,,,14/24 592,,,,,,,,,,,,,,,,,,,,,,,,,,,,,,,,,,,,,,,,,,,,,,,,,,,,,,,,,,,,,,,,,,,,,,,,,,,,,,,1,pan Jančura 607 777 447,"Cerhenice, Za Cukrovarem 592",,,
"cheb, dlouhá 12, klub seniorů, česká republika","Cheb, Dlouhá 12, klub seniorů, Česká republika",2025-10-15,2025-10-15,-201,Po termínu,červená,2025-10-15 (plánovaná),,,čeká na přesné geokódování,Kalendář FZ - 6 měsíců.xlsx,113,2015,,,Jiří Čada 601 390 923,Karlovarský,ASTIP PS 15kVA/3F -45 minut,"Cheb, Dlouhá 12, klub seniorů",,,,,,,,,,,15/25,,,,,,,,,,,,,,,,,,,,,,,,,,,,,,,,,,,,,,,,,,,,,,,,,,,,,,,,,,,,,,,,,,,,,,,,,,,,,1,,,,,
"cheb, dragounská 2529-6, albert, česká republika","Cheb, Dragounská 2529-6, Albert, Česká republika",,2027-02-18,290,Více než 60 dnů,zelená,2027-02-18 (plánovaná),,,čeká na přesné geokódování,"Kalendář FZ - 12 měsíců, 2023.xlsx",182,2019,"Cheb,%20Dragounská%202529-6,%20Albert","Cheb,%20Dragounská%202529-6,%20Albert",,Karlovarský,STRONG 10kVA/3f-15 minut,,,,18/27,,,,,,,,,,,,,,,,,,,,,,,,,,,,,,,,,,,,,,,,,,,,,,,,,,,,,,,,,,,,,,,,,,,,,,,,,,,,,,,,,,,,,1,"Lorenc 727 945 363, Přitasilová 601 570 709","Cheb, Dragounská 2529-6, Albert",,,
"cheb, jateční, hotel barbarossa, česká republika","Cheb, Jateční, hotel Barbarossa, Česká republika",2025-09-30,2025-09-30,-216,Po termínu,červená,2025-09-30 (plánovaná),,,čeká na přesné geokódování,"Kalendář FZ - 12 měsíců, 2023.xlsx",183,2015,,,,Karlovarský,  PS 7500/3f-45 minut,,,,,,,,,,,30/25,,,,,,,,,,,,,,,,,,,,,,,,,,,,,,,,,,,,,,,,,,,,,,,,,,,,,,,,,,,,,,,,,,,,,,,,,,,,,,1,Krtouš - 603 486 599,"Cheb, Jateční, hotel Barbarossa",,,
"cheb, jesenice 59, areál schiessel, česká republika","Cheb, Jesenice 59, areál Schiessel, Česká republika",,2026-10-15,164,Více než 60 dnů,zelená,2026-10-15 (plánovaná),,,čeká na přesné geokódování,"Kalendář FZ - 12 měsíců, 2023.xlsx",184,2025,5 let záruka,,,Karlovarský,ASTIP STRONG 7500VA/3F -30 minut,,,,,,,,,,,,15/26,,,,,,,,,,,,,,,,,,,,,,,,,,,,,,,,,,,,,,,,,,,,,,,,,,,,,,,,,,,,,,,,,,,,,,,,,,,,,1,Radek Šuhaj 737 491 276,"Cheb, Jesenice 59, areál Schiessel",,,
"cheb, karlovarská 38, česká republika","Cheb, Karlovarská 38, Česká republika",2025-01-17,2025-07-17,-291,Po termínu,červená,2025-01-17 (proběhlá); 2025-07-17 (plánovaná),,,čeká na přesné geokódování,Kalendář FZ - 6 měsíců.xlsx,114,2017,,,Barvinek - 777 725 627,Karlovarský,PS 10 000/3f - 45min.,"Cheb, Karlovarská 38",,17/25,,,,,,17/25,,,,,,,21.5.2024 - poslaná aktualizace paní Mudrové,,,,,,,,,,,,,,,,,,,,,,,,,,,,,,,,,,,,,,,,,,,,,,,,,,,,,,,,,,,,,,,,,,,,,,,,,2,,,,,
"chlumec, muchova 267, mú, česká republika","Chlumec, Muchova 267, MÚ, Česká republika",2022-11-30,2022-11-30,-1251,Po termínu,červená,2022-11-30 (plánovaná),,,čeká na přesné geokódování,"Kalendář FZ - 12 měsíců, 2023.xlsx",185,"2017-KO, 2021",,,,Ústecký,ASTIP PS 2 000VA/3F-20 minut,,,,,,,,,,,,,30/22,,,,,,,,,,,,,,,,,,,,,,,,,,,,,,,,,,,,,,,,,,,,,,,,,,,,,,,,,,,,,,,,,,,,,,,,,,,,1,Randáková 725 440 052,"Chlumec, Muchova 267, MÚ",,,
"choceň, běstovice, de heus, česká republika","Choceň, Běstovice, De Heus, Česká republika",2025-12-16,2026-06-16,43,30–60 dnů,žlutá,2025-12-16 (proběhlá); 2026-06-16 (plánovaná),,,čeká na přesné geokódování,Kalendář FZ - 6 měsíců.xlsx,115,2015,,ano,"Tomáš Fritsche 725 857 069, tfritsche@deheus.com",Pardubický,"1-ASTIP PS 4000/3f-10 minut, 2-ASTIP PS 4000/3f-10 minut, 3-ASTIP PS 4000/3f-10 minut, 4-ASTIP PS 4000/3f-10 minut","Choceň, Běstovice, De Heus",,,,,,,16/26,,,,,,16/25-1xstopa stav,,,,,,,,,,,,,,,,,,,,,,,,,,,,,,,,,,,,,,,,,,,,,,,,,,,,,,,,,,,,,,,,,,,,,,,,,,,2,,,,,
"chodov, westfield, parkovací dům, česká republika","Chodov, Westfield, parkovací dům, Česká republika",2024-08-10,2024-08-10,-632,Po termínu,červená,2024-08-10 (plánovaná),,,čeká na přesné geokódování,"Kalendář FZ - 12 měsíců, 2023.xlsx",186,2015,,,,Karlovarský,ASTIP STRONG 15kVA/12kW/3f/1f - 60 minut,,,,,,,,,,10/24,,,,,,,,,,,,,,,,,,,,,,,,,,,,,,,,,,,,,,,,,,,,,,,,,,,,,,,,,,,,,,,,,,,,,,,,,,,,,,,1,Hanzlík atalian 606 744 958,"Chodov, Westfield, parkovací dům",,,
"chotěboř, severní 1911, bd, česká republika","Chotěboř, Severní 1911, BD, Česká republika",,2026-12-04,214,Více než 60 dnů,zelená,2026-12-04 (plánovaná),,,čeká na přesné geokódování,"Kalendář FZ - 12 měsíců, 2023.xlsx",187,2022,ano,ano,,Vysočina,ASTIP STRONG 6kVA/1kVA/1F -30 minut,,,,,,,,,,,,,,4/26,,,,,,,,,,,,,,,,,,,,,,,,,,,,,,,,,,,,,,,,,,,,,,,,,,,,,,,,,,,,,,,,,,,,,,,,,,,1,Miřejovská 602 367 103,"Chotěboř, Severní 1911, BD",,,
"chotěšov, libochovická 166, dps, česká republika","Chotěšov, Libochovická 166, DPS, Česká republika",2024-12-03,2025-06-03,-335,Po termínu,červená,2024-12-03 (proběhlá); 2025-06-03 (plánovaná),,,čeká na přesné geokódování,Kalendář FZ - 6 měsíců.xlsx,116,2019,,,Ing. Zapletalová 602 192 155,Ústecký,ASTIP PS 15kVA/3F-30 minut,"Chotěšov, Libochovická 166, DPS",,,,,,,3/25,,,,,,3/24,,,,,,,,,,,,,,,,,,,,,,,,,,,,,,,,,,,,,,,,,,,,,,,,,,,,,,,,,,,,,,,,,,,,,,,,,,,2,,,,,
"chrudim, obce ležáků 166, senior garden domov chrudim, česká republika","Chrudim, Obce ležáků 166, Senior Garden domov Chrudim, Česká republika",2025-12-22,2026-06-22,49,30–60 dnů,žlutá,2025-12-22 (proběhlá); 2026-06-22 (plánovaná),,,čeká na přesné geokódování,Kalendář FZ - 6 měsíců.xlsx,117,"2012-nově 2021, 2019",,,p. Bílek- 776103590,Pardubický," STRONG 4kVA/3f-30 minut, 40kVA/3F-15 minut","Chrudim, Obce ležáků 166, Senior Garden domov Chrudim",,,,,,,22/26,,,,,,22/25-1x stop stav,,,4800,,,,,,,,,,,,,,,,,,,,,,,,,,,,,,,,,,,,,,,,,,,,,,,,,,,,,,,,,,,,,,,,,,,,,,,,2,,,,,
"chrudim, podkopanický mlýn 1135, česká republika","Chrudim, Podkopanický mlýn 1135, Česká republika",2022-01-27,2022-01-27,-1558,Po termínu,červená,2022-01-27 (plánovaná),,,čeká na přesné geokódování,"Kalendář FZ - 12 měsíců, 2023.xlsx",188,2019,,,,Pardubický,STRONG 15kVA/3f 60 min.,,,27/22,,,,,,,,,,,,,,,,,,,,,,,,,,,,,,,,,,,,,,,,,,,,,,,,,,,,,,,,,,,,,,,,,,,,,,,,,,,,,,,,,,,,,,1,pan Lavicky 732 669 922,"Chrudim, Podkopanický mlýn 1135",,,
"chrudim, v hliníkách 1483 a a b, bd, jednotky j1 a j2, česká republika","Chrudim, V hliníkách 1483 A a B, BD, jednotky J1 a J2, Česká republika",,2026-12-04,214,Více než 60 dnů,zelená,2026-12-04 (plánovaná); 2027-01-13 (plánovaná),,,čeká na přesné geokódování,"Kalendář FZ - 12 měsíců, 2023.xlsx",189,2024,,,,Pardubický,"2 x ASTIP PS Liftback 7,5kVA/3F-5 minut",,,13/27-J2,,,,,,,,,,,4/26-1xstop stav 2025,,,,,,,,,,,,,,,,,,,,,,,,,,,,,,,,,,,,,,,,,,,,,,,,,,,,,,,,,,,,,,,,,,,,,,,,,,,2,Papoušek 731 124 061,"Chrudim, V hliníkách 1483 A a B, BD, jednotky J1 a J2",,,
"chuchelné, křížkova 115, koupelny rebel, bd kodus, česká republika","Chuchelné, Křížkova 115, koupelny Rebel, BD Kodus, Česká republika",2026-02-17,2026-08-17,105,Více než 60 dnů,zelená,2026-02-17 (proběhlá); 2026-08-17 (plánovaná),,,čeká na přesné geokódování,Kalendář FZ - 6 měsíců.xlsx,118,2017,,,,Moravskoslezský,ASTIP PS 7500/3f-45 minut,"Chuchelné, Křížkova 115, koupelny Rebel, BD Kodus",,,17/26,,,,,,17/26,,,,,,09/2021 -vzít lepidlo na ovlásací panel ,,,,,,,,,,,,,,,,,,,,,,,,,,,,,,,,,,,,,,,,,,,,,,,,,,,,,,,,,,,,,,,,,,,,,,,,,2,,,,,
"dašice, křičenského, mrazírny, česká republika","Dašice, Křičenského, Mrazírny, Česká republika",,2026-07-08,65,Více než 60 dnů,zelená,2026-07-08 (plánovaná),,,čeká na přesné geokódování,"Kalendář FZ - 12 měsíců, 2023.xlsx",148,"2017, 2021",,,,Pardubický,PS 40kVA/3f-30 minut-C9 + 50kVA/3F-30 min- C10,,,,,,,,,8/26,,,,,,,,,,,,,,,,,,,,,,,,,,,,,,,,,,,,,,,,,,,,,,,,,,,,,,,,,,,,,,,,,,,,,,,,,,,,,,,,1,Ročeň - 606 045 597,"Dašice, Křičenského, Mrazírny",,9500,
"dek trade, česká republika","Dek trade, Česká republika",2026-04-14,2026-05-04,0,Méně než 7 dnů,červená,2025-11-11 (proběhlá); 2026-05-11 (plánovaná) | 2025-11-04 (proběhlá); 2026-05-04 (plánovaná) | 2025-11-15 (proběhlá); 2026-01-13 (proběhlá); 2026-04-08 (proběhlá); 2026-05-15 (plánovaná); 2026-07-13 (plánovaná); 2026-10-08 (plánovaná) | 2024-07-09 (proběhlá); 2025-01-09 (plánovaná) | 2026-04-14 (proběhlá); 2026-10-14 (plánovaná),,,čeká na přesné geokódování,Kalendář FZ - 6 měsíců.xlsx,75 | 76 | 77 | 78 | 79,2017,ano,ano,Hradec Králové,Středočeský,ASTIP STRONG 50 000/3f-45 min,Dek trade,,13/26-po výměně aku,,,8/26-1X,11/26,,13/26-po výměně aku,,,8/26-1x,11/25,,,"objednáno, 7.2.2025 - jsme aktualizovali CN",,,,,,,,,,,,,,,,,,,,,,,,,,,,,,,,,,,,,,,,,,,,,,,,,,,,,,,,,,,,,,,,,,,,,,,,,14,,,,,
"deštné v orlických horách . 332, william resort, česká republika","Deštné v Orlických horách . 332, William Resort, Česká republika",2025-12-16,2026-06-16,43,30–60 dnů,žlutá,2025-12-16 (proběhlá); 2026-06-16 (plánovaná),,,čeká na přesné geokódování,Kalendář FZ - 6 měsíců.xlsx,80,2019,,,DEGA pan Šejvl 777 458 429,Královehradecký,STRONG 15kVA/3F -45 minut,"Deštné v Orlických horách č.p. 332, William Resort",,,,,,,16/26,,,,,,16/25,,,,,,,,,,,,,,,,,,,,,,,,,,,,,,,,,,,,,,,,,,,,,,,,,,,,,,,,,,,,,,,,,,,,,,,,,,,2,,,,,
"dlouhá ves, hotel annín, česká republika","Dlouhá Ves, Hotel Annín, Česká republika",,,,Bez termínu,šedá,,,,čeká na přesné geokódování,"Kalendář FZ - 12 měsíců, 2023.xlsx",149,2012,,,,Plzeňský,  PS 2400/3f,,,FZ ukončeny,,,,,,,,,,,,,,,,,,,,,,,,,,,,,,,,,,,,,,,,,,,,,,,,,,,,,,,,,,,,,,,,,,,,,,,,,,,,,,,,,,,,,,0,,"Dlouhá Ves, Hotel Annín",,,
"dobrošov, pevnost, česká republika","Dobrošov, pevnost, Česká republika",2026-02-24,2026-08-24,112,Více než 60 dnů,zelená,2026-02-24 (proběhlá); 2026-08-24 (plánovaná),,,čeká na přesné geokódování,Kalendář FZ - 6 měsíců.xlsx,81,2020,,,Mgr. Rajchl 602 250 060,Královehradecký,ASTIP PS 10kVA/3f-45 minut,"Dobrošov, pevnost ",,,24/26,,,,,,24/26,,,,,,,,,,,,,,,,,,,,,,,,,,,,,,,,,,,,,,,,,,,,,,,,,,,,,,,,,,,,,,,,,,,,,,,,,,,,,,,2,,,,,
"dobřichovice, anežky české 1119, česká republika","Dobřichovice, Anežky České 1119, Česká republika",2026-04-23,2026-07-22,79,Více než 60 dnů,zelená,2025-10-15 (plánovaná); 2026-04-23 (plánovaná); 2026-07-22 (plánovaná),,,čeká na přesné geokódování,"Kalendář FZ - 12 měsíců, 2023.xlsx",150,"2015, 2 x 2025",,ano,,Středočeský,2 x PS 20 kVA /3F - 30 min. +2 x PS 1500/3F -10 minut,,,,,,23/26-2 x nový + 28/27 -G,,,22/26-J,,,15/25-24-3 x stop stav,,,,"obj. G - STOP STAV - v.č.: 15070802 , čekáme na vyjádření jejich elektrikáře k možnému přepětí v RPO, v UPS stopy neprůkazné",,,,,,,,,,,,,,,,,,,,,,,,,,,,,,,,,,,,,,,,,,,,,,,,,,,,,,,,,,,,,,,,,,,,,,,,,3,Havlíková 607 024 837 ,"Dobřichovice, Anežky České 1119",,,
"dobříš, u kodetky 1810, doosan emea, česká republika","Dobříš, U Kodetky 1810, DOOSAN EMEA, Česká republika",,2026-07-16,73,Více než 60 dnů,zelená,2026-07-16 (plánovaná),,,čeká na přesné geokódování,"Kalendář FZ - 12 měsíců, 2023.xlsx",151,2022,,,,Středočeský,STRONG 1000/1F-20 minut,,,,,,,,,16/26,,,,,,,,,,,,,,,,,,,,,,,,,,,,,,,,,,,,,,,,,,,,,,,,,,,,,,,,,,,,,,,,,,,,,,,,,,,,,,,,1,Glajch 725 873 554,"Dobříš, U Kodetky 1810, DOOSAN EMEA",,,
"doksy u kladna, krátká 572, bd, česká republika","Doksy u Kladna, Krátká 572, BD, Česká republika",,2027-04-14,345,Více než 60 dnů,zelená,2027-04-14 (plánovaná),,,čeká na přesné geokódování,"Kalendář FZ - 12 měsíců, 2023.xlsx",152,2019,,,,Středočeský,ASTIP PS Liftback 7500VA/3F -45 minut,,,,,,14/27,,,,,,,,,,,,,,,,,,,,,,,,,,,,,,,,,,,,,,,,,,,,,,,,,,,,,,,,,,,,,,,,,,,,,,,,,,,,,,,,,,,1,pan Tatíček 608 972 344,"Doksy u Kladna, Krátká 572, BD",,,
"doksy, tyršovo náměstí 434, hotel grand, česká republika","Doksy, Tyršovo náměstí 434, Hotel Grand, Česká republika",2025-03-11,2025-09-11,-235,Po termínu,červená,2025-03-11 (proběhlá); 2025-09-11 (plánovaná),,,čeká na přesné geokódování,Kalendář FZ - 6 měsíců.xlsx,82,2023,ano,,M. Šťastná 487 883 000-1,Liberecký,ASTIP STRONG Liftback 10kVA/3F-45 minut,"Doksy, Tyršovo náměstí 434, Hotel Grand",,,,11/25,,,,,,11/25,,,,,,,,,,,,,,,,,,,,,,,,,,,,,,,,,,,,,,,,,,,,,,,,,,,,,,,,,,,,,,,,,,,,,,,,,,,,,,2,,,,,
"dolní adršpach 1, 549 57 adršpach-teplice nad metují, hotel skalní mlýn, česká republika","Dolní Adršpach 1, 549 57 Adršpach-Teplice nad Metují, Hotel Skalní Mlýn, Česká republika",2026-04-08,2026-04-08,-26,Po termínu,červená,2026-04-08 (plánovaná),,,čeká na přesné geokódování,Kalendář FZ - 6 měsíců.xlsx,83,2016,,,Kollert 727 800 200,,ASTIP PS 3000VA/3F -30 minut," Dolní Adršpach 1, 549 57 Adršpach-Teplice nad Metují, Hotel Skalní Mlýn",,,,,8/26,,,,,,,,,,,,,,,,,,,,,,,,,,,,,,,,,,,,,,,,,,,,,,,,,,,,,,,,,,,,,,,,,,,,,,,,,,,,,,,,,,,1,,,,,
"dolní benešov, opavská 626, lena hračky, česká republika","Dolní Benešov, Opavská 626, Lena hračky, Česká republika",,,,Bez termínu,šedá,,,,čeká na přesné geokódování,Kalendář FZ - 6 měsíců.xlsx,84,2015,,,,Moravskoslezský,ASTIP PS 50kVA/3f - 30 minut,"Dolní Benešov, Opavská 626, Lena hračky",,,,,,,,,,,,,,,Lena hračky 2.9.2019 -nabídka na výměnu baterií,,,,,,,,,,,,,,,,,,,,,,,,,,,,,,,,,,,,,,,,,,,,,,,,,,,,,,,,,,,,,,,,,,,,,,,,,0,,,,,
"dolní morava, horní morava 10, ubytovna sněžník, česká republika","Dolní Morava, Horní Morava 10, ubytovna Sněžník, Česká republika",2025-11-27,2026-05-27,23,7–30 dnů,oranžová,2025-11-27 (proběhlá); 2026-05-27 (plánovaná),,,čeká na přesné geokódování,Kalendář FZ - 6 měsíců.xlsx,85,2025,,,"Kopa 606 741 982, Složil údržba 776 811 857",,ASTIP STRONG 98/20kVA/3F-45 minut,"Dolní Morava, Horní Morava 10, ubytovna Sněžník",,,,,,27/26,,,,,,27/25,,,,,,,,,,,,,,,,,,,,,,,,,,,,,,,,,,,,,,,,,,,,,,,,,,,,,,,,,,,,,,,,,,,,,,,,,,,,2,,,,,
"dolní poustevna, vilémovská 259, mak home textile, česká republika","Dolní Poustevna, Vilémovská 259, MaK home textile, Česká republika",2026-03-18,2026-03-18,-47,Po termínu,červená,2026-03-18 (plánovaná),,,čeká na přesné geokódování,"Kalendář FZ - 12 měsíců, 2023.xlsx",153,2023,,,,Ústecký,"ASTIP STRONG 14/1,5kVA/1F-30 minut",,,,,18/26,,,,,,,,,,,,,,,,,,,,,,,,,,,,,,,,,,,,,,,,,,,,,,,,,,,,,,,,,,,,,,,,,,,,,,,,,,,,,,,,,,,,1,Eva Mocíková 777 710 630,"Dolní Poustevna, Vilémovská 259, MaK home textile",,,
"dolní životice, česká republika","Dolní Životice, Česká republika",2026-03-05,2026-09-05,124,Více než 60 dnů,zelená,2026-03-05 (proběhlá); 2026-09-05 (plánovaná),,,čeká na přesné geokódování,Kalendář FZ - 6 měsíců.xlsx,86,"2015, nově 2024",ano,,Šimčík - 733 164 562,Moravskoslezský, STRONG 30kVA/3f-45 minut,"Dolní Životice,",,,,5/26,,,,,,5/26,,,,,"Nová serviska, 2024 proběhla výměna pajšlu v.č. 24100201",9000,,,,,,,,,,,,,,,,,,,,,,,,,,,,,,,,,,,,,,,,,,,,,,,,,,,,,,,,,,,,,,,,,,,,,,,,2,,,,,
"dubnica nad váhom, nám. matice slovenskej 4260/33, slovensko","Dubnica nad Váhom, Nám. Matice Slovenskej 4260/33, Slovensko",2021-01-29,2022-09-16,-1326,Po termínu,červená,2021-01-29 (proběhlá); 2022-09-16 (plánovaná),,,čeká na přesné geokódování,Kalendář FZ - 6 měsíců.xlsx,88,2017,,,Bednár - OTIS -+421 903 443 359,Slovensko,PS LiftBack 15kVA/3F-45 minut,"Dubnica nad Váhom, Nám. Matice Slovenskej 4260/33",,29/21,,,,,,,,16/22,,,,,"10.3.2025 -šlo na sprava.infinity@gmail.com, 7.3.2025 - posílám na Peter.Hudec….2024-na Otis zaslaná aktualizace a dotaz, pan rybár přeposlal provozovateli, čekáme (vladimir.rybar@otis.com)",,,,,,,,,,,,,,,,,,,,,,,,,,,,,,,,,,,,,,,,,,,,,,,,,,,,,,,,,,,,,,,,,,,,,,,,,2,,,,,
"dubí u kladna, ke křížku 1083, bd icon park, česká republika","Dubí u Kladna, Ke Křížku 1083, BD Icon Park, Česká republika",,2027-03-26,326,Více než 60 dnů,zelená,2027-03-26 (plánovaná),,,čeká na přesné geokódování,"Kalendář FZ - 12 měsíců, 2023.xlsx",154,2024,,,,,ASTIP STRONG 1500VA/1F-45 minut,,,,,26/27,,,,,,,,,,,,,,,,,,,,,,,,,,,,,,,,,,,,,,,,,,,,,,,,,,,,,,,,,,,,,,,,,,,,,,,,,,,,,,,,,,,,1,Janeček 736 611 796,"Dubí u Kladna, Ke Křížku 1083, BD Icon Park",,,
"dubí u kladna, ke křížku 1084, bd icon park, česká republika","Dubí u Kladna, Ke Křížku 1084, BD Icon Park, Česká republika",,2027-03-26,326,Více než 60 dnů,zelená,2027-03-26 (plánovaná),,,čeká na přesné geokódování,"Kalendář FZ - 12 měsíců, 2023.xlsx",155,2024,,,,,ASTIP STRONG 1500VA/1F-45 minut,,,,,26/27,,,,,,,,,,,,,,,,,,,,,,,,,,,,,,,,,,,,,,,,,,,,,,,,,,,,,,,,,,,,,,,,,,,,,,,,,,,,,,,,,,,,1,Janeček 736 611 796,"Dubí u Kladna, Ke Křížku 1084, BD Icon Park",,,
"dubí u kladna, ke křížku 1085, bd icon park, česká republika","Dubí u Kladna, Ke Křížku 1085, BD Icon Park, Česká republika",,2027-03-26,326,Více než 60 dnů,zelená,2027-03-26 (plánovaná),,,čeká na přesné geokódování,"Kalendář FZ - 12 měsíců, 2023.xlsx",156,2024,,,,,ASTIP STRONG 1500VA/1F-45 minut,,,,,26/27,,,,,,,,,,,,,,,,,,,,,,,,,,,,,,,,,,,,,,,,,,,,,,,,,,,,,,,,,,,,,,,,,,,,,,,,,,,,,,,,,,,,1,Janeček 736 611 796,"Dubí u Kladna, Ke Křížku 1085, BD Icon Park",,,
"dubí, ruská 37/130, pdss, česká republika","Dubí, Ruská 37/130, PDSS, Česká republika",2025-09-22,2026-03-22,-43,Po termínu,červená,2025-09-22 (proběhlá); 2026-03-22 (plánovaná),,,čeká na přesné geokódování,Kalendář FZ - 6 měsíců.xlsx,87,2024,ano,,Jelínková 778 704 767,Ústecký,ASTIP PS 30kVA/3F-45 minut,"Dubí, Ruská 37/130, PDSS",,,,22/26,,,,,,22/25,,,,,Na Výšině 494,,,,,,,,,,,,,,,,,,,,,,,,,,,,,,,,,,,,,,,,,,,,,,,,,,,,,,,,,,,,,,,,,,,,,,,,,2,,,,,
"filipov, zámecká 1/25, alzheimer centrum, česká republika","Filipov, Zámecká 1/25, Alzheimer centrum, Česká republika",2025-12-02,2026-06-02,29,7–30 dnů,oranžová,2025-12-02 (proběhlá); 2026-06-02 (plánovaná),,,čeká na přesné geokódování,Kalendář FZ - 6 měsíců.xlsx,89,2019,,,Šťastná 774 774 014,Středočeský,Astip PS 5 000/3F -30 minut,"Filipov, Zámecká 1/25, Alzheimer centrum",,,,,,,2/26,,,,,,2/25,,,,,,,,,,,,,,,,,,,,,,,,,,,,,,,,,,,,,,,,,,,,,,,,,,,,,,,,,,,,,,,,,,,,,,,,,,,2,,,,,
"františkovy lázně, česká 39/1, zš, česká republika","Františkovy Lázně, Česká 39/1, ZŠ, Česká republika",2026-02-18,2026-02-18,-75,Po termínu,červená,2026-02-18 (plánovaná),,,čeká na přesné geokódování,"Kalendář FZ - 12 měsíců, 2023.xlsx",157,2020,,,,Karlovarský,  PS 3000/3f-30 minut,,,,18/26,,,,,,,,,,,,ZŠ,,,,,,,,,,,,,,,,,,,,,,,,,,,,,,,,,,,,,,,,,,,,,,,,,,,,,,,,,,,,,,,,,,,,,,,,,1,Jiřina Fajtrová – 731 151 839,"Františkovy Lázně, Česká 39/1, ZŠ",,,
"frenštát pod radhoštěm, horečky 613, penzion edvard, česká republika","Frenštát pod Radhoštěm, Horečky 613, penzion EDVARD, Česká republika",2024-07-04,2025-01-04,-485,Po termínu,červená,2024-07-04 (proběhlá); 2025-01-04 (plánovaná),,,čeká na přesné geokódování,Kalendář FZ - 6 měsíců.xlsx,90,2021,,,Parma 608 722 276,Moravskoslezský,ASTIP PS 15kVA/3F-45 minut,"Frenštát pod Radhoštěm, Horečky 613, penzion EDVARD",,4/25,,,,,,4/24,,,,,,,,,,,,,,,,,,,,,,,,,,,,,,,,,,,,,,,,,,,,,,,,,,,,,,,,,,,,,,,,,,,,,,,,,,,,,,,,2,,,,,
"frýdek místek, revoluční 1282, dps, česká republika","Frýdek Místek, Revoluční 1282, DPS, Česká republika",2026-01-06,2026-07-06,63,Více než 60 dnů,zelená,2026-01-06 (proběhlá); 2026-07-06 (plánovaná),,,čeká na přesné geokódování,Kalendář FZ - 6 měsíců.xlsx,91,1181203 v.č.,,ano,"Ing. Hartmann - ředitel, 724 324 969",Moravskoslezský,ASTIP PS 15kVA-rectifier,"Frýdek Místek, Revoluční 1282, DPS",,6/26,,,,,,6/26,,,,,,,2022-Gaudium - nový zdroj,,,,,,,,,,,,,,,,,,,,,,,,,,,,,,,,,,,,,,,,,,,,,,,,,,,,,,,,,,,,,,,,,,,,,,,,,2,,,,,
"frýdek-místek, 17.listopadu 147, česká republika","Frýdek-Místek, 17.Listopadu 147, Česká republika",2025-11-29,2025-05-29,-340,Po termínu,červená,2025-05-29 (plánovaná); 2025-11-29 (proběhlá),,,čeká na přesné geokódování,Kalendář FZ - 6 měsíců.xlsx,92,2017,,ano,Bc. Jiří Vančura mobil: 770 167 469,Moravskoslezský,Astip STRONG 20 000/3f-45 minut,"Frýdek-Místek, 17.Listopadu 147",,,,,,29/25,,,,,,29/25,,,,,,,,,,,,,,,,,,,,,,,,,,,,,,,,,,,,,,,,,,,,,,,,,,,,,,,,,,,,,,,,,,,,,,,,,,,,2,,,,,
"frýdlant nad ostravicí, padlých hrdinů 312, česká republika","Frýdlant nad Ostravicí, Padlých hrdinů 312, Česká republika",,,,Bez termínu,šedá,,,,čeká na přesné geokódování,Kalendář FZ - 6 měsíců.xlsx,93,2016,,,,Moravskoslezský,ASTIP PS 20kVA/3f-45 minut,"Frýdlant nad Ostravicí, Padlých hrdinů 312",,,,,,,,,,,,,,,,,,,,,,,,,,,,,,,,,,,,,,,,,,,,,,,,,,,,,,,,,,,,,,,,,,,,,,,,,,,,,,,,,,,,,,,,0,,,,,
"frýdlant, zámecký dvůr černousy 50, česká republika","Frýdlant, Zámecký dvůr Černousy 50, Česká republika",2025-08-26,2026-02-26,-67,Po termínu,červená,2025-08-26 (proběhlá); 2026-02-26 (plánovaná),,,čeká na přesné geokódování,Kalendář FZ - 6 měsíců.xlsx,94,2020,,,Procházka: +420 777 312 171,Liberecký,ASTIP PS Liftback 7 500/3f-45 min,"Frýdlant, Zámecký dvůr Černousy 50",,,26/26,,,,,,26/25,,,,,,,,,,,,,,,,,,,,,,,,,,,,,,,,,,,,,,,,,,,,,,,,,,,,,,,,,,,,,,,,,,,,,,,,,,,,,,,2,,,,,
"harrachov 698, česká republika","Harrachov 698, Česká republika",,2026-12-04,214,Více než 60 dnů,zelená,2026-12-04 (plánovaná),,,čeká na přesné geokódování,"Kalendář FZ - 12 měsíců, 2023.xlsx",158,"2019 -KO, 2023 new",,,,Liberecký,ASTIP STRONG 10 kVA/3f-30 minut,,,,,,,,,,,,,,4/26,,"14.3.2023 - dán nový zdroj, pojistná událost",,,,,,,,,,,,,,,,,,,,,,,,,,,,,,,,,,,,,,,,,,,,,,,,,,,,,,,,,,,,,,,,,,,,,,,,,1,Rieger Hubert 777 134 232,Harrachov 698,,,
"havlíčkův brod, nuselská 3240, zš, česká republika","Havlíčkův Brod, Nuselská 3240, ZŠ, Česká republika",2026-02-10,2026-08-10,98,Více než 60 dnů,zelená,2026-02-10 (proběhlá); 2026-08-10 (plánovaná),,,čeká na přesné geokódování,Kalendář FZ - 6 měsíců.xlsx,97,2019,,ano,Beránek - školník 603 863 032,Vysočina,ASTIP STRONG 1500VA/1F -30 minut,"Havlíčkův Brod, Nuselská 3240, ZŠ",,,10/26,,,,,,10/26,,,,,,,,,,,,,,,,,,,,,,,,,,,,,,,,,,,,,,,,,,,,,,,,,,,,,,,,,,,,,,,,,,,,,,,,,,,,,,,2,,,,,
"havlíčkův brod, rozkošská 2322, pn, česká republika","Havlíčkův Brod, Rozkošská 2322, PN, Česká republika",2026-02-10,2026-08-10,98,Více než 60 dnů,zelená,2026-02-10 (proběhlá); 2026-08-10 (plánovaná),,,čeká na přesné geokódování,Kalendář FZ - 6 měsíců.xlsx,98,2021,,,Urbancová 736 754 073,Vysočina,ASTIP STRONG 10kVA/3F -60 minut,"Havlíčkův Brod, Rozkošská 2322, PN",,,10/26,,,,,,10/26,,,,,,,,,,,,,,,,,,,,,,,,,,,,,,,,,,,,,,,,,,,,,,,,,,,,,,,,,,,,,,,,,,,,,,,,,,,,,,,2,,,,,
"havraň 138, ascorium most, česká republika","Havraň 138, Ascorium Most, Česká republika",2025-06-21,2025-06-21,-317,Po termínu,červená,2025-06-21 (plánovaná),,,čeká na přesné geokódování,"Kalendář FZ - 12 měsíců, 2023.xlsx",159,"2019, 2020,2022",,,,Ústecký," 4 x 4kVA +3 x 7,5kVA +2 zdoje z 2022",,,,,,,,21/25,,,,,,,,"21.6.2024 -byl tam Mára Béna s Havelkou, 2 x zdroj mrtvý, zatím nic neřešit, haly se budou asi rušit, čekáme na provozovatele, až ná osloví…",,,,,,,,,,,,,,,,,,,,,,,,,,,,,,,,,,,,,,,,,,,,,,,,,,,,,,,,,,,,,,,,,,,,,,,,,1,Martin Hotový 725 590 833,"Havraň 138, Ascorium Most",,,
"havraň, prům. zona joseph, fibraň, česká republika","Havraň, Prům. zona Joseph, Fibraň, Česká republika",2025-06-21,2025-06-21,-317,Po termínu,červená,2025-06-21 (plánovaná),,,čeká na přesné geokódování,"Kalendář FZ - 12 měsíců, 2023.xlsx",160,2022,,,,Ústecký,"STRONG 7,5kVA + 1 kVA",,,,,,,,21/25,,,,,,,,,,,,,,,,,,,,,,,,,,,,,,,,,,,,,,,,,,,,,,,,,,,,,,,,,,,,,,,,,,,,,,,,,,,,,,,,,1,Kotek 771 256 557,"Havraň, Prům. zona Joseph, Fibraň",,,
"havířov, merkur b, okrajová 1635-4b, bd, česká republika","Havířov, MERKUR B, Okrajová 1635-4b, BD, Česká republika",,2027-02-19,291,Více než 60 dnů,zelená,2027-02-19 (plánovaná),,,čeká na přesné geokódování,"Kalendář FZ - 12 měsíců, 2023.xlsx",161,2025,,,,Moravskoslezský,ASTIP STRONG 43kVA/10kVA/3F-45 minut,,,,19/27,,,,,,,,,,,,,,,,,,,,,,,,,,,,,,,,,,,,,,,,,,,,,,,,,,,,,,,,,,,,,,,,,,,,,,,,,,,,,,,,,,,,,1,Szkandera 733 572 601,"Havířov, MERKUR B, Okrajová 1635-4b, BD",,,
"havířov, parc. 251/4 -stavba 1635, česká republika","Havířov, parc. 251/4 -stavba 1635, Česká republika",,2026-06-06,33,30–60 dnů,žlutá,2026-06-06 (plánovaná),,,čeká na přesné geokódování,"Kalendář FZ - 12 měsíců, 2023.xlsx",162,2025,ano,,,Moravskoslezský,ASTIP STRONG 42kVA/10kVA/3F -45 minut,,,,,,,,6/26,,,,,,,,1. revize rok 2026,,,,,,,,,,,,,,,,,,,,,,,,,,,,,,,,,,,,,,,,,,,,,,,,,,,,,,,,,,,,,,,,,,,,,,,,,1,Marek Kufa 605 201 005,"Havířov, parc. 251/4 -stavba 1635",,,
"havířov, sanatorium kochova 817/5, česká republika","Havířov, Sanatorium Kochova 817/5, Česká republika",,,,Bez termínu,šedá,,,,čeká na přesné geokódování,Kalendář FZ - 6 měsíců.xlsx,95,2017,,,"p. Kocourek, 739 859 484",Moravskoslezský,PS 30kVA/3F-45minut,"Havířov, Sanatorium Kochova 817/5",,,,,,,,,,,,,,,Příští FZ 5/19 dodat Provozní Knihu,7500,,,,,,,,,,,,,,,,,,,,,,,,,,,,,,,,,,,,,,,,,,,,,,,,,,,,,,,,,,,,,,,,,,,,,,,,0,,,,,
"havířov, u hřiště, hotel impuls, česká republika","Havířov, U Hřiště, Hotel Impuls, Česká republika",2022-06-21,2022-06-21,-1413,Po termínu,červená,2022-06-21 (plánovaná),,,čeká na přesné geokódování,Kalendář FZ - 6 měsíců.xlsx,96,2019,,,Jozef Migaš 724 390 390,Moravskoslezský,PS 15 000/f - 45min ,"Havířov, U Hřiště, Hotel Impuls",,,,,,,21/22,,,,,,,,"7.3.2025 - znovu zasílám dotaz  - 2024- zaslána aktualizace CN mailem, Hotel Impuls",,,,,,,,,,,,,,,,,,,,,,,,,,,,,,,,,,,,,,,,,,,,,,,,,,,,,,,,,,,,,,,,,,,,,,,,,1,,,,,
"heřmanice v podještědí, sklad kobryn, česká republika","Heřmanice v Podještědí, sklad Kobryn, Česká republika",2025-04-18,2025-04-18,-381,Po termínu,červená,2025-04-18 (plánovaná),,,čeká na přesné geokódování,"Kalendář FZ - 12 měsíců, 2023.xlsx",163,2016,,,,Liberecký,ASTIP STRONG 2000VA/1F-30 minut,,,,,,18/25,,,,,,,,,,,,,,,,,,,,,,,,,,,,,,,,,,,,,,,,,,,,,,,,,,,,,,,,,,,,,,,,,,,,,,,,,,,,,,,,,,,1,Štichhauerová 602 212 105,"Heřmanice v Podještědí, sklad Kobryn",,,
"hlohovec u břeclavi, k zámečku 16, česká republika","Hlohovec u Břeclavi, K Zámečku 16, Česká republika",2023-01-16,2023-07-10,-1029,Po termínu,červená,2023-01-16 (proběhlá); 2023-07-10 (plánovaná),,,čeká na přesné geokódování,Kalendář FZ - 6 měsíců.xlsx,99,2019,ano,,Jaroslava Malcová 734 165 777,Jihomoravský,ASTIP PS 20 000/3f-45 minut,"Hlohovec u Břeclavi, K Zámečku 16",,16/23,,,,,,10/23,,,,,,,7.3.2025 -posaláno ..2024 -poslaná aktualizace Cn  - Chateau de Frontiere / Hraniční zámeček,,,,,,,,,,,,,,,,,,,,,,,,,,,,,,,,,,,,,,,,,,,,,,,,,,,,,,,,,,,,,,,,,,,,,,,,,2,,,,,
"hluk, závdní 1007, autopal, česká republika","Hluk, Závdní 1007, AUTOPAL, Česká republika",2025-10-08,2025-10-08,-208,Po termínu,červená,2025-10-08 (plánovaná),,,čeká na přesné geokódování,Kalendář FZ - 6 měsíců.xlsx,100,2021,,,Pan Křížek 739 344 715,Zlínský,ASTIP STRONG 3000/1f-15 minut,"Hluk, Závdní 1007, AUTOPAL",,,,,,,,,,,8/25,,,,,,,,,,,,,,,,,,,,,,,,,,,,,,,,,,,,,,,,,,,,,,,,,,,,,,,,,,,,,,,,,,,,,,,,,,,,,1,,,,,
"hodonín, koupelní 1, česká republika","Hodonín, Koupelní 1, Česká republika",2022-05-24,,,Bez termínu,šedá,2022-05-24 (proběhlá); 2022-12-13 (nezjištěno),,,čeká na přesné geokódování,Kalendář FZ - 6 měsíců.xlsx,101,2018,,,"Kubrický - 702 121 533, Kubrická 739 456 653",Jihomoravský,PS 20 000/3f + RPO,"Hodonín, Koupelní 1",,,,,,24/22,,,,,,,13/22,,"24.4.2024 -paní Kubrická - vyměnili si sami AKU, mají na servis jinou firmu, od nás nic nechtějí...Kubrický řekl, že je vše vyřešeno a nic od nás nepotřebují, Kubrická nebere, vytípává... 2024 -zaslaná aktualizace CN ",,,,,,,,,,,,,,,,,,,,,,,,,,,,,,,,,,,,,,,,,,,,,,,,,,,,,,,,,,,,,,,,,,,,,,,,,2,,,,,
"hodonín, národní třída 12, tržnice radost, česká republika","Hodonín, Národní Třída 12, tržnice Radost, Česká republika",2025-09-30,2026-03-30,-35,Po termínu,červená,2025-09-30 (proběhlá); 2026-03-30 (plánovaná),,,čeká na přesné geokódování,Kalendář FZ - 6 měsíců.xlsx,102,2018,ano,,Do Ngoc Diep - 778 020 868,Jihomoravský,Astip PS 20 000/3f-30 minut + RPO,"Hodonín, Národní Třída 12, tržnice Radost",,,,30/26,,,,,,30/25,,,,,,,,,,,,,,,,,,,,,,,,,,,,,,,,,,,,,,,,,,,,,,,,,,,,,,,,,,,,,,,,,,,,,,,,,,,,,,2,,,,,
"hodonín, purkyňova 11, nemocnice tgm, česká republika","Hodonín, Purkyňova 11, nemocnice TGM, Česká republika",2026-03-11,2026-09-11,130,Více než 60 dnů,zelená,2026-03-11 (proběhlá); 2026-09-11 (plánovaná),,,čeká na přesné geokódování,Kalendář FZ - 6 měsíců.xlsx,103,2016,,,Morčík - 775 972 722,Jihomoravský,PS 15kVA/3f - 7min.,"Hodonín, Purkyňova 11, nemocnice TGM",,,,11/26,,,,,,11/26,,,,,,,,,,,,,,,,,,,,,,,,,,,,,,,,,,,,,,,,,,,,,,,,,,,,,,,,,,,,,,,,,,,,,,,,,,,,,,2,,,,,
"hodonín, třída bratří čapků 3273/1, česká republika","Hodonín, Třída bratří Čapků 3273/1, Česká republika",2025-05-05,2025-11-05,-180,Po termínu,červená,2025-05-05 (proběhlá); 2025-11-05 (plánovaná),,,čeká na přesné geokódování,Kalendář FZ - 6 měsíců.xlsx,104,2013,,poznámka,"Vladimíra Křížková, ředitelka, 606 789 079, 531 010 260",Jihomoravský,Astip PS 8000/3f-45 minut,"Hodonín, Třída bratří Čapků 3273_1",,,,,,5/25,,,,,,5/25,,,"3.3.2026 -dodán nový zdroj PS 20kVA/3F-45 minut, v.č. 25112501",,,,,,,,,,,,,,,,,,,,,,,,,,,,,,,,,,,,,,,,,,,,,,,,,,,,,,,,,,,,,,,,,,,,,,,,,2,,,,,
"hodonín, willsonova 5, česká republika","Hodonín, Willsonova 5, Česká republika",2026-03-11,2026-09-11,130,Více než 60 dnů,zelená,2026-03-11 (proběhlá); 2026-09-11 (plánovaná),,,čeká na přesné geokódování,Kalendář FZ - 6 měsíců.xlsx,105,2016,,,Koníček 725 995 965,Jihomoravský,PS 15 kVA/3F - 45minut,"Hodonín, Willsonova 5",,,,11/26,,,,,,11/26,,,,,Hrouzek Beta Cotrol 734238045,6500,Beta Control,Beta Cotrol,,,,,,,,,,,,,,,,,,,,,,,,,,,,,,,,,,,,,,,,,,,,,,,,,,,,,,,,,,,,,,,,,,,,,,2,,,,,
"holešov, masarykova 655, panský pivovar, česká republika","Holešov, Masarykova 655, Panský pivovar, Česká republika",2026-03-10,2026-09-10,129,Více než 60 dnů,zelená,2026-03-10 (proběhlá); 2026-09-10 (plánovaná),,,čeká na přesné geokódování,Kalendář FZ - 6 měsíců.xlsx,106,2020,,,Vratislav Kaňa 721 467 747,Zlínský,ASTIP PS LIFTBACK 7500VA/3F-45 minut,"Holešov, Masarykova 655, Panský pivovar",,,,10/26,,,,,,10/26,,,,,,,,,,,,,,,,,,,,,,,,,,,,,,,,,,,,,,,,,,,,,,,,,,,,,,,,,,,,,,,,,,,,,,,,,,,,,,2,,,,,
"horní adršpach, continental, česká republika","Horní Adršpach, Continental, Česká republika",2024-05-31,2024-11-30,-520,Po termínu,červená,2024-05-31 (proběhlá); 2024-11-30 (plánovaná),,,čeká na přesné geokódování,Kalendář FZ - 6 měsíců.xlsx,107,2019,,,Hornych 724 963 111,Královehradecký,PBZ HARD 1000VA/3F-30 minut,"Horní Adršpach, Continental",,,,,,31/24,,,,,,30/24,,,,,,,,,,,,,,,,,,,,,,,,,,,,,,,,,,,,,,,,,,,,,,,,,,,,,,,,,,,,,,,,,,,,,,,,,,,,2,,,,,
"horní cerekev, zš, česká republika","Horní Cerekev, ZŠ, Česká republika",,2026-12-09,219,Více než 60 dnů,zelená,2026-12-09 (plánovaná),,,čeká na přesné geokódování,"Kalendář FZ - 12 měsíců, 2023.xlsx",164,"2015-KO, nový 2023",ano,,,Vysočina,  PS 2000/1f-30 minut,,,,,,,,,,,,,,9/26,,,,,,,,,,,,,,,,,,,,,,,,,,,,,,,,,,,,,,,,,,,,,,,,,,,,,,,,,,,,,,,,,,,,,,,,,,,1,Herna 607 887 131,"Horní Cerekev, ZŠ",,,
"horní lideč, trezor přírody, česká republika","Horní Lideč, Trezor přírody, Česká republika",2024-11-21,2024-11-21,-529,Po termínu,červená,2024-11-21 (plánovaná),,,čeká na přesné geokódování,"Kalendář FZ - 12 měsíců, 2023.xlsx",165,2021,,,,Zlínský,ASTIP STRONG 5000/1F -45 minut,,,,,,,,,,,,,21/24,,,,,,,,,,,,,,,,,,,,,,,,,,,,,,,,,,,,,,,,,,,,,,,,,,,,,,,,,,,,,,,,,,,,,,,,,,,,1,Petřík 734 360 647,"Horní Lideč, Trezor přírody",,,
"horšovský týn, průmyslová 290, česká republika","Horšovský Týn, Průmyslová 290, Česká republika",,2026-12-16,226,Více než 60 dnů,zelená,2026-12-16 (plánovaná),,,čeká na přesné geokódování,"Kalendář FZ - 12 měsíců, 2023.xlsx",166,2018,ano,,,Plzeňský,"PS 75 000/3f 30,60min.",,,,,,,KOORDINAČKA MERCOR ČERVENEC 2026,,,,,,,16/26,,INFO VE SLOŽCE - KE KOORDINAČCE,,,,,,,,,,,,,,,,,,,,,,,,,,,,,,,,,,,,,,,,,,,,,,,,,,,,,,,,,,,,,,,,,,,,,,,,,1,Weberová - 373738-866,"Horšovský Týn, Průmyslová 290",,,
"hostivice, ječná 1879, česká republika","Hostivice, Ječná 1879, Česká republika",,2026-09-09,128,Více než 60 dnů,zelená,2026-09-09 (plánovaná),,,čeká na přesné geokódování,"Kalendář FZ - 12 měsíců, 2023.xlsx",168,2019,,,,Středočeský,"PS 50 000/3f – 15,45min.",,,,,,,,,,,9/26,,,,,,,,,,,,,,,,,,,,,,,,,,,,,,,,,,,,,,,,,,,,,,,,,,,,,,,,,,,,,,,,,,,,,,,,,,,,,,1,Beitl - 724 513 024,"Hostivice, Ječná 1879",,,
"hořovice, masarykova 1404, saint gobain, česká republika","Hořovice, Masarykova 1404, Saint Gobain, Česká republika",2021-04-16,,,Bez termínu,šedá,2021-04-16 (proběhlá),,,čeká na přesné geokódování,"Kalendář FZ - 12 měsíců, 2023.xlsx",167,2015,,,,Středočeský,PS 15KVA/3f - 15 min.,,,,,,16/21,,,,,,,,,,?????,,,,,,,,,,,,,,,,,,,,,,,,,,,,,,,,,,,,,,,,,,,,,,,,,,,,,,,,,,,,,,,,,,,,,,,,,1,,"Hořovice, Masarykova 1404, Saint Gobain",,,
"hrachov 77, svatý jan, rd, česká republika","Hrachov 77, Svatý Jan, RD, Česká republika",,2026-09-25,144,Více než 60 dnů,zelená,2026-09-25 (plánovaná),,,čeká na přesné geokódování,"Kalendář FZ - 12 měsíců, 2023.xlsx",176,2023,,,,Středočeský,ASTIP STRONG 5kVA/1F -12 hodin,,,,,,,,,,,25/26,,,,,,,,,,,,,,,,,,,,,,,,,,,,,,,,,,,,,,,,,,,,,,,,,,,,,,,,,,,,,,,,,,,,,,,,,,,,,,1,Kuba Chaloupecký 722 921 208,"Hrachov 77, Svatý Jan, RD",,,
"hradec králove, u mostku 182, dr. muller pharma, česká republika","Hradec Králove, U Mostku 182, Dr. Muller Pharma, Česká republika",,2026-07-08,65,Více než 60 dnů,zelená,2026-07-08 (plánovaná),,,čeká na přesné geokódování,"Kalendář FZ - 12 měsíců, 2023.xlsx",175,2019,ano,,,Královehradecký,STRONG 1000/1f,,,,,,,,,8/26,,,,,,,smlouva podepsána,,,,,,,,,,,,,,,,,,,,,,,,,,,,,,,,,,,,,,,,,,,,,,,,,,,,,,,,,,,,,,,,,,,,,,,,,1,Pytlík 605 882 676,"Hradec Králove, U Mostku 182, Dr. Muller Pharma",,,
"hradec králové, březhradská 204, ahold, česká republika","Hradec Králové, Březhradská 204, AHOLD, Česká republika",2021-04-01,,,Bez termínu,šedá,2021-04-01 (proběhlá),,,čeká na přesné geokódování,"Kalendář FZ - 12 měsíců, 2023.xlsx",169,bez,,,,Královehradecký,"R-SOZ-1, R-SOZ-2",,,,,,1/21,,,,,,,,,,,,,,,,,,,,,,,,,,,,,,,,,,,,,,,,,,,,,,,,,,,,,,,,,,,,,,,,,,,,,,,,,,,,,,,,,,,1,,"Hradec Králové, Březhradská 204, AHOLD",,15000,
"hradec králové, heyrovského 1213, česká republika","Hradec Králové, Heyrovského 1213, Česká republika",,2026-08-31,119,Více než 60 dnů,zelená,2026-08-31 (plánovaná),,,čeká na přesné geokódování,"Kalendář FZ - 12 měsíců, 2023.xlsx",171,2019,ano,,,Královehradecký,"2 x PS 20 kVA/3F -10 minut, 1 x PS 7,5 kVA/3F -10 minut",,,,,,,,,,31/26,,,,,,,,,,,,,,,,,,,,,,,,,,,,,,,,,,,,,,,,,,,,,,,,,,,,,,,,,,,,,,,,,,,,,,,,,,,,,,,1,Rejchrt 602 790 359,"Hradec Králové, Heyrovského 1213",,,
"hradec králové, jana koziny 1237, biskupské gymnázium, česká republika","Hradec Králové, Jana Koziny 1237, biskupské gymnázium, Česká republika",2026-03-05,2026-09-05,124,Více než 60 dnů,zelená,2026-03-05 (proběhlá); 2026-09-05 (plánovaná),,,čeká na přesné geokódování,Kalendář FZ - 6 měsíců.xlsx,108,2020,,ano,Ing. František Lopour 737 436 520,Královehradecký,ASTIP STRONG 7500VA/3F -15 minut,"Hradec Králové, Jana Koziny 1237, biskupské gymnázium",,,,5/26,,,,,,5/26,,,,,,,,,,,,,,,,,,,,,,,,,,,,,,,,,,,,,,,,,,,,,,,,,,,,,,,,,,,,,,,,,,,,,,,,,,,,,,2,,,,,
"hradec králové, nerudova 50, česká republika","Hradec Králové, Nerudova 50, Česká republika",2019-12-13,2019-12-13,-2334,Po termínu,červená,2019-12-13 (plánovaná),,,čeká na přesné geokódování,"Kalendář FZ - 12 měsíců, 2023.xlsx",172,2018,,,,Královehradecký,STRONG 1000VA/1F,,,,,,,,,,,,,,13/19,,,,,,,,,,,,,,,,,,,,,,,,,,,,,,,,,,,,,,,,,,,,,,,,,,,,,,,,,,,,,,,,,,,,,,,,,,,1,,"Hradec Králové, Nerudova 50",,,
"hradec králové, náchodská 811, heraeus, contract medical international, česká republika","Hradec Králové, Náchodská 811, Heraeus, Contract Medical International, Česká republika",2025-12-22,2026-06-22,49,30–60 dnů,žlutá,2025-12-22 (proběhlá); 2026-06-22 (plánovaná),,,čeká na přesné geokódování,Kalendář FZ - 6 měsíců.xlsx,109,2024,,,Aleš Pultar 728 993 020,Královehradecký,ASTIP STRONG 3000VA/1F-10 minut,"Hradec Králové, Náchodská 811, Heraeus, Contract Medical International",,,,,,,22/26,,,,,,22/25,,,,,,,,,,,,,,,,,,,,,,,,,,,,,,,,,,,,,,,,,,,,,,,,,,,,,,,,,,,,,,,,,,,,,,,,,,,2,,,,,
"hradec králové, pražská třída 916/65, bd, česká republika","Hradec Králové, Pražská třída 916/65, BD, Česká republika",,2026-06-20,47,30–60 dnů,žlutá,2026-06-20 (plánovaná),,,čeká na přesné geokódování,"Kalendář FZ - 12 měsíců, 2023.xlsx",174,2023,,,,Královehradecký,ASTIP STRONG 4000VA/1F- 15 minut,,,,,,,,20/26,,,,,,,,2024 -vyměnit čudl panel . Stávající nefunkční,,,,,,,,,,,,,,,,,,,,,,,,,,,,,,,,,,,,,,,,,,,,,,,,,,,,,,,,,,,,,,,,,,,,,,,,,1,Adamová Zelená 607 848 338,"Hradec Králové, Pražská třída 916/65, BD",,,
"hradec králové, u koruny 1742/16, česká republika","Hradec Králové, U Koruny 1742/16, Česká republika",,2026-08-28,116,Více než 60 dnů,zelená,2026-08-28 (plánovaná),,,čeká na přesné geokódování,"Kalendář FZ - 12 měsíců, 2023.xlsx",173,2015,,,,Královehradecký,  PS 5000/3f-45 minut,,,,,,,,,,28/26,,,,,,,,,,,,,,,,,,,,,,,,,,,,,,,,,,,,,,,,,,,,,,,,,,,,,,,,,,,,,,,,,,,,,,,,,,,,,,,1,Ing. Živný 602 109 739,"Hradec Králové, U Koruny 1742_16",,,
"hradec králové, čs benzina, česká republika","Hradec Králové, ČS Benzina, Česká republika",2021-09-15,2021-09-15,-1692,Po termínu,červená,2021-09-15 (plánovaná),,,čeká na přesné geokódování,"Kalendář FZ - 12 měsíců, 2023.xlsx",170,2016,,,,Královehradecký,  PS 7500/3f-30 minut,,,,,,,,,,,15/21,,,,,,,,,,,,,,,,,,,,,,,,,,,,,,,,,,,,,,,,,,,,,,,,,,,,,,,,,,,,,,,,,,,,,,,,,,,,,,1,,"Hradec Králové, ČS Benzina",,,
"hranice na moravě, jiráskova 2188, bd, česká republika","Hranice na Moravě, Jiráskova 2188, BD, Česká republika",,2027-04-15,346,Více než 60 dnů,zelená,2027-04-15 (plánovaná),,,čeká na přesné geokódování,"Kalendář FZ - 12 měsíců, 2023.xlsx",177,2024,,,,,ASTIP STRONG 2000VA/3F-20 minut,,,,,,15/27,,,,,,,,,,,,,,,,,,,,,,,,,,,,,,,,,,,,,,,,,,,,,,,,,,,,,,,,,,,,,,,,,,,,,,,,,,,,,,,,,,,1,Nehyba 608 212 111,"Hranice na Moravě, Jiráskova 2188, BD",,,
"hranice na moravě, česká republika","Hranice na Moravě, Česká republika",2026-03-03,2026-09-03,122,Více než 60 dnů,zelená,2026-03-03 (proběhlá); 2026-09-03 (plánovaná),,,čeká na přesné geokódování,Kalendář FZ - 6 měsíců.xlsx,110,2014,ano,,"Slavíček Pavel tel. 518614358
",Olomoucký,"1 -Astip PS 20kVA/3f-30 minut, 2-Astip PS 20kVA/3f-30 minut",Hranice na Moravě,,,,3/26,,,,,,3/26,,,,,,,,,,,,,,,,,,,,,,,,,,,,,,,,,,,,,,,,,,,,,,,,,,,,,,,,,,,,,,,,,,,,,,,,,,,,,,2,,,,,
"hranice, nová 223, cidem divize cetris, česká republika","Hranice, Nová 223, Cidem divize Cetris, Česká republika",2022-05-25,2022-05-25,-1440,Po termínu,červená,2022-05-25 (plánovaná),,,čeká na přesné geokódování,Kalendář FZ - 6 měsíců.xlsx,111,2012,,,pan Prvý 724 200 161 ,Olomoucký,ASTIP PS 5000/3f-30 minut,"Hranice, Nová 223, Cidem divize Cetris",,,,,,25/22,,,,,,,,,"7.3.2025 -posáln dotaz , 21.5.2024 - poslaná aktualizace Cn panu Prvému a také nabídka na komplet nový zdroj",,,,,,,,,,,,,,,,,,,,,,,,,,,,,,,,,,,,,,,,,,,,,,,,,,,,,,,,,,,,,,,,,,,,,,,,,1,,,,,
"hromnice, nynice 61, česká republika","Hromnice, Nynice 61, Česká republika",,2026-06-10,37,30–60 dnů,žlutá,2026-06-10 (plánovaná),,,čeká na přesné geokódování,"Kalendář FZ - 12 měsíců, 2023.xlsx",178,2018,,,,Plzeňský,STRONG 2 000/3F - 30 min.,,,,,,,,10/26,,,,,,,,,,,,,,,,,,,,,,,,,,,,,,,,,,,,,,,,,,,,,,,,,,,,,,,,,,,,,,,,,,,,,,,,,,,,,,,,,1,Tůma 603 330 324,"Hromnice, Nynice 61",,,
"hronov, na chocholouši 409, f. alaklis, česká republika","Hronov, Na Chocholouši 409, f. ALAKLIS, Česká republika",,2027-04-08,339,Více než 60 dnů,zelená,2027-04-08 (plánovaná),,,čeká na přesné geokódování,"Kalendář FZ - 12 měsíců, 2023.xlsx",179,2017.2018,,,,Královehradecký,"ASTIP PS LiftBack 10 000/3f-45 minut, ASTIP PS 7500/3f-30 minut",,,,,,"8/27  -7,5kVA",,,,,,,,,,"2025 -posílám znovu - od pana Zavřela - nechtějí zprovoznit…., 20.6.2024 -aktualizace CN ….10/2023revize 1 x ročně, 7.3.2022 -10kVA - STOP STAV",,,,,,,,,,,,,,,,,,,,,,,,,,,,,,,,,,,,,,,,,,,,,,,,,,,,,,,,,,,,,,,,,,,,,,,,,1,Zavřel 602 464 420,"Hronov, Na Chocholouši 409, f. ALAKLIS",,,
"humpolec, okružní 1296, cobap, česká republika","Humpolec, Okružní 1296, COBAP, Česká republika",,2026-05-06,2,Méně než 7 dnů,červená,2026-05-06 (plánovaná),,,čeká na přesné geokódování,"Kalendář FZ - 12 měsíců, 2023.xlsx",180,2021,ano,ano,,Vysočina,ASTIP STRONG 17kVA/3kVA/3F-10 min,,,,,,,6/26,,,,,,,,,,,,,,,,,,,,,,,,,,,,,,,,,,,,,,,,,,,,,,,,,,,,,,,,,,,,,,,,,,,,,,,,,,,,,,,,,,1,"správce budovy, pan Václav Keller (tel. 702 295 505)","Humpolec, Okružní 1296, COBAP",,,
"humpolec, okružní 1296, petraplast, česká republika","Humpolec, Okružní 1296, PETRAplast, Česká republika",2024-10-31,2025-04-30,-369,Po termínu,červená,2024-10-31 (proběhlá); 2025-04-30 (plánovaná),,,čeká na přesné geokódování,Kalendář FZ - 6 měsíců.xlsx,112,2019,ano,,pan Kříž 608 333 841,Vysočina,STRONG 3000/1F-30 minut,"Humpolec, Okružní 1296, PETRAplast",,,,,30/25,,,,,,31/24,,,,,,,,,,,,,,,,,,,,,,,,,,,,,,,,,,,,,,,,,,,,,,,,,,,,,,,,,,,,,,,,,,,,,,,,,,,,,2,,,,,
"hustopeče, signum, nádražní 32/41, česká republika","Hustopeče, Signum, Nádražní 32/41, Česká republika",,2027-04-23,354,Více než 60 dnů,zelená,2027-04-23 (plánovaná),,,čeká na přesné geokódování,"Kalendář FZ - 12 měsíců, 2023.xlsx",181,2016,,,,Jihomoravský,STRONG 2000/3f-5 min,,,,,,23/27,,,,,,,,,,,,,,,,,,,,,,,,,,,,,,,,,,,,,,,,,,,,,,,,,,,,,,,,,,,,,,,,,,,,,,,,,,,,,,,,,,,1,"Otýpka 606 732 200, Jiří Godlewski: +420 720 940 085","Hustopeče, Signum, Nádražní 32_41",,,
"ivančice, na úvoze 1751/3, dps, česká republika","Ivančice, Na Úvoze 1751/3, DPS, Česká republika",2026-03-04,2026-03-04,-61,Po termínu,červená,2026-03-04 (plánovaná),,,čeká na přesné geokódování,"Kalendář FZ - 12 měsíců, 2023.xlsx",190,2024,,,,Jihomoravský,ASTIP STRONG 75kVA/3F - 45 minut,,,,,4/26,,,,,,,,,,,"chtěli 1 x ročně, dle upravené normy, co nám poslal pan Dušek. Dle sdělení p. Duška z 30.3.2026 servis zajištuje jiná firma, popř. vyměnuje za jiný zdroj.MTY",,,,,,,,,,,,,,,,,,,,,,,,,,,,,,,,,,,,,,,,,,,,,,,,,,,,,,,,,,,,,,,,,,,,,,,,,1,Koláčný 725 942 790,"Ivančice, Na Úvoze 1751/3, DPS",,,
"ivančice, zemědělská 2, horizont, středisko volného času, česká republika","Ivančice, Zemědělská 2, Horizont, středisko volného času, Česká republika",2026-02-06,2026-08-06,94,Více než 60 dnů,zelená,2026-02-06 (proběhlá); 2026-08-06 (plánovaná),,,čeká na přesné geokódování,Kalendář FZ - 6 měsíců.xlsx,119,2019,,,Štěpanovský 731 656 966,Jihomoravský,PS Liftback 7 500VA/3F-20 minut,"Ivančice, Zemědělská 2, Horizont - středisko volného času",,,6/26,,,,,,6/26,,,,,,,,,,,,,,,,,,,,,,,,,,,,,,,,,,,,,,,,,,,,,,,,,,,,,,,,,,,,,,,,,,,,,,,,,,,,,,,2,,,,,
"jablonec nad nisou, jablotron, česká republika","Jablonec nad Nisou, Jablotron, Česká republika",,2026-12-04,214,Více než 60 dnů,zelená,2026-12-04 (plánovaná),,,čeká na přesné geokódování,"Kalendář FZ - 12 měsíců, 2023.xlsx",191,2016,,,,Liberecký,ASTIP PS 50kVA/40kW/3f-30 min + Rpo,,,,,,,,,,,,,,4/26,,,,,,,,,,,,,,,,,,,,,,,,,,,,,,,,,,,,,,,,,,,,,,,,,,,,,,,,,,,,,,,,,,,,,,,,,,,1,Ing Corradini -724 230 992,"Jablonec nad Nisou, Jablotron",,22500,
"jablonec nad nisou, letní, cikautxo, česká republika","Jablonec nad Nisou, Letní, cikautxo, Česká republika",2026-03-31,2026-09-30,149,Více než 60 dnů,zelená,2026-03-31 (proběhlá); 2026-09-30 (plánovaná),,,čeká na přesné geokódování,Kalendář FZ - 6 měsíců.xlsx,121,"2017, nově 2025",,,Ing. Hrubý 704 220 383 -už nepracuje,Liberecký,ASTIP PS 50kVA/3F -EI 45,"Jablonec nad Nisou, Letní, cikautxo",,,,31/26,,,,,,30/26,,,,,24.6.2024 -zdroj si sami zprovoznili….21.6.2024 -poslán dotaz na mpatrman@,,,,,,,,,,,,,,,,,,,,,,,,,,,,,,,,,,,,,,,,,,,,,,,,,,,,,,,,,,,,,,,,,,,,,,,,,2,,,,,
"jablonec nad nisou, v. nezvala 87/14, dps, česká republika","Jablonec nad Nisou, V. Nezvala 87/14, DPS, Česká republika",2026-03-31,2026-09-30,149,Více než 60 dnů,zelená,2026-03-31 (proběhlá); 2026-09-30 (plánovaná),,,čeká na přesné geokódování,Kalendář FZ - 6 měsíců.xlsx,120,2020,,ano,Štáfová ředitelka 777 533 523,Liberecký,PS 15kVA+20kVA+15kVA,"Jablonec nad Nisou, V. Nezvala 87/14, DPS",,,,31/26,,,,,,30/26,,,,,,,,,,,,,,,,,,,,,,,,,,,,,,,,,,,,,,,,,,,,,,,,,,,,,,,,,,,,,,,,,,,,,,,,,,,,,,2,,,,,
"jaroslavice u znojma, celní 587, dps, česká republika","Jaroslavice u Znojma, Celní 587, DPS, Česká republika",,,,Bez termínu,šedá,,,,čeká na přesné geokódování,"Kalendář FZ - 12 měsíců, 2023.xlsx",193,2017,,,,Jihomoravský,PS 20 kVA/3F -45 minut,,,,,,,,,,,,,9,,,"STOP STAV 9.11.2020 -byl p. Pospíšek, prázdná budova. Vypnuty energie, zdroj mrtvý ",,,,,,,,,,,,,,,,,,,,,,,,,,,,,,,,,,,,,,,,,,,,,,,,,,,,,,,,,,,,,,,,,,,,,,,,,0,"Kolařík 721 450 978, Oškara 792 283 735","Jaroslavice u Znojma, Celní 587, DPS",,,
"jedovnice, na větřáku 808, bd, česká republika","Jedovnice, Na Větřáku 808, BD, Česká republika",,2026-12-11,221,Více než 60 dnů,zelená,2026-12-11 (plánovaná),,,čeká na přesné geokódování,"Kalendář FZ - 12 měsíců, 2023.xlsx",194,2019,,,,Jihomoravský ,STRONG 1500/1F -30 min.,,,,,,,,,,,,,,11/26,,,,,,,,,,,,,,,,,,,,,,,,,,,,,,,,,,,,,,,,,,,,,,,,,,,,,,,,,,,,,,,,,,,,,,,,,,,1,"Ing. Prax, 777 707 755","Jedovnice, Na Větřáku 808, BD",,,
"jemnice, na předliskách, česká republika","Jemnice, Na Předliskách, Česká republika",,2027-04-16,347,Více než 60 dnů,zelená,2027-04-16 (plánovaná),,,čeká na přesné geokódování,"Kalendář FZ - 12 měsíců, 2023.xlsx",195,2018,ano,,,Vysočina,STRONG 3000/3f - 10min,,,,,,16/27,,,,,,,,,,,,,,,,,,,,,,,,,,,,,,,,,,,,,,,,,,,,,,,,,,,,,,,,,,,,,,,,,,,,,,,,,,,,,,,,,,,1,Jaroslava Hankova  608 136 546,"Jemnice, Na Předliskách",,,
"jesenice, billa, česká republika","Jesenice, Billa, Česká republika",2025-04-03,,,Bez termínu,šedá,2025-04-03 (proběhlá),,,čeká na přesné geokódování,Kalendář FZ - 6 měsíců.xlsx,124,2017,"mají si nás pozvat na zkoušku, říct i Coltu",,Smutný 720 950 563,Středočeský,ASTIP PS 50kVA/3f - 30 minut,"Jesenice, Billa ",,,,,3/25,,,,,,,,,,"7.3.2025 - šlo znovu na blažkoovu a smutného , 21.5.2024 -poslaná aktualizace paní Blažkové",,,,,,,,,,,,,,,,,,,,,,,,,,,,,,,,,,,,,,,,,,,,,,,,,,,,,,,,,,,,,,,,,,,,,,,,,1,,,,,
"jeseník, albert, česká republika","Jeseník, Albert, Česká republika",2024-09-20,2024-09-20,-591,Po termínu,červená,2024-09-20 (plánovaná),,,čeká na přesné geokódování,"Kalendář FZ - 12 měsíců, 2023.xlsx",196,2018,,,,Olomoucký,PS 20 000/3F -15 min + R-SOZ,,,,,,,,,,,20/24,,,,,,,,,,,,,,,,,,,,,,,,,,,,,,,,,,,,,,,,,,,,,,,,,,,,,,,,,,,,,,,,,,,,,,,,,,,,,,1,Smrček 777 273 993,"Jeseník, Albert",,,
"jihlava, dm sklad, česká republika","Jihlava, DM sklad, Česká republika",2025-10-13,2026-04-13,-21,Po termínu,červená,2025-10-13 (proběhlá); 2026-04-13 (plánovaná),,,čeká na přesné geokódování,Kalendář FZ - 6 měsíců.xlsx,125,2021,,,Brychta - 739 248 854,Vysočina,3x 1500/3f,"Jihlava, DM sklad",,,,,13/26,,,,,,13/25,,,,,,,,,,,,,,,,,,,,,,,,,,,,,,,,,,,,,,,,,,,,,,,,,,,,,,,,,,,,,,,,,,,,,,,,,,,,,2,,,,,
"jihlava, vrchlického 59, nemocnice, česká republika","Jihlava, Vrchlického 59, nemocnice, Česká republika",2024-10-22,2025-04-22,-377,Po termínu,červená,2024-10-22 (proběhlá); 2025-04-22 (plánovaná),,,čeká na přesné geokódování,Kalendář FZ - 6 měsíců.xlsx,126,2020,,,pan Pavlík 603 267 976,Vysočina,"2 x STRONG 2000/3F -30,10 minut","Jihlava, Vrchlického 59, nemocnice",,,,,22/25,,,,,,22/24,,,,"10.5.2024 -volal pan z čísla 722 047 735, porušili plombu, aby se mohli podívat na kabely k EPS",,,,,,,,,,,,,,,,,,,,,,,,,,,,,,,,,,,,,,,,,,,,,,,,,,,,,,,,,,,,,,,,,,,,,,,,,2,,,,,
"jimramov, pavlovická 108, dps, česká republika","Jimramov, Pavlovická 108, DPS, Česká republika",2024-11-26,2025-05-26,-343,Po termínu,červená,2024-11-26 (proběhlá); 2025-05-26 (plánovaná),,,čeká na přesné geokódování,Kalendář FZ - 6 měsíců.xlsx,127,2017 nově 2023,,,"Vojta - 603 791 864, Konvalinková 733 747 059",Vysočina,"Strong 4000/3f, 45 min","Jimramov, Pavlovická 108, DPS",,,,,,26/25,,,,,,26/24,,,2023 -zásah zdroje bleskem,5000,,,,,,,,,,,,,,,,,,,,,,,,,,,,,,,,,,,,,,,,,,,,,,,,,,,,,,,,,,,,,,,,,,,,,,,,2,,,,,
"jindřichův hradec, česká 1175, otín 103, česká republika","Jindřichův Hradec, Česká 1175, Otín 103, Česká republika",2026-02-20,2026-08-20,108,Více než 60 dnů,zelená,2026-02-20 (proběhlá); 2026-08-20 (plánovaná),,,čeká na přesné geokódování,Kalendář FZ - 6 měsíců.xlsx,128,2015,,poznámka,603360525,Jihočeský,Astip PS 25kVA/3f-45 minut,"Jindřichův Hradec, Česká 1175, Otín 103",,,20/26,,,,,,20/26,,,,,,02/2026 -vzít s sebou výrobní štítek a pomocku 18Ah,,,,,,,,,,,,,,,,,,,,,,,,,,,,,,,,,,,,,,,,,,,,,,,,,,,,,,,,,,,,,,,,,,,,,,,,,2,,,,,
"jičín, dvořákova 618, bd, česká republika","Jičín, Dvořákova 618, BD, Česká republika",,2026-10-30,179,Více než 60 dnů,zelená,2026-10-30 (plánovaná),,,čeká na přesné geokódování,"Kalendář FZ - 12 měsíců, 2023.xlsx",197,2022,,,,,"ASTIP PS Liftback 7,5 kVA/3F -15 minut",,,,,,,,,,,,30/26,,,,,,,,,,,,,,,,,,,,,,,,,,,,,,,,,,,,,,,,,,,,,,,,,,,,,,,,,,,,,,,,,,,,,,,,,,,,,1,"Jiří Bezvoda 724 228 116, OTIS","Jičín, Dvořákova 618, BD",,,
"jáchymov, t.g.masaryka, česká republika","Jáchymov, T.G.Masaryka, Česká republika",2025-02-21,2025-02-21,-437,Po termínu,červená,2025-02-21 (plánovaná),,,čeká na přesné geokódování,"Kalendář FZ - 12 měsíců, 2023.xlsx",192,2016,ano,,,Karlovarský,LiftBack 5kVA/3f-60 min,,,,21/25,,,,,,,,,,,,,,,,,,,,,,,,,,,,,,,,,,,,,,,,,,,,,,,,,,,,,,,,,,,,,,,,,,,,,,,,,,,,,,,,,,,,,1,,"Jáchymov, T.G.Masaryka",,,
"jánské lázně, luční 352, česká republika","Jánské Lázně, Luční 352, Česká republika",2022-03-07,2022-09-07,-1335,Po termínu,červená,2022-03-07 (proběhlá); 2022-09-07 (plánovaná),,,čeká na přesné geokódování,Kalendář FZ - 6 měsíců.xlsx,122,2019,,,Letko 731 655 431,Královehradecký,ASTIP STRONG 1 000/1F -10 minut,"Jánské Lázně, Luční 352",,,,7/22,,,,,,7/22,,,,,,,,,,,,,,,,,,,,,,,,,,,,,,,,,,,,,,,,,,,,,,,,,,,,,,,,,,,,,,,,,,,,,,,,,,,,,,2,,,,,
"jánské lázně, obchodní 282, obchodní akademie olgy havlové, česká republika","Jánské Lázně, Obchodní 282, Obchodní akademie Olgy Havlové, Česká republika",2026-02-16,2026-08-16,104,Více než 60 dnů,zelená,2026-02-16 (proběhlá); 2026-08-16 (plánovaná),,,čeká na přesné geokódování,Kalendář FZ - 6 měsíců.xlsx,123,"2018, 2021",ano,,Holek - 770 187 102,Královehradecký,5x PS LiftBack 7500/3f,"Jánské Lázně, Obchodní 282 - Obchodní akademie Olgy Havlové",,,16/26,,,,,,16/26,,,,,,,5x7000,,,,,,,,,,,,,,,,,,,,,,,,,,,,,,,,,,,,,,,,,,,,,,,,,,,,,,,,,,,,,,,,,,,,,,,,2,,,,,
"kardašova řečice, nám, j. hrubého, hasička, česká republika","Kardašova Řečice, Nám, J. Hrubého, hasička, Česká republika",2025-10-16,2026-04-16,-18,Po termínu,červená,2025-10-16 (proběhlá); 2026-04-16 (plánovaná),,,čeká na přesné geokódování,Kalendář FZ - 6 měsíců.xlsx,129,2019,,,Kalina 720 935 605,Jihočeský,ASTIP STRONG 10kVA/3F -30 minut,"Kardašova Řečice, Nám, J. Hrubého, hasička",,,,,16/26,,,,,,16/25,,,,,,,,,,,,,,,,,,,,,,,,,,,,,,,,,,,,,,,,,,,,,,,,,,,,,,,,,,,,,,,,,,,,,,,,,,,,,2,,,,,
"karlovy vary, becherovka, česká republika","Karlovy Vary, Becherovka, Česká republika",,,,Bez termínu,šedá,,,,čeká na přesné geokódování,"Kalendář FZ - 12 měsíců, 2023.xlsx",198,bez,,,,Karlovarský,  PS 15000/3f-45 minut,,,FZ ukončeny,,,,,,,,,,,,,,,,,,,,,,,,,,,,,,,,,,,,,,,,,,,,,,,,,,,,,,,,,,,,,,,,,,,,,,,,,,,,,,,,,,,,,,0,,"Karlovy Vary, Becherovka",,,
"karlovy vary, kostelní 10, česká republika","Karlovy Vary, Kostelní 10, Česká republika",2022-08-05,2022-08-05,-1368,Po termínu,červená,2022-08-05 (plánovaná),,,čeká na přesné geokódování,"Kalendář FZ - 12 měsíců, 2023.xlsx",199,2014,,,,Karlovarský,PS 7500/3f - 10 min.,,,,,,,,,,5/22,,,,,,,,,,,,,,,,,,,,,,,,,,,,,,,,,,,,,,,,,,,,,,,,,,,,,,,,,,,,,,,,,,,,,,,,,,,,,,,1,Hanzelín - 602 192 335,"Karlovy Vary, Kostelní 10",,,
"karlovy vary, ladislava koubka 1052, česká republika","Karlovy Vary, Ladislava Koubka 1052, Česká republika",,2027-01-14,255,Více než 60 dnů,zelená,2027-01-14 (plánovaná),,,čeká na přesné geokódování,"Kalendář FZ - 12 měsíců, 2023.xlsx",200,2016,,,,Karlovarský,ASTIP PS 3 000/3F - 60 minut,,,14/27,,,,,,,,,,,,,,,,,,,,,,,,,,,,,,,,,,,,,,,,,,,,,,,,,,,,,,,,,,,,,,,,,,,,,,,,,,,,,,,,,,,,,,1,Mičkaninová 702 123 091,"Karlovy Vary, Ladislava Koubka 1052",,,
"karlovy vary, mírové náměstí 2, hotel pupp, česká republika","Karlovy Vary, Mírové náměstí 2, Hotel Pupp, Česká republika",,,,Bez termínu,šedá,,,,čeká na přesné geokódování,Kalendář FZ - 6 měsíců.xlsx,130,"2017, 2018",ano,,Horych - 777 22 8888,Karlovarský,3x záložní zdroje,"Karlovy Vary, Mírové náměstí 2, Hotel Pupp",,,,,,,12,,,,,,,,serviska podepsana,9800,,,,,,,,,,,,,,,,,,,,,,,,,,,,,,,,,,,,,,,,,,,,,,,,,,,,,,,,,,,,,,,,,,,,,,,,0,,,,,
"karlovy vary, nová louka, česká republika","Karlovy Vary, Nová Louka, Česká republika",,,,Bez termínu,šedá,,,,čeká na přesné geokódování,"Kalendář FZ - 12 měsíců, 2023.xlsx",201,2012,,,,Karlovarský,  PS 6000/3f/650/1f-45 min,,,,,,,,,,,,,15,,,"2016 - poslali nás do prčiic, nechtějí nic",,,,,,,,,,,,,,,,,,,,,,,,,,,,,,,,,,,,,,,,,,,,,,,,,,,,,,,,,,,,,,,,,,,,,,,,,0,p.Smitka tel:  603748386,"Karlovy Vary, Nová Louka",,,
"karviná, bd u svobodáren 1300, 1303, svaz tělesně postižených, česká republika","Karviná, BD U svobodáren 1300, 1303, svaz tělesně postižených, Česká republika",2022-05-03,,,Bez termínu,šedá,2022-05-03 (nezjištěno),,,čeká na přesné geokódování,Kalendář FZ - 6 měsíců.xlsx,131,2017,,,"Bulavová 722 280 599,Liboska Lift ser. 777735859,Chvastek 777625720",Moravskoslezský,2 x Rectifier 15kVA/3F - 45minut,"Karviná, BD U svobodáren 1300,1303, svaz tělesně postižených ",,,,,,3/22,,,,,,,,,"tady se posílala nabídka na nové zdroje, ale jsou problémy s kabeláží…po dlouhých řešeních, pí Moňská říkala, že to není DPS. I dle požárníků, tedy revize 1 x ročně...1.4.2021 -baterie na konci životnosti, vysoká teplota",8000,Lift servis,Lift servis,,,,,,,,,,,,,,,,,,,,,,,,,,,,,,,,,,,,,,,,,,,,,,,,,,,,,,,,,,,,,,,,,,,,,,1,,,,,
"karviná, lázeňská, darkov, česká republika","Karviná, Lázeňská, Darkov, Česká republika",2026-03-05,2026-09-05,124,Více než 60 dnů,zelená,2026-03-05 (proběhlá); 2026-09-05 (plánovaná),,,čeká na přesné geokódování,Kalendář FZ - 6 měsíců.xlsx,132,2016,,ano,Lenka Waleczková - 735 170 224,Moravskoslezský,Astip PS 15kVA/3f-45 minut EI 45,"Karviná, Lázeňská, Darkov",,,,5/26,,,,,,5/26,,,,,"tady se dělala kompltní zkouška provozuschopnosti, technik PO + 1500 Kč bez DPJH",,,,,,,,,,,,,,,,,,,,,,,,,,,,,,,,,,,,,,,,,,,,,,,,,,,,,,,,,,,,,,,,,,,,,,,,,2,,,,,
"karviná, park b. smetany 1765, okresní soud, česká republika","Karviná, park B. Smetany 1765, okresní soud, Česká republika",,2026-09-09,128,Více než 60 dnů,zelená,2026-09-09 (plánovaná),,,čeká na přesné geokódování,"Kalendář FZ - 12 měsíců, 2023.xlsx",202,2018,,,,Moravskoslezský,STRONG 5000/3f - 45 minut,,,,,,,,,,,9/26,,,,,,,,,,,,,,,,,,,,,,,,,,,,,,,,,,,,,,,,,,,,,,,,,,,,,,,,,,,,,,,,,,,,,,,,,,,,,,1,"Michaela Pelikánová e- mail: mpelikanova@osoud.kna.justice.cz, tel.: +420 737 244 013 popřípadě pevná linka + 420 596 390 423","Karviná, park B. Smetany 1765, okresní soud",,,
"karviná, tř. osvobození, úp, česká republika","Karviná, tř. Osvobození, ÚP, Česká republika",2026-03-05,2026-09-05,124,Více než 60 dnů,zelená,2026-03-05 (proběhlá); 2026-09-05 (plánovaná),,,čeká na přesné geokódování,Kalendář FZ - 6 měsíců.xlsx,133,2016,,poznámka,"údržba - pan Přeček 722 730 281, út, čt, pá po 11:00 hod",Moravskoslezský,PS 40kVA/3f-45 minut,"Karviná, tř. Osvobození, ÚP",,,,5/26,,,,,,5/26,,,,,"příští kontrola út, čt po 11:00 hodině",,,,,,,,,,,,,,,,,,,,,,,,,,,,,,,,,,,,,,,,,,,,,,,,,,,,,,,,,,,,,,,,,,,,,,,,,2,,,,,
"karviná, u bažantnice, česká republika","Karviná, U Bažantnice, Česká republika",2021-06-01,,,Bez termínu,šedá,2021-06-01 (nezjištěno),,,čeká na přesné geokódování,Kalendář FZ - 6 měsíců.xlsx,134,2015,ano,,Petrovičová 603 908 947,Moravskoslezský,  PS 15kVA/3f-45 minut,"Karviná, U Bažantnice",,,,,,,1/21,,,,,,,," tak už ho nepotřebují, nemají ev. výtah...12.3.2025 -posílám znvou i s CN, 13.6.2024 - petrovicové zaslán dotaz, dělla se jim naíbídka na nový zdroj pošleme aktualizaci…., 1.6.2021 - STOP STAV, 22.11.2019 - STOP STAV",,,,,,,,,,,,,,,,,,,,,,,,,,,,,,,,,,,,,,,,,,,,,,,,,,,,,,,,,,,,,,,,,,,,,,,,,1,,,,,
"kařez 98, bd, česká republika","Kařez 98, BD, Česká republika",,2027-01-27,268,Více než 60 dnů,zelená,2027-01-27 (plánovaná),,,čeká na přesné geokódování,"Kalendář FZ - 12 měsíců, 2023.xlsx",203,2021,,,,Plzeňský,ASTIP STRONG 7500VA/3F-30 minut,,,27/27,,,,,,,,,,,,,,,,,,,,,,,,,,,,,,,,,,,,,,,,,,,,,,,,,,,,,,,,,,,,,,,,,,,,,,,,,,,,,,,,,,,,,,1,Svobodová 774 979 957,"Kařez 98, BD",,,
"kladno, jaroslava holečka 3306, 3307, 3308, 3309, česká republika","Kladno, Jaroslava Holečka 3306, 3307, 3308, 3309, Česká republika",2026-02-20,2026-02-20,-73,Po termínu,červená,2026-01-28 (plánovaná); 2026-02-20 (plánovaná),,,čeká na přesné geokódování,"Kalendář FZ - 12 měsíců, 2023.xlsx",204,2018,,,,Středočeský,"4 x ASTIP PS 7 500/3F -30 minut, RPO",,,28/26,"20/26-3309,3308",,,,,,,,,,,,Cena za kusy revize 20 000 bez DPH,,,,,,,,,,,,,,,,,,,,,,,,,,,,,,,,,,,,,,,,,,,,,,,,,,,,,,,,,,,,,,,,,,,,,,,,,2,Šefl 727 887 088,"Kladno, Jaroslava Holečka 3306, 3307, 3308, 3309",,,
"klatovy, podhůrecká 815/3, dps, česká republika","Klatovy, Podhůrecká 815/3, DPS, Česká republika",2026-03-19,2026-09-19,138,Více než 60 dnů,zelená,2026-03-19 (proběhlá); 2026-09-19 (plánovaná),,,čeká na přesné geokódování,Kalendář FZ - 6 měsíců.xlsx,135,2024,ano,ano,Mazancová 376 347 116,Plzeňský,ASTIP STRONG Liftback 15kVA/3F -45 minut,"Klatovy, Podhůrecká 815/3, DPS",,,,19/26,,,,,,19/26,,,,,,,,,,,,,,,,,,,,,,,,,,,,,,,,,,,,,,,,,,,,,,,,,,,,,,,,,,,,,,,,,,,,,,,,,,,,,,2,,,,,
"klobouky u brna, císařova 394/27, diakonie, česká republika","Klobouky u Brna, Císařova 394/27, diakonie, Česká republika",2026-03-06,2026-03-06,-59,Po termínu,červená,2026-03-06 (plánovaná),,,čeká na přesné geokódování,"Kalendář FZ - 12 měsíců, 2023.xlsx",207,2020,ano,,,Jihomoravský,ASTIP STRONG 5kVA/3kVA/3F -30 min.,,,,,6/26,,,,,,,,,,,"bohužel, nemožná dohoda ohledně četnosti revizí, tedy 1 x ročně, dle jejich PBŘ",,,,,,,,,,,,,,,,,,,,,,,,,,,,,,,,,,,,,,,,,,,,,,,,,,,,,,,,,,,,,,,,,,,,,,,,,1,Ing. Jan Gavlík 777 936 578,"Klobouky u Brna, Císařova 394/27, diakonie",,,
"klášterec nad ohří, průmyslová 2, průmyslová 23, toyoda gosei czech, česká republika","Klášterec nad Ohří, Průmyslová 2, Průmyslová 23, Toyoda Gosei Czech, Česká republika",2025-05-06,2026-06-24,51,30–60 dnů,žlutá,2025-05-06 (plánovaná); 2026-06-24 (plánovaná); 2026-09-11 (plánovaná),,,čeká na přesné geokódování,"Kalendář FZ - 12 měsíců, 2023.xlsx",205,"2012,2015,2017",ano,,,Pardubický,3 záložní zdroje,,,,,,,6/25-15kVA,"24/26 -15kva, PS 3,6  STOP STAV",,,11/26-3kVA,,,,,Toyoda - Easy technologies,,,,,,,,,,,,,,,,,,,,,,,,,,,,,,,,,,,,,,,,,,,,,,,,,,,,,,,,,,,,,,,,,,,,,,,,,3,"Ing. Miroslav Lukša, Easy Technologies, s.r.o. Hlaváček 739 093 305","Klášterec nad Ohří,Průmyslová 2,Průmyslová 23, Toyoda Gosei Czech",,,
"klíčava, zbečno 146, úpravna vody, česká republika","Klíčava, Zbečno 146, úpravna vody, Česká republika",2021-03-02,,,Bez termínu,šedá,2021-03-02 (nezjištěno),,,čeká na přesné geokódování,"Kalendář FZ - 12 měsíců, 2023.xlsx",206,2019,,,,Středočeský,NENÍ PBZ - ASTIP STRONG 1500/3F -30 minut,,,,,2/21,,,,,,,,,,,"2/3/21 -nutná výměna aku + desky, reklamace, předáno Lukášovi",,,,,,,,,,,,,,,,,,,,,,,,,,,,,,,,,,,,,,,,,,,,,,,,,,,,,,,,,,,,,,,,,,,,,,,,,1,Křeček 602 244 668,"Klíčava, Zbečno 146, úpravna vody",,,
"kokořín, hotel kokořín, emeran 1791, česká republika","Kokořín, Hotel Kokořín, Emeran 1791, Česká republika",,,,Bez termínu,šedá,,,,čeká na přesné geokódování,"Kalendář FZ - 12 měsíců, 2023.xlsx",208,2011,,,,Středočeský,  PS 12000/3f-60 minut,,,KO od 2015,24,,,,,,,,,,,,,,,,,,,,,,,,,,,,,,,,,,,,,,,,,,,,,,,,,,,,,,,,,,,,,,,,,,,,,,,,,,,,,,,,,,,,,0,,"Kokořín, Hotel Kokořín,Emeran 1791",,,
"kolín, nad zastávkou 64, dps, česká republika","Kolín, Nad Zastávkou 64, DPS, Česká republika",2023-10-19,,,Bez termínu,šedá,2023-10-19 (nezjištěno),,,čeká na přesné geokódování,Kalendář FZ - 6 měsíců.xlsx,136,"0 v.č., 2017",,,Douděra 602 851 686,Středočeský,Strong 30 000/3F - 45minut,"Kolín, Nad Zastávkou 64, DPS",,,,,,,,,,,19/23,,,,"13.6.2024 - tak pan Douděra mi řekl, že baterky vyměnila jiná firma, zdroj je funkční říkal ",9500,,,,,,,,,,,,,,,,,,,,,,,,,,,,,,,,,,,,,,,,,,,,,,,,,,,,,,,,,,,,,,,,,,,,,,,,1,,,,,
"kolín, slovenská 984, česká republika","Kolín, Slovenská 984, Česká republika",2026-04-01,2026-04-01,-33,Po termínu,červená,2026-04-01 (plánovaná),,,čeká na přesné geokódování,Kalendář FZ - 6 měsíců.xlsx,137,2019,,,Douděra 602 851 686,Středočeský,PS 10 000/3F – 45min,"Kolín, Slovenská 984",,,,,1/26,,,,,,,,,,"tak už věc vyřešili jinak….12.3.2025 -posílám dotaz mailem, 13.6.2024 - pan Douděra - výměna je v řešení….na městě",,,,,,,,,,,,,,,,,,,,,,,,,,,,,,,,,,,,,,,,,,,,,,,,,,,,,,,,,,,,,,,,,,,,,,,,,1,,,,,
"kolín, tyršova 976, česká republika","Kolín, Tyršova 976, Česká republika",2020-04-02,2020-04-02,-2223,Po termínu,červená,2020-04-02 (plánovaná),,,čeká na přesné geokódování,"Kalendář FZ - 12 měsíců, 2023.xlsx",209,2016,,,,Středočeský,  PS 30 kVA/3f-45 minut,,,,,,2/20,,,,,,,,,,2025 - posílám mail na pana Chláda + máme i cenovku z roku 2020,,,,,,,,,,,,,,,,,,,,,,,,,,,,,,,,,,,,,,,,,,,,,,,,,,,,,,,,,,,,,,,,,,,,,,,,,1,Chlád 702 268 075,"Kolín, Tyršova 976",,,
"kopřivnice, štefánikova 12, mú, česká republika","Kopřivnice, Štefánikova 12, MÚ, Česká republika",2024-09-17,2025-03-17,-413,Po termínu,červená,2024-09-17 (proběhlá); 2025-03-17 (plánovaná),,,čeká na přesné geokódování,Kalendář FZ - 6 měsíců.xlsx,138,2019,,,Mareček 603 965 339,Moravskoslezský,ASTIP PS 15kVA/3F -45 minut,"Kopřivnice, Štefánikova 12, MÚ",,,,17/25,,,,,,17/24,,,,,,,,,,,,,,,,,,,,,,,,,,,,,,,,,,,,,,,,,,,,,,,,,,,,,,,,,,,,,,,,,,,,,,,,,,,,,,2,,,,,
"kralice na hané, kralický háj 365, česká republika","Kralice na Hané, Kralický Háj 365, Česká republika",2025-12-11,2026-06-11,38,30–60 dnů,žlutá,2025-12-11 (proběhlá); 2026-06-11 (plánovaná),,,čeká na přesné geokódování,Kalendář FZ - 6 měsíců.xlsx,139,2018,,,Haluza 604 222 725    Krieger - 604 222 549,Olomoucký,STRONG 2000/3f-45 min,"Kralice na Hané, Kralický Háj 365",,,,,,,11/26,,,,,,11/25,,"2025 -šli jsme napřímo, bez SCHRACKU, objednali si nás - pan Haluza",,,,,,,,,,,,,,,,,,,,,,,,,,,,,,,,,,,,,,,,,,,,,,,,,,,,,,,,,,,,,,,,,,,,,,,,,2,,,,,
"kralovice, nám. osvobození, česká republika","Kralovice, Nám. Osvobození, Česká republika",2026-04-14,2026-10-14,163,Více než 60 dnů,zelená,2026-04-14 (proběhlá); 2026-10-14 (plánovaná),,,čeká na přesné geokódování,Kalendář FZ - 6 měsíců.xlsx,140,2018,,,Kubatová 773 747 236,Plzeňský,PS 25 kVA/3F -45 minut,"Kralovice, Nám. Osvobození",,,,,14/26,,,,,,14/26,,,,,,,,,,,,,,,,,,,,,,,,,,,,,,,,,,,,,,,,,,,,,,,,,,,,,,,,,,,,,,,,,,,,,,,,,,,,,2,,,,,
"kralupy nad vltavou, palackého nám. 1, mú, česká republika","Kralupy nad Vltavou, Palackého nám. 1, MÚ, Česká republika",2026-04-14,2026-10-14,163,Více než 60 dnů,zelená,2026-04-14 (proběhlá); 2026-10-14 (plánovaná),,,čeká na přesné geokódování,Kalendář FZ - 6 měsíců.xlsx,141,2023,ano,ano,Lenka Moravcová 315 739 888,Středočeský,ASTIP STRONG 5000/3F -45 minut,"Kralupy nad Vltavou, Palackého nám. 1, MÚ",,,,,14/26,,,,,,14/26,,,,,,,,,,,,,,,,,,,,,,,,,,,,,,,,,,,,,,,,,,,,,,,,,,,,,,,,,,,,,,,,,,,,,,,,,,,,,2,,,,,
"kroměříž, erbenovo nábř. 4262, česká republika","Kroměříž, Erbenovo nábř. 4262, Česká republika",2026-03-11,2026-07-06,63,Více než 60 dnů,zelená,2026-01-06 (proběhlá); 2026-03-11 (proběhlá); 2026-07-06 (plánovaná); 2026-09-11 (plánovaná),,,čeká na přesné geokódování,Kalendář FZ - 6 měsíců.xlsx,142,2017 +2026,ano,ano,Mgr. Vladimíra Marková  774 771 054,Zlínský,2 x ASTIP PS LiftBack 20 000/3f-45 minut,"Kroměříž, Erbenovo nábř. 4262",,6/26-1x stop stav,,11/26,,,,6/26,,11/26,,,,,hlídat sami termíny,,,,,,,,,,,,,,,,,,,,,,,,,,,,,,,,,,,,,,,,,,,,,,,,,,,,,,,,,,,,,,,,,,,,,,,,,4,,,,,
"kroměříž, lesní 54, dps, česká republika","Kroměříž, Lesní 54, DPS, Česká republika",2026-03-10,2026-09-10,129,Více než 60 dnů,zelená,2026-03-10 (proběhlá); 2026-09-10 (plánovaná),,,čeká na přesné geokódování,Kalendář FZ - 6 měsíců.xlsx,143,2020,,,Pospíšilová 774 771 056,Zlínský,2 x ASTIP PS LiftBack 15 000/3f-45 minut,"Kroměříž, Lesní 54, DPS",,,,10/26,,,,,,10/26,,,,,,,,,,,,,,,,,,,,,,,,,,,,,,,,,,,,,,,,,,,,,,,,,,,,,,,,,,,,,,,,,,,,,,,,,,,,,,2,,,,,
"kroměříž, velké náměstí, u zlatého kohouta, česká republika","Kroměříž, Velké Náměstí, U zlatého Kohouta, Česká republika",,,,Bez termínu,šedá,,,,čeká na přesné geokódování,Kalendář FZ - 6 měsíců.xlsx,144,2015,,,,Zlínský,  PS 25kVA/3f-45 minut,"Kroměříž, Velké Náměstí, U zlatého Kohouta",,,,,,,,6,,,,,,,"STOP STAV, Libor poslal hasiče, Hotel u zlatého kohouta",,,,,,,,,,,,,,,,,,,,,,,,,,,,,,,,,,,,,,,,,,,,,,,,,,,,,,,,,,,,,,,,,,,,,,,,,0,,,,,
"kuks, hospitál kuks, česká republika","Kuks, Hospitál Kuks, Česká republika",,2027-01-29,270,Více než 60 dnů,zelená,2027-01-29 (plánovaná),,,čeká na přesné geokódování,"Kalendář FZ - 12 měsíců, 2023.xlsx",210,2014,,,,Královehradecký,  PS 10/3kVA/3f-45 minut,,,29/27,,,,,,,,,,,,,,,,,,,,,,,,,,,,,,,,,,,,,,,,,,,,,,,,,,,,,,,,,,,,,,,,,,,,,,,,,,,,,,,,,,,,,,1,Ledvinka 724 663 685,"Kuks, Hospitál Kuks",,,
"kunovice, cihlářská 526, dzp, česká republika","Kunovice, Cihlářská 526, DZP, Česká republika",2026-01-06,2026-07-06,63,Více než 60 dnů,zelená,2026-01-06 (proběhlá); 2026-07-06 (plánovaná),,,čeká na přesné geokódování,Kalendář FZ - 6 měsíců.xlsx,145,2025,,,Čechová 608 664 837,,Astip STRONG Liftback 30kVA/3F-45 minut/EI45,"Kunovice, Cihlářská 526, DZP",,6/26,,,,,,6/26,,,,,,,,,,,,,,,,,,,,,,,,,,,,,,,,,,,,,,,,,,,,,,,,,,,,,,,,,,,,,,,,,,,,,,,,,,,,,,,,2,,,,,
"kutná hora, u lorce, bd, česká republika","Kutná Hora, U Lorce, BD, Česká republika",,2026-09-04,123,Více než 60 dnů,zelená,2026-09-04 (plánovaná),,,čeká na přesné geokódování,"Kalendář FZ - 12 měsíců, 2023.xlsx",211,2021,,,,Středočeský,"ASTIP PS 11kVA/7,5kVA/3F -45 minut",,,,,,,,,,,4/26,,,,,,,,,,,,,,,,,,,,,,,,,,,,,,,,,,,,,,,,,,,,,,,,,,,,,,,,,,,,,,,,,,,,,,,,,,,,,,1,Salay 777 639 020,"Kutná Hora, U Lorce, BD",,,
"kuřim, zimní stadion, česká republika","Kuřim, zimní stadion, Česká republika",2025-02-21,2025-08-21,-256,Po termínu,červená,2025-02-21 (proběhlá); 2025-08-21 (plánovaná),,,čeká na přesné geokódování,Kalendář FZ - 6 měsíců.xlsx,146,2019,,,pan Dvořák 733 524 654,Jihomoravský,ASTIP PS 20kVA/3F -30 minut,"Kuřim, zimní stadion ",,,21/25,,,,,,21/25,,,,,,,,,,,,,,,,,,,,,,,,,,,,,,,,,,,,,,,,,,,,,,,,,,,,,,,,,,,,,,,,,,,,,,,,,,,,,,,2,,,,,
"kvasice, družstevní 734, kodus, česká republika","Kvasice, Družstevní 734, KODUS, Česká republika",2026-04-09,2026-10-09,158,Více než 60 dnů,zelená,2026-04-09 (proběhlá); 2026-10-09 (plánovaná),,,čeká na přesné geokódování,Kalendář FZ - 6 měsíců.xlsx,147,2021,,,ing. Dušan Odehnal 724 189 504,Zlínský,ASTIP STRONG 75kVA/30kVA/3F-45 minut,"Kvasice, Družstevní 734, KODUS",,,,,9/26,,,,,,9/26,,,,,,,,,,,,,,,,,,,,,,,,,,,,,,,,,,,,,,,,,,,,,,,,,,,,,,,,,,,,,,,,,,,,,,,,,,,,,2,,,,,
"kvasiny, průmyslová solnice, česká republika","Kvasiny, Průmyslová Solnice, Česká republika",2022-01-21,2022-01-21,-1564,Po termínu,červená,2022-01-21 (plánovaná),,,čeká na přesné geokódování,"Kalendář FZ - 12 měsíců, 2023.xlsx",212,bez,,,,Královehradecký,R - SOZ ,,,21/22,,,,,,,,,,,,,,,,,,,,,,,,,,,,,,,,,,,,,,,,,,,,,,,,,,,,,,,,,,,,,,,,,,,,,,,,,,,,,,,,,,,,,,1,Corradini 724 230 992,"Kvasiny, Průmyslová Solnice",,,
"kvilda, svj maxmilián, česká republika","Kvilda, SVJ Maxmilián, Česká republika",,2026-09-11,130,Více než 60 dnů,zelená,2026-09-11 (plánovaná),,,čeká na přesné geokódování,"Kalendář FZ - 12 měsíců, 2023.xlsx",213,2019,ano,,,Jihočeský,"Strong 4000/3f, 45 min",,,,,,,,,,,11/26,,,,,,,,,,,,,,,,,,,,,,,,,,,,,,,,,,,,,,,,,,,,,,,,,,,,,,,,,,,,,,,,,,,,,,,,,,,,,,1,Lenka Randáková 730 871 083,"Kvilda, SVJ Maxmilián",,,
"kyjov, audi, česká republika","Kyjov, Audi, Česká republika",,,,Bez termínu,šedá,,,,čeká na přesné geokódování,"Kalendář FZ - 12 měsíců, 2023.xlsx",214,2013,,,,Jihomoravský,PS 4000 a PS 2400,,,,,26,,,,,,,,,,,moc peněz nechtějí dělat,,,,,,,,,,,,,,,,,,,,,,,,,,,,,,,,,,,,,,,,,,,,,,,,,,,,,,,,,,,,,,,,,,,,,,,,,0,Ing. Šesták - 608 422 478,"Kyjov, Audi",,,
"kyjov, městská knihovna, komenského 617/20, česká republika","Kyjov, městská knihovna, Komenského 617/20, Česká republika",2025-10-08,2026-04-08,-26,Po termínu,červená,2025-10-08 (proběhlá); 2026-04-08 (plánovaná),,,čeká na přesné geokódování,Kalendář FZ - 6 měsíců.xlsx,148,2017,ano,,Slavíček 518 614 358,Jihomoravský,PS 15 000/3f-45 minut,"Kyjov, městská knihovna, Komenského 617/20",,,,,8/26,,,,,,8/25,,,,,???,,,,,,,,,,,,,,,,,,,,,,,,,,,,,,,,,,,,,,,,,,,,,,,,,,,,,,,,,,,,,,,,,,,,,,,,2,,,,,
"kyjov, strážovská, centrumpro seniory, česká republika","Kyjov, Strážovská, centrumpro seniory, Česká republika",,2026-05-13,9,7–30 dnů,oranžová,2026-05-13 (plánovaná),,,čeká na přesné geokódování,Kalendář FZ - 6 měsíců.xlsx,149,2013 nově 2025,ano,ano,"Macháček, 721115971, 518699515",Jihomoravský,  PS 20kVA/3f-45 minut,"Kyjov, Strážovská, centrumpro seniory",,,,,,13/26,,,,,,,,,,,Centrum pro seniory,Centrum pro seniory,,,,,,,,,,,,,,,,,,,,,,,,,,,,,,,,,,,,,,,,,,,,,,,,,,,,,,,,,,,,,,,,,,,,,,1,,,,,
"kyjovice, domov na zámku, česká republika","Kyjovice, Domov na Zámku, Česká republika",,2026-07-06,63,Více než 60 dnů,zelená,2026-07-06 (plánovaná),,,čeká na přesné geokódování,Kalendář FZ - 6 měsíců.xlsx,150,2017 + 2024,ano,ano,Ing. Martiníková 739 653 438,Jihomoravský,STRONG 20 kVA/3F- 60 minut +20kVA/3F-45minut + nový 2024,"Kyjovice, Domov na Zámku",,2026-06-01 00:00:00,,,,,,6/26,,,,,,,19.12.2024 - nový zdroj 24121901,7200,,,,,,,,,,,,,,,,,,,,,,,,,,,,,,,,,,,,,,,,,,,,,,,,,,,,,,,,,,,,,,,,,,,,,,,,1,,,,,
"kynžvart, lázeňská 295, léčebné lázně, česká republika","Kynžvart, Lázeňská 295, léčebné lázně, Česká republika",2025-06-30,2025-12-30,-125,Po termínu,červená,2025-06-30 (proběhlá); 2025-12-30 (plánovaná),,,čeká na přesné geokódování,Kalendář FZ - 6 měsíců.xlsx,151,2020,,,"Ing. Šlachta 606 603 568, Frank 723 854 790",Karlovarský,"ASTIP STRONG 20kVA/3F -10,45 minut","Kynžvart, Lázeňská 295 - léčebné lázně",,,,,,,30/25,,,,,,30/25,,,,,,,,,,,,,,,,,,,,,,,,,,,,,,,,,,,,,,,,,,,,,,,,,,,,,,,,,,,,,,,,,,,,,,,,,,,2,,,,,
"lednické rovné, medňanská 80, dps, slovensko","Lednické rovné, Medňanská 80, DPS, Slovensko",2026-01-20,2026-07-20,77,Více než 60 dnů,zelená,2026-01-20 (proběhlá); 2026-07-20 (plánovaná),,,čeká na přesné geokódování,Kalendář FZ - 6 měsíců.xlsx,153,2021,,,"Kočiš , 0903 423 421",Slovensko,ASTIP PS 20kVA/3F -45 minut,"Lednické rovné, Medňanská 80, DPS",,20/26,,,,,,20/26,,,,,,,,,,,,,,,,,,,,,,,,,,,,,,,,,,,,,,,,,,,,,,,,,,,,,,,,,,,,,,,,,,,,,,,,,,,,,,,,2,,,,,
"lelekovice, chmelníky, česká republika","Lelekovice, Chmelníky, Česká republika",,2026-05-13,9,7–30 dnů,oranžová,2026-05-13 (plánovaná),,,čeká na přesné geokódování,"Kalendář FZ - 12 měsíců, 2023.xlsx",215,2014,,,,Jihomoravský,  PS 1500/1f-35 minut,,,,,,,13/26,,,,,,,,,,,,,,,,,,,,,,,,,,,,,,,,,,,,,,,,,,,,,,,,,,,,,,,,,,,,,,,,,,,,,,,,,,,,,,,,,,1,603864057,"Lelekovice, Chmelníky",,4000,
"lelekovice, hlavní 341/102 vchod a, česká republika","Lelekovice, Hlavní 341/102 vchod A, Česká republika",,2026-09-17,136,Více než 60 dnů,zelená,2026-09-17 (plánovaná),,,čeká na přesné geokódování,"Kalendář FZ - 12 měsíců, 2023.xlsx",216,2021,,,,Jihomoravský,ASTIP STRONG 15kVA/2kVA/3F -30 minut + RPO,,,,,,,,,,,17/26,,,,,,,,,,,,,,,,,,,,,,,,,,,,,,,,,,,,,,,,,,,,,,,,,,,,,,,,,,,,,,,,,,,,,,,,,,,,,,1,Horák 725 528 848,"Lelekovice, Hlavní 341/102 vchod A",,,
"lelekovice, hlavní 341/102 vchod b, česká republika","Lelekovice, Hlavní 341/102 vchod B, Česká republika",,2026-09-17,136,Více než 60 dnů,zelená,2026-09-17 (plánovaná),,,čeká na přesné geokódování,"Kalendář FZ - 12 měsíců, 2023.xlsx",217,2021,,,,Jihomoravský,ASTIP STRONG 20kVA/2kVA/3F -30 minut + RPO,,,,,,,,,,,17/26,,,,,,,,,,,,,,,,,,,,,,,,,,,,,,,,,,,,,,,,,,,,,,,,,,,,,,,,,,,,,,,,,,,,,,,,,,,,,,1,Horák 725 528 848,"Lelekovice, Hlavní 341/102 vchod B",,,
"letohrad, šedivská, siemens-oez, česká republika","Letohrad, Šedivská, Siemens-OEZ, Česká republika",,2026-06-13,40,30–60 dnů,žlutá,2026-06-13 (plánovaná),,,čeká na přesné geokódování,"Kalendář FZ - 12 měsíců, 2023.xlsx",218,2017 +2025,,,,Pardubický,PS 75 kVA/3F -30 minut,,,,,,,,13/26,,,,,,,,30.7.2025 - dodán další zdroj 1kVA/1F-30 minut,,,,,,,,,,,,,,,,,,,,,,,,,,,,,,,,,,,,,,,,,,,,,,,,,,,,,,,,,,,,,,,,,,,,,,,,,1,pan Šlajs 725 520 125,"Letohrad, Šedivská, Siemens-OEZ",,,
"lhota u vsetína, 307, kapka resort, česká republika","Lhota u Vsetína, 307, Kapka Resort, Česká republika",2024-09-17,2025-03-17,-413,Po termínu,červená,2024-09-17 (proběhlá); 2025-03-17 (plánovaná),,,čeká na přesné geokódování,Kalendář FZ - 6 měsíců.xlsx,154,2022,,,Čuba 739 386 700,Moravskoslezský,"ASTIP STRONG 35/7,5kVA/3F-30 minut","Lhota u Vsetína, 307, Kapka Resort",,,,17/25,,,,,,17/24,,,,,,,,,,,,,,,,,,,,,,,,,,,,,,,,,,,,,,,,,,,,,,,,,,,,,,,,,,,,,,,,,,,,,,,,,,,,,,2,,,,,
"liberec, dr. milady horákové, ubytovna, česká republika","Liberec, Dr. Milady Horákové, Ubytovna, Česká republika",,,,Bez termínu,šedá,,,,čeká na přesné geokódování,Kalendář FZ - 6 měsíců.xlsx,155,2016,,,Černovská -721 553 867,Liberecký,ASTIP PS 1kVA/1f-10 min,"Liberec, Dr. Milady Horákové, Ubytovna",,,,,,,,,,,,,,,,,,,,,,,,,,,,,,,,,,,,,,,,,,,,,,,,,,,,,,,,,,,,,,,,,,,,,,,,,,,,,,,,,,,,,,,,0,,,,,
"liberec, krejčího -6 x zdroj, česká republika","Liberec, Krejčího -6 x zdroj, Česká republika",2024-08-13,2024-08-13,-629,Po termínu,červená,2024-08-13 (plánovaná),,,čeká na přesné geokódování,Kalendář FZ - 6 měsíců.xlsx,156,2019,,,,Liberecký,6 x ASTIP PS 20 kVA/3F -45 minut,"Liberec, Krejčího -6 x zdroj",,,,,,,,,13/24 -6 x stop stav,,,,,,12.3.2025 -poslán mail Bušovské,,,,,,,,,,,,,,,,,,,,,,,,,,,,,,,,,,,,,,,,,,,,,,,,,,,,,,,,,,,,,,,,,,,,,,,,,1,,,,,
"liberec, nad sokolovnou 616, česká 617, česká republika","Liberec, Nad Sokolovnou 616, Česká 617, Česká republika",,2026-06-10,37,30–60 dnů,žlutá,2026-06-10 (plánovaná),,,čeká na přesné geokódování,"Kalendář FZ - 12 měsíců, 2023.xlsx",219,"2016, 2017",,,,Liberecký,"Nad Sokolovnou 616 - PS 15 kVA/3F , Česká 617 - PS 15 kVA/3F",,,,,,,,10/26,,,,,,,,,,,,,,,,,,,,,,,,,,,,,,,,,,,,,,,,,,,,,,,,,,,,,,,,,,,,,,,,,,,,,,,,,,,,,,,,,1,Lochmann 725 394 611,"Liberec, Nad Sokolovnou 616, Česká 617",,,
"liberec, riegrova, česká republika","Liberec, Riegrova, Česká republika",2021-11-19,2021-11-19,-1627,Po termínu,červená,2021-11-19 (plánovaná),,,čeká na přesné geokódování,"Kalendář FZ - 12 měsíců, 2023.xlsx",220,2017,,,,Liberecký,ASTIP STRONG 1 000/3F - 15 minut,,,,,,,,,,,,,19/21,,,,,,,,,,,,,,,,,,,,,,,,,,,,,,,,,,,,,,,,,,,,,,,,,,,,,,,,,,,,,,,,,,,,,,,,,,,,1,,"Liberec, Riegrova",,,
"liberec, techniků, sigmaplast, česká republika","Liberec, Techniků, Sigmaplast, Česká republika",2021-11-19,2021-11-19,-1627,Po termínu,červená,2021-11-19 (plánovaná),,,čeká na přesné geokódování,"Kalendář FZ - 12 měsíců, 2023.xlsx",221,bez,,,,Liberecký,ASTIP R-ZOTK ,,,,,,,,,,,,,19/21,,,,,,,,,,,,,,,,,,,,,,,,,,,,,,,,,,,,,,,,,,,,,,,,,,,,,,,,,,,,,,,,,,,,,,,,,,,,1,,"Liberec, Techniků, Sigmaplast",,,
"lipno nad vltavou 331, korzo lipno, česká republika","Lipno nad Vltavou 331, Korzo Lipno, Česká republika",,2027-03-24,324,Více než 60 dnů,zelená,2027-03-24 (plánovaná),,,čeká na přesné geokódování,"Kalendář FZ - 12 měsíců, 2023.xlsx",222,2022,ano,,,Jihočeský,ASTIP STRONG 144/50kVA/3F-30 minut,,,,,24/27,,,,,,,,,,,,,,,,,,,,,,,,,,,,,,,,,,,,,,,,,,,,,,,,,,,,,,,,,,,,,,,,,,,,,,,,,,,,,,,,,,,,1,"Polák 702 217 260, tech. servis - 702 216 388","Lipno nad Vltavou 331, Korzo Lipno",,,
"lipník n.bečvou, trnávka 37, blaze harmony s.r.o, česká republika","Lipník n.Bečvou, Trnávka 37, Blaze Harmony s.r.o, Česká republika",2025-08-12,2026-02-12,-81,Po termínu,červená,2025-08-12 (proběhlá); 2026-02-12 (plánovaná),,,čeká na přesné geokódování,Kalendář FZ - 6 měsíců.xlsx,157,2025,,,Svak 735 128 160,Moravskoslezský,ASTIP STRONG 7500VA/3F-30 minut,"Lipník n.Bečvou, Trnávka 37, Blaze Harmony s.r.o",,,12/26,,,,,,12/25,,,,,,,,,,,,,,,,,,,,,,,,,,,,,,,,,,,,,,,,,,,,,,,,,,,,,,,,,,,,,,,,,,,,,,,,,,,,,,,2,,,,,
"lipová lázně 25, hotel helios, česká republika","Lipová Lázně 25, Hotel Helios, Česká republika",2025-12-09,2026-06-09,36,30–60 dnů,žlutá,2025-12-09 (proběhlá); 2026-06-09 (plánovaná),,,čeká na přesné geokódování,Kalendář FZ - 6 měsíců.xlsx,158,2018 nově 2025,,,Vejběrová 737 160 594,Olomoucký,PS 20 000/3f - 45min. + RPO,"Lipová Lázně 25, Hotel Helios",,,,,,,9/26,,,,,,9/25,,,,,,,,,,,,,,,,,,,,,,,,,,,,,,,,,,,,,,,,,,,,,,,,,,,,,,,,,,,,,,,,,,,,,,,,,,,2,,,,,
"liptál, liptál 233, dps, česká republika","Liptál, Liptál 233, DPS, Česká republika",2026-03-10,2026-09-10,129,Více než 60 dnů,zelená,2026-03-10 (proběhlá); 2026-09-10 (plánovaná),,,čeká na přesné geokódování,Kalendář FZ - 6 měsíců.xlsx,159,2025,,,Sejdl Roman 603 592 359,,ASTIP STRONG 107/30kVA/3F-45 minut,"Liptál, Liptál 233, DPS",,,,10/26,,,,,,10/26,,,,,,,,,,,,,,,,,,,,,,,,,,,,,,,,,,,,,,,,,,,,,,,,,,,,,,,,,,,,,,,,,,,,,,,,,,,,,,2,,,,,
"litvínov, valdštejnská 2179, česká republika","Litvínov, Valdštejnská 2179, Česká republika",2025-01-16,2025-07-16,-292,Po termínu,červená,2025-01-16 (proběhlá); 2025-07-16 (plánovaná),,,čeká na přesné geokódování,Kalendář FZ - 6 měsíců.xlsx,160,2019,,,Dostál 601 523 861,Ústecký,"ASTIP PS 20kVA/3f 45 min.,","Litvínov, Valdštejnská 2179",,16/25,,,,,,16/25,,,,,,,,,,,,,,,,,,,,,,,,,,,,,,,,,,,,,,,,,,,,,,,,,,,,,,,,,,,,,,,,,,,,,,,,,,,,,,,,2,,,,,
"lojovice, ats, česká republika","Lojovice, ATS, Česká republika",2024-11-07,2024-11-07,-543,Po termínu,červená,2024-11-07 (plánovaná),,,čeká na přesné geokódování,"Kalendář FZ - 12 měsíců, 2023.xlsx",223,2020,ano,,,Středočeský,"ASTIP STRONG 7 500VA/3F -60 min, LIFEPO",,,,,,,,,,,,,7/24,,,,,,,,,,,,,,,,,,,,,,,,,,,,,,,,,,,,,,,,,,,,,,,,,,,,,,,,,,,,,,,,,,,,,,,,,,,,1,Zdeněk Tököly 739 025 417,"Lojovice, ATS",,,
"luhačovice, a. slavíčka 231, parkovací dům, česká republika","Luhačovice, A. Slavíčka 231, parkovací dům, Česká republika",,2027-04-20,351,Více než 60 dnů,zelená,2027-04-20 (plánovaná),,,čeká na přesné geokódování,"Kalendář FZ - 12 měsíců, 2023.xlsx",224,2024,,,,Zlínský,ASTIP STRONG 2000VA/1F -60 minut,,,,,,20/27,,,,,,,,,,Antonína Slavíčka,,,,,,,,,,,,,,,,,,,,,,,,,,,,,,,,,,,,,,,,,,,,,,,,,,,,,,,,,,,,,,,,,,,,,,,,,1,Šenkyřík 734 763 884,"Luhačovice, A. Slavíčka 231, parkovací dům",,,
"luhačovice, betty smetanové 1109, česká republika","Luhačovice, Betty Smetanové 1109, Česká republika",2024-11-08,2024-11-08,-542,Po termínu,červená,2024-11-08 (plánovaná),,,čeká na přesné geokódování,"Kalendář FZ - 12 měsíců, 2023.xlsx",225,2016,,,,Zlínský,PS 3000/3f - 10 min.,,,,,,,,,,,,,8/24,,,9.12.2020 -dovoleno odplombovat zdroj - M. Böhn,,,,,,,,,,,,,,,,,,,,,,,,,,,,,,,,,,,,,,,,,,,,,,,,,,,,,,,,,,,,,,,,,,,,,,,,,1,"Josef Žálek, 775 164 221","Luhačovice, Betty Smetanové 1109",,,
"luhačovice, pod kamennou 401, hotel riviera, česká republika","Luhačovice, Pod Kamennou 401, hotel Riviera, Česká republika",2026-04-09,2026-04-09,-25,Po termínu,červená,2026-04-09 (plánovaná),,,čeká na přesné geokódování,Kalendář FZ - 6 měsíců.xlsx,161,2017,,,Mikulášek 739 390 650,Zlínský,STRONG 20kVA/3F-45 minut,"Luhačovice, Pod Kamennou 401, hotel Riviera",,,,,9/26,,,,,,,,,,,,,,,,,,,,,,,,,,,,,,,,,,,,,,,,,,,,,,,,,,,,,,,,,,,,,,,,,,,,,,,,,,,,,,,,,,,1,,,,,
"luhačovice, zatloukalova 1144, česká republika","Luhačovice, Zatloukalova 1144, Česká republika",,2026-08-14,102,Více než 60 dnů,zelená,2026-08-14 (plánovaná),,,čeká na přesné geokódování,"Kalendář FZ - 12 měsíců, 2023.xlsx",226,2024,,ano,,Zlínský,"ASTIP STRONG 62kVA/7,5kVA/3F -45 minut",,,,,,,,,,14/26,,,,,,,,,,,,,,,,,,,,,,,,,,,,,,,,,,,,,,,,,,,,,,,,,,,,,,,,,,,,,,,,,,,,,,,,,,,,,,,1,Švorčík 736 473 563,"Luhačovice, Zatloukalova 1144",,,
"luže, košumberk 80, hamzova léčebna pro děti a dospělé, česká republika","Luže, Košumberk 80, Hamzova léčebna pro děti a dospělé, Česká republika",2025-10-02,2026-04-02,-32,Po termínu,červená,2025-10-02 (proběhlá); 2026-04-02 (plánovaná),,,čeká na přesné geokódování,Kalendář FZ - 6 měsíců.xlsx,162,"2017, 2021",,,Zídka 733 184 230,Pardubický,PS 3000/3f-30 min + PS 20kVA/3F -45 minut,"Luže, Košumberk 80, Hamzova léčebna pro děti a dospělé",,,,,2/26,,,,,,2/25,,,,,,,,,,,,,,,,,,,,,,,,,,,,,,,,,,,,,,,,,,,,,,,,,,,,,,,,,,,,,,,,,,,,,,,,,,,,,2,,,,,
"lysá nad labem, slunéčková 1982, 1984, česká republika","Lysá nad Labem, Slunéčková 1982, 1984, Česká republika",,2026-05-19,15,7–30 dnů,oranžová,2026-05-19 (plánovaná),,,čeká na přesné geokódování,"Kalendář FZ - 12 měsíců, 2023.xlsx",227,2022,,,,Středočeský,"STRONG 1,5kVA + STRONG 4kVA",,,,,,,19/26,,,,,,,,,2024 - udělat revize zároveň se Zahradní 1986,,,,,,,,,,,,,,,,,,,,,,,,,,,,,,,,,,,,,,,,,,,,,,,,,,,,,,,,,,,,,,,,,,,,,,,,,1,Hodková 602 734 446,"Lysá nad Labem, Slunéčková 1982,1984",,,
"lysá nad labem, tři chaloupky, vodní elektrárna, česká republika","Lysá nad Labem, Tři chaloupky, vodní elektrárna, Česká republika",2023-02-22,,,Bez termínu,šedá,2023-02-22 (nezjištěno),,,čeká na přesné geokódování,"Kalendář FZ - 12 měsíců, 2023.xlsx",228,2019,,,,Středočeský,ASTIP STRONG 1000VA/3F,,,,22/23,,,,,,,,,,,,,,,,,,,,,,,,,,,,,,,,,,,,,,,,,,,,,,,,,,,,,,,,,,,,,,,,,,,,,,,,,,,,,,,,,,,,,1,Pavel Jindra 603 465 836 -nebere,"Lysá nad Labem, Tři chaloupky, vodní elektrárna",,,
"lysá nad labem, zahradní 1986, česká republika","Lysá nad Labem, Zahradní 1986, Česká republika",,2026-05-19,15,7–30 dnů,oranžová,2026-05-19 (plánovaná),,,čeká na přesné geokódování,"Kalendář FZ - 12 měsíců, 2023.xlsx",229,2019,,,,Středočeský,STRONG 1500/3F -15 min.,,,,,,,19/26,,,,,,,,,,,,,,,,,,,,,,,,,,,,,,,,,,,,,,,,,,,,,,,,,,,,,,,,,,,,,,,,,,,,,,,,,,,,,,,,,,1,"Libor Houžvička
tel.: +420 724 124 530","Lysá nad Labem, Zahradní 1986",,7800,
"lázně bohdaneč, za školkou 620, dps, česká republika","Lázně Bohdaneč, Za Školkou 620, DPS, Česká republika",2024-10-03,2025-04-03,-396,Po termínu,červená,2024-10-03 (proběhlá); 2025-04-03 (plánovaná),,,čeká na přesné geokódování,Kalendář FZ - 6 měsíců.xlsx,152,2022,,,Fišnarová 778 424 676,Pardubický,ASTIP STRONG 152kVA/30kVA/3F-45 minut,"Lázně Bohdaneč, Za Školkou 620, DPS",,,,,3/25,,,,,,3/24,,,,,,,,,,,,,,,,,,,,,,,,,,,,,,,,,,,,,,,,,,,,,,,,,,,,,,,,,,,,,,,,,,,,,,,,,,,,,2,,,,,
"mariánské lázně, hlavní třída 42/18, hotel aura, česká republika","Mariánské lázně, Hlavní třída 42/18, hotel Aura, Česká republika",2026-03-31,2026-09-30,149,Více než 60 dnů,zelená,2026-03-31 (proběhlá); 2026-09-30 (plánovaná),,,čeká na přesné geokódování,Kalendář FZ - 6 měsíců.xlsx,164,2019,,,Suljakovič 725 515 567,Karlovarský, ASTIP STRONG 10kVA/3f-45 min,"Mariánské lázně, Hlavní třída 42_18, hotel Aura",,,,31/26,,,,,,30/26,,,,,objednána oprava,,,,,,,,,,,,,,,,,,,,,,,,,,,,,,,,,,,,,,,,,,,,,,,,,,,,,,,,,,,,,,,,,,,,,,,,,2,,,,,
"mariánské lázně, ibsenova 3, hotel nabokov, česká republika","Mariánské lázně, Ibsenova 3, hotel Nabokov, Česká republika",2025-09-11,2026-03-11,-54,Po termínu,červená,2025-09-11 (proběhlá); 2026-03-11 (plánovaná),,,čeká na přesné geokódování,Kalendář FZ - 6 měsíců.xlsx,163,2017,,,Osička 778 770 058,Karlovarský,PS 40 kVA/3F - 45 minut,"Mariánské lázně, Ibsenova 3, hotel Nabokov",,,,11/26,,,,,,11/25,,,,,,,,,,,,,,,,,,,,,,,,,,,,,,,,,,,,,,,,,,,,,,,,,,,,,,,,,,,,,,,,,,,,,,,,,,,,,,2,,,,,
"mariánské lázně, příkrá 618, spa hotel děvín, česká republika","Mariánské Lázně, Příkrá 618, SPA Hotel Děvín, Česká republika",2021-10-05,2022-04-05,-1490,Po termínu,červená,2021-10-05 (proběhlá); 2022-04-05 (plánovaná),,,čeká na přesné geokódování,Kalendář FZ - 6 měsíců.xlsx,165,2019,,,Sillerová 777 111 728,Karlovarský,ASTIP STRONG 3 000/3F -60 minut,"Mariánské Lázně, Příkrá 618, SPA Hotel Děvín",,,,,5/22,,,,,,5/21,,,,"domluvit predem s borcem EPSku, nejde rozebrat tlacitko pozarni",,,,,,,,,,,,,,,,,,,,,,,,,,,,,,,,,,,,,,,,,,,,,,,,,,,,,,,,,,,,,,,,,,,,,,,,,2,,,,,
"mariánské lázně, tepelská, česká republika","Mariánské lázně, Tepelská, Česká republika",,,,Bez termínu,šedá,,,,čeká na přesné geokódování,"Kalendář FZ - 12 měsíců, 2023.xlsx",230,2010,,,,Karlovarský,ASTIP PS 15 000/3f-45 minut,,,,,,,,19,,,,,,,,"porucha, udělán by pass v rozvaděči, nevíme jak to řešit, 1.10.2019",,,,,,,,,,,,,,,,,,,,,,,,,,,,,,,,,,,,,,,,,,,,,,,,,,,,,,,,,,,,,,,,,,,,,,,,,0,,"Mariánské lázně, Tepelská",,,
"merklín, pstruží 19, ubytovací areál, česká republika","Merklín, Pstruží 19, ubytovací areál, Česká republika",2026-04-15,2026-04-15,-19,Po termínu,červená,2026-04-15 (plánovaná),,,čeká na přesné geokódování,"Kalendář FZ - 12 měsíců, 2023.xlsx",231,?,,,,Plzeňský,ASTIP STRONG 2 000VA/1F,,,,,,15/26,,,,,,,,,,,,,,,,,,,,,,,,,,,,,,,,,,,,,,,,,,,,,,,,,,,,,,,,,,,,,,,,,,,,,,,,,,,,,,,,,,,1,Meller 773 679 124,"Merklín, Pstruží 19, ubytovací areál",,,
"meziboří, okružní, javorová, česká republika","Meziboří, Okružní, Javorová, Česká republika",2024-04-16,2024-04-16,-748,Po termínu,červená,2024-04-16 (plánovaná),,,čeká na přesné geokódování,Kalendář FZ - 6 měsíců.xlsx,166,2015,ano,,Križanovič - 732 361 133,Ústecký,  PS 20kVA/1f-45 minut,"Meziboří, Okružní, Javorová",,,,,16/24,,,,,,,,,,12.3.2025 -posílám mail na podatelna@ddmezibori.cz,,,,,,,,,,,,,,,,,,,,,,,,,,,,,,,,,,,,,,,,,,,,,,,,,,,,,,,,,,,,,,,,,,,,,,,,,1,,,,,
"mikulovice u znojma 247, peape metal, česká republika","Mikulovice u Znojma 247, PEaPE Metal, Česká republika",2026-01-20,2026-07-20,77,Více než 60 dnů,zelená,2026-01-20 (proběhlá); 2026-07-20 (plánovaná),,,čeká na přesné geokódování,Kalendář FZ - 6 měsíců.xlsx,167,2021,,, Ing. Rudolf PEŘINKA 603 174 199,Jihomoravský,STRONG 4000/3f -30 min,"Mikulovice u Znojma 247, PEaPE Metal",,20/26,,,,,,20/26,,,,,,,,,,,,,,,,,,,,,,,,,,,,,,,,,,,,,,,,,,,,,,,,,,,,,,,,,,,,,,,,,,,,,,,,,,,,,,,,2,,,,,
"milovice, armádní 539, česká republika","Milovice, Armádní 539, Česká republika",2025-06-25,,,Bez termínu,šedá,2025-06-25 (nezjištěno),,,čeká na přesné geokódování,"Kalendář FZ - 12 měsíců, 2023.xlsx",233,2020,ano,,,Středočeský,STRONG 5000VA/3F -10 minut,,,,,,,,25/25,,,,,,,,,,,,,,,,,,,,,,,,,,,,,,,,,,,,,,,,,,,,,,,,,,,,,,,,,,,,,,,,,,,,,,,,,,,,,,,,,1,Ing. Šturc 775 114 608,"Milovice, Armádní 539",,,
"milovice, armádní 882, 883, česká republika","Milovice, Armádní 882, 883, Česká republika",,2027-02-26,298,Více než 60 dnů,zelená,2027-02-26 (plánovaná),,,čeká na přesné geokódování,"Kalendář FZ - 12 měsíců, 2023.xlsx",234,2019,ano,ano,,Středočeský,2x STRONG 1500/3f 35minut,,,,26/27,,,,,,,,,,,,,,,,,,,,,,,,,,,,,,,,,,,,,,,,,,,,,,,,,,,,,,,,,,,,,,,,,,,,,,,,,,,,,,,,,,,,,1,Ing. David Friedrich 602 479 595,"Milovice, Armádní 882,883",,7200 ZA OBA ZDROJE,
"milovice, armádní 885, česká republika","Milovice, Armádní 885, Česká republika",,2026-05-19,15,7–30 dnů,oranžová,2026-05-19 (plánovaná),,,čeká na přesné geokódování,"Kalendář FZ - 12 měsíců, 2023.xlsx",237,2021,ano,,,Středočeský,ASTIP STRONG 1500VA/3F -35 minut,,,,,,,19/26,,,,,,,,,,,,,,,,,,,,,,,,,,,,,,,,,,,,,,,,,,,,,,,,,,,,,,,,,,,,,,,,,,,,,,,,,,,,,,,,,,1,Martina Racková 777 114 414,"Milovice, Armádní 885",,,
"milovice, armádní 892, česká republika","Milovice, Armádní 892, Česká republika",,2026-05-19,15,7–30 dnů,oranžová,2026-05-19 (plánovaná),,,čeká na přesné geokódování,"Kalendář FZ - 12 měsíců, 2023.xlsx",235,2024,,,,Středočeský,STRONG 2000VA/3F-35 minut,,,,,,,19/26,,,,,,,,,,,,,,,,,,,,,,,,,,,,,,,,,,,,,,,,,,,,,,,,,,,,,,,,,,,,,,,,,,,,,,,,,,,,,,,,,,1,Vocetková 777 114 154,"Milovice, Armádní 892",,,
"milovice, armádní 893, 894, česká republika","Milovice, Armádní 893, 894, Česká republika",2025-08-22,2025-08-22,-255,Po termínu,červená,2025-08-22 (plánovaná),,,čeká na přesné geokódování,"Kalendář FZ - 12 měsíců, 2023.xlsx",236,2023,,,,Středočeský,2 x STRONG 2000/3F-35 minut,,,,,,,,,,22/25,,,,,,,,,,,,,,,,,,,,,,,,,,,,,,,,,,,,,,,,,,,,,,,,,,,,,,,,,,,,,,,,,,,,,,,,,,,,,,,1,Pavel Sukalovský 799 115 679,"Milovice, Armádní 893, 894",,,
"milovice, armádní 895, bd, česká republika","Milovice, Armádní 895, BD, Česká republika",,2027-02-10,282,Více než 60 dnů,zelená,2027-02-10 (plánovaná),,,čeká na přesné geokódování,"Kalendář FZ - 12 měsíců, 2023.xlsx",238,2022,,,,Středočeský,ASTIP STRONG 1500VA/3F -35 minut,,,,10/27,,,,,,,,,,,,,,,,,,,,,,,,,,,,,,,,,,,,,,,,,,,,,,,,,,,,,,,,,,,,,,,,,,,,,,,,,,,,,,,,,,,,,1,Monika Vocetková 777 114 154,"Milovice, Armádní 895, BD",,,
"milovice, armádní 896, bd, česká republika","Milovice, Armádní 896, BD, Česká republika",,2026-08-12,100,Více než 60 dnů,zelená,2026-08-12 (plánovaná),,,čeká na přesné geokódování,"Kalendář FZ - 12 měsíců, 2023.xlsx",239,2022,,,,Středočeský,ASTIP STRONG 1500VA/3F -35 minut,,,,,,,,,,12/26,,,,,,,,,,,,,,,,,,,,,,,,,,,,,,,,,,,,,,,,,,,,,,,,,,,,,,,,,,,,,,,,,,,,,,,,,,,,,,,1,"Cambor 725 556 455, Hanousková 724 258 954","Milovice, Armádní 896, BD",,,
"milovice, dětské centrum, dětská 361, česká republika","Milovice, Dětské centrum, Dětská 361, Česká republika",2026-02-26,2027-04-01,332,Více než 60 dnů,zelená,2026-02-26 (plánovaná) | 2027-04-01 (plánovaná),,,čeká na přesné geokódování,"Kalendář FZ - 6 měsíců.xlsx | Kalendář FZ - 12 měsíců, 2023.xlsx",168 | 240,2017,,ano,Černovská -721 553 867,Středočeský,"PS 1000/3f, 15 minut","Milovice, Dětské centrum, Dětská 361",,,26/26,,1/27,,,,,,,,,,,,,,,,,,,,,,,,,,,,,,,,,,,,,,,,,,,,,,,,,,,,,,,,,,,,,,,,,,,,,,,,,,,,,,,,,,,2,Černovská -721 553 867,"Milovice, Dětské centrum, Dětská 361",,,
"mladá boleslav, disco forum, česká republika","Mladá Boleslav, Disco forum, Česká republika",,,,Bez termínu,šedá,,,,čeká na přesné geokódování,"Kalendář FZ - 12 měsíců, 2023.xlsx",241,2011,,,,Středočeský,  PS 12000/3f-35 minut,,,KO od 2015,,,,,,,,,,,,,NEKOMUNIKUJE,,,,,,,,,,,,,,,,,,,,,,,,,,,,,,,,,,,,,,,,,,,,,,,,,,,,,,,,,,,,,,,,,,,,,,,,,0,,"Mladá Boleslav, Disco forum",,,
"mladá boleslav, na klenici 1545, aparthotel, česká republika","Mladá Boleslav, Na Klenici 1545, APARTHOTEL, Česká republika",2026-02-24,2026-02-24,-69,Po termínu,červená,2026-02-24 (plánovaná),,,čeká na přesné geokódování,Kalendář FZ - 6 měsíců.xlsx,169,2022,,,Ing. Tomáš Lauer 723 057 671,Středočeský,STRONG 20kVA/15kVA/3F-45 minut,"Mladá Boleslav, Na Klenici 1545, APARTHOTEL",,,24/26,,,,,,,,,,,,,,,,,,,,,,,,,,,,,,,,,,,,,,,,,,,,,,,,,,,,,,,,,,,,,,,,,,,,,,,,,,,,,,,,,,,,,1,,,,,
"mladá boleslav, václavkova 950, chráněné bydlení, česká republika","Mladá Boleslav, Václavkova 950, chráněné bydlení, Česká republika",2026-04-01,2026-10-01,150,Více než 60 dnů,zelená,2026-04-01 (proběhlá); 2026-10-01 (plánovaná),,,čeká na přesné geokódování,Kalendář FZ - 6 měsíců.xlsx,170,2024,,,Zahajský 605 159 326,Středočeský,ASTIP PS 15kVA/3F-45 minut,"Mladá Boleslav, Václavkova 950, chráněné bydlení",,,,,1/26,,,,,,1/26,,,,,,,,,,,,,,,,,,,,,,,,,,,,,,,,,,,,,,,,,,,,,,,,,,,,,,,,,,,,,,,,,,,,,,,,,,,,,2,,,,,
"mnichovice, bezručova 346, zš, česká republika","Mnichovice, Bezručova 346, ZŠ, Česká republika",2026-04-08,2026-04-08,-26,Po termínu,červená,2026-04-08 (plánovaná),,,čeká na přesné geokódování,Kalendář FZ - 6 měsíců.xlsx,171,2022,ano,ano,"Pan Jakubíček, 702 206 984",Středočeský,ASTIP STRONG 4kVA/1F/1C-24 H,"Mnichovice, Bezručova 346, ZŠ",,,,,8/26,,,,,,,,,,1. revize v roce 2023,,,,,,,,,,,,,,,,,,,,,,,,,,,,,,,,,,,,,,,,,,,,,,,,,,,,,,,,,,,,,,,,,,,,,,,,,1,,,,,
"mochov, u mrazíren 397, hala katring, česká republika","Mochov, U Mrazíren 397, hala Katring, Česká republika",,2027-03-26,326,Více než 60 dnů,zelená,2027-03-26 (plánovaná),,,čeká na přesné geokódování,"Kalendář FZ - 12 měsíců, 2023.xlsx",243,2024,,,,,"ASTIP STRONG 30kVA/7,5kVA/3F-60 minut/IP65",,,,,26/27,,,,,,,,,,,,,,,,,,,,,,,,,,,,,,,,,,,,,,,,,,,,,,,,,,,,,,,,,,,,,,,,,,,,,,,,,,,,,,,,,,,,1,Přenosil 797 971 907,"Mochov, U Mrazíren 397, hala Katring",,,
"mohelnice, siemens, innomotics, česká republika","Mohelnice, Siemens, Innomotics, Česká republika",,2027-01-12,253,Více než 60 dnů,zelená,2027-01-12 (plánovaná),,,čeká na přesné geokódování,"Kalendář FZ - 12 měsíců, 2023.xlsx",242,2018,,,,Olomoucký,SCHRACK STRONG 1 000VA/1F -15 minut,,,12/27,,,,,,,,,,,,,2024 -doporučujeme výměnu AKU,,,,,,,,,,,,,,,,,,,,,,,,,,,,,,,,,,,,,,,,,,,,,,,,,,,,,,,,,,,,,,,,,,,,,,,,,1,Tesárková 720 052 689,"Mohelnice, Siemens, Innomotics",,,
"mohelnice, u brány 916/2, knihovna, česká republika","Mohelnice, U Brány 916/2, knihovna, Česká republika",2026-01-12,2026-07-12,69,Více než 60 dnů,zelená,2026-01-12 (proběhlá); 2026-07-12 (plánovaná),,,čeká na přesné geokódování,Kalendář FZ - 6 měsíců.xlsx,172,2024,,,Ing. Kamil Lochman 778 522 765,Olomoucký,ASTIP STRONG 3kVA/3F-15 minut,"Mohelnice, U Brány 916/2, knihovna",,12/26,,,,,,12/26,,,,,,,,,,,,,,,,,,,,,,,,,,,,,,,,,,,,,,,,,,,,,,,,,,,,,,,,,,,,,,,,,,,,,,,,,,,,,,,,2,,,,,
"moravany u brna, modřická 71, syma, česká republika","Moravany u Brna, Modřická 71, SYMA, Česká republika",,2027-01-29,270,Více než 60 dnů,zelená,2027-01-29 (plánovaná),,,čeká na přesné geokódování,"Kalendář FZ - 12 měsíců, 2023.xlsx",244,"2017, nový 2022",,,,Jihomoravský,ASTIP STRONG 1000/1F-20 minut,,,29/27,,,,,,,,,,,,,,,,,,,,,,,,,,,,,,,,,,,,,,,,,,,,,,,,,,,,,,,,,,,,,,,,,,,,,,,,,,,,,,,,,,,,,,1,AZW procházka 724 438 611,"Moravany u Brna, Modřická 71, SYMA",,,
"most, ul. táboritů 2180, česká republika","Most, ul. Táboritů 2180, Česká republika",2026-02-03,2026-08-03,91,Více než 60 dnů,zelená,2026-02-03 (proběhlá); 2026-08-03 (plánovaná),,,čeká na přesné geokódování,Kalendář FZ - 6 měsíců.xlsx,173,2019,,,Domov Alzheimer je Jana Petrášková tel. 601271174,Ústecký,ASTIP STRONG LiftBack 50kVA/3f-60 minut,"Most, ul. Táboritů 2180",,,3/26,,,,,,3/26,,,,,,ukončena serviska k 31.3.2026,,,,,,,,,,,,,,,,,,,,,,,,,,,,,,,,,,,,,,,,,,,,,,,,,,,,,,,,,,,,,,,,,,,,,,,,,2,,,,,
"mošnov, průmyslová 369, cromodora, česká republika","Mošnov, Průmyslová 369, Cromodora, Česká republika",2010-10-09,2026-04-09,-25,Po termínu,červená,2010-10-09 (proběhlá); 2026-04-09 (plánovaná),,,čeká na přesné geokódování,Kalendář FZ - 6 měsíců.xlsx,174,"2018, 2022",,,Kratochvílová - 606 087 403,Moravskoslezský,PS 2000/3f - 30min. + STRONG 4kVA/3F-30 min do prašného prostředí,"Mošnov, Průmyslová 369, Cromodora",,,,,9/26,,,,,,9/10,,,,,,,,,,,,,,,,,,,,,,,,,,,,,,,,,,,,,,,,,,,,,,,,,,,,,,,,,,,,,,,,,,,,,,,,,,,,,2,,,,,
"mutěnice, na ovčírnách 1274, česká republika","Mutěnice, Na Ovčírnách 1274, Česká republika",,2026-11-02,182,Více než 60 dnů,zelená,2026-11-02 (plánovaná),,,čeká na přesné geokódování,"Kalendář FZ - 12 měsíců, 2023.xlsx",245,2020,,,,Jihomoravský,2 x STRONG 1 000/1F -20 minut,,,,,,,,,,,,,2/26,,,,,,,,,,,,,,,,,,,,,,,,,,,,,,,,,,,,,,,,,,,,,,,,,,,,,,,,,,,,,,,,,,,,,,,,,,,,1,"Švec Martin, předseda SVJ, tel.721 360 275 ","Mutěnice, Na Ovčírnách 1274",,,
"myslibořice, myslibořice 1, česká republika","Myslibořice, Myslibořice 1, Česká republika",2026-01-15,2026-07-15,72,Více než 60 dnů,zelená,2026-01-15 (proběhlá); 2026-07-15 (plánovaná),,,čeká na přesné geokódování,Kalendář FZ - 6 měsíců.xlsx,175,"2014, nově 2025",ano,,"p.Procházka 604 268 139, 568 834 936",Vysočina,  PS 5000/3f-30 minut,"Myslibořice, Myslibořice 1",,15/26,,,,,,15/26,,,,,,,"objednáno  12.3.2025 - posílám na pana Procházku 17.6.2024 - aktuálně řeší, nemají s námi dobré zkušenosti, jede to tam Honzík napravit….27.4.2021 -STOP STAV",5500,Diakonie Myslibořice,Diakonie Myslibořice,,,,,,,,,,,,,,,,,,,,,,,,,,,,,,,,,,,,,,,,,,,,,,,,,,,,,,,,,,,,,,,,,,,,,,2,,,,,
"myslovice, myslovice 21, statek česká lípa, česká republika","Myslovice, Myslovice 21, Statek Česká Lípa, Česká republika",2023-01-11,,,Bez termínu,šedá,2023-01-11 (nezjištěno),,,čeká na přesné geokódování,Kalendář FZ - 6 měsíců.xlsx,176,2016,,,Bujnoch 605 881 118,Plzeňský,ASTIP PS 15kVA/3f-30 minut,"Myslovice, Myslovice 21, Statek Česká Lípa",,11/23,,,,,,,,,,,,,"2023 - pán si sám měnil baterky, neoprávněné zásahy do zdroje…",,,,,,,,,,,,,,,,,,,,,,,,,,,,,,,,,,,,,,,,,,,,,,,,,,,,,,,,,,,,,,,,,,,,,,,,,1,,,,,
"mýto u rokycan, plzeňská 600, česká republika","Mýto u Rokycan, Plzeňská 600, Česká republika",2020-04-01,,,Bez termínu,šedá,2020-04-01 (nezjištěno),,,čeká na přesné geokódování,"Kalendář FZ - 12 měsíců, 2023.xlsx",246,2018,,,,Plzeňský,PBZ 7500/3f 30min.,,,,,,1/20,,,,,,,,,,Bude jim jezdit jiná firma domluvil provozovatel Rumpold,,,,,,,,,,,,,,,,,,,,,,,,,,,,,,,,,,,,,,,,,,,,,,,,,,,,,,,,,,,,,,,,,,,,,,,,,1,Nejedlý,"Mýto u Rokycan, Plzeňská 600",,,
"měšice, q park, česká republika","Měšice, Q Park, Česká republika",2023-02-01,,,Bez termínu,šedá,2023-02-01 (nezjištěno),,,čeká na přesné geokódování,"Kalendář FZ - 12 měsíců, 2023.xlsx",232,2016,,,,Středočeský,PS 7500/3f-45 minut,,,,1/23,,,,,,,,,,,,"1.2.2023 Záložní zdroj nebylo možné odzkoušet, byl dlouho bez přívodu elektrické energie",,,,,,,,,,,,,,,,,,,,,,,,,,,,,,,,,,,,,,,,,,,,,,,,,,,,,,,,,,,,,,,,,,,,,,,,,1,"pí. Vavrochová, 728775181","Měšice, Q Park",,6200,
"neslovice, lesní 368, bd, česká republika","Neslovice, Lesní 368, BD, Česká republika",2025-12-12,2025-12-12,-143,Po termínu,červená,2025-12-12 (plánovaná),,,čeká na přesné geokódování,"Kalendář FZ - 12 měsíců, 2023.xlsx",247,2021,ano,ano,,Jihomoravský,ASTIP STRONG 1 000VA/3F/10 minut + RPO,,,,,,,,,,,,,,12/25,,1. revize ,,,,,,,,,,,,,,,,,,,,,,,,,,,,,,,,,,,,,,,,,,,,,,,,,,,,,,,,,,,,,,,,,,,,,,,,,1,Pan Holas 603 585 551,"Neslovice, Lesní 368, BD",,,
"nihošovice, dps, česká republika","Nihošovice, DPS, Česká republika",,,,Bez termínu,šedá,,,,čeká na přesné geokódování,Kalendář FZ - 6 měsíců.xlsx,180,2018,,,Lukář - 724 182 269,Jihočeský,PS LiftBack 10 000/3f – 45min.,"Nihošovice, DPS",,,,,,,,,,,,,,,3.7.2019 Zaslán návrh servisní smlouvy,,,,,,,,,,,,,,,,,,,,,,,,,,,,,,,,,,,,,,,,,,,,,,,,,,,,,,,,,,,,,,,,,,,,,,,,,0,,,,,
"nové město na moravě, palackého náměstí 16, česká republika","Nové Město na Moravě, Palackého náměstí 16, Česká republika",2020-04-17,2020-04-17,-2208,Po termínu,červená,2020-04-17 (plánovaná),,,čeká na přesné geokódování,Kalendář FZ - 6 měsíců.xlsx,181,2018,,,Sobotka - 604 878 751,Vysočina,Strong 3000/3f - 45min.,"Nové Město na Moravě, Palackého náměstí 16",,,,,17/20,,,,,,,,,,,,,,,,,,,,,,,,,,,,,,,,,,,,,,,,,,,,,,,,,,,,,,,,,,,,,,,,,,,,,,,,,,,,,,,,,,,1,,,,,
"nové město na moravě, soškova 1582, hotel, česká republika","Nové Město na Moravě, Soškova 1582, hotel, Česká republika",2025-10-30,2026-04-30,-4,Po termínu,červená,2025-10-30 (proběhlá); 2026-04-30 (plánovaná),,,čeká na přesné geokódování,Kalendář FZ - 6 měsíců.xlsx,182,2021,,,"Pavlíková, 725 375 953",Vysočina,STRONG 6kVA/2kVA/1F -15 minut,"Nové Město na Moravě, Soškova 1582, hotel",,,,,30/26,,,,,,30/25,,,,,,,,,,,,,,,,,,,,,,,,,,,,,,,,,,,,,,,,,,,,,,,,,,,,,,,,,,,,,,,,,,,,,,,,,,,,,2,,,,,
"nové město na moravě, žďárská ulice, dps, česká republika","Nové Město na Moravě, Žďárská ulice, DPS, Česká republika",2026-03-17,2026-09-17,136,Více než 60 dnů,zelená,2026-03-17 (proběhlá); 2026-09-17 (plánovaná),,,čeká na přesné geokódování,Kalendář FZ - 6 měsíců.xlsx,183,2017,,,"Chalupová, 776 731 678",Vysočina,STRONG 40 kVA/3F -45 minut,"Nové Město na Moravě, Žďárská ulice, DPS",,,,17/26,,,,,,17/26,,,,,viz info ve složce,11300,"Nove M na M, Vratislavovo nám","Nove M na M, vratislavovo nám",,,,,,,,,,,,,,,,,,,,,,,,,,,,,,,,,,,,,,,,,,,,,,,,,,,,,,,,,,,,,,,,,,,,,,2,,,,,
"nový bor, nemocniční 635, domov mládeže, česká republika","Nový Bor, Nemocniční 635, Domov mládeže, Česká republika",2024-03-12,2024-09-12,-599,Po termínu,červená,2024-03-12 (proběhlá); 2024-09-12 (plánovaná),,,čeká na přesné geokódování,Kalendář FZ - 6 měsíců.xlsx,184,2016,,,,Liberecký,PS 30kVA/3f-60 minut,"Nový Bor, Nemocniční 635, Domov mládeže",,,,12/24,,,,,,12/24,,,,,,7500,,,,,,,,,,,,,,,,,,,,,,,,,,,,,,,,,,,,,,,,,,,,,,,,,,,,,,,,,,,,,,,,,,,,,,,,2,,,,,
"nový jičín, máchova 19, domov duha, česká republika","Nový Jičín, Máchova 19, Domov Duha, Česká republika",2022-07-12,2023-01-12,-1208,Po termínu,červená,2022-07-12 (proběhlá); 2023-01-12 (plánovaná),,,čeká na přesné geokódování,Kalendář FZ - 6 měsíců.xlsx,185,2016,,,MIK - 736 750 600,Moravskoslezský,PS 20kVA/3f - 45 minut,"Nový Jičín, Máchova 19, Domov Duha",,12/23,,,,,,12/22,,,,,,,,4500,,,,,,,,,,,,,,,,,,,,,,,,,,,,,,,,,,,,,,,,,,,,,,,,,,,,,,,,,,,,,,,,,,,,,,,,2,,,,,
"nový jíčín, pod lipami, u jičínky, česká republika","Nový Jíčín, Pod Lipami, U Jičínky, Česká republika",2025-10-09,2026-04-09,-25,Po termínu,červená,2025-10-09 (proběhlá); 2026-04-09 (plánovaná),,,čeká na přesné geokódování,Kalendář FZ - 6 měsíců.xlsx,186,"2021, 2022",ano,,pan David 603 263 456,Moravskoslezský,2x Rectifier 22 000/3f/2200/1f-45 minut,"Nový Jíčín, Pod Lipami, U Jičínky",,,,,9/26,,,,,,9/25,,,,"U jičínky, Pod Lipami",,,,,,,,,,,,,,,,,,,,,,,,,,,,,,,,,,,,,,,,,,,,,,,,,,,,,,,,,,,,,,,,,,,,,,,,,2,,,,,
"nupaky, komerční 528, auto opat, česká republika","Nupaky, Komerční 528, Auto OPAT, Česká republika",,2026-11-13,193,Více než 60 dnů,zelená,2026-11-13 (plánovaná),,,čeká na přesné geokódování,"Kalendář FZ - 12 měsíců, 2023.xlsx",249,2023,ano,ano,,Praha,"ASTIP STRONG 78kVA/7,5kVA/3F-10,30 minut",,,,,,,,,,,,,13/26,,,,,,,,,,,,,,,,,,,,,,,,,,,,,,,,,,,,,,,,,,,,,,,,,,,,,,,,,,,,,,,,,,,,,,,,,,,,1,"Horák Správa Budov, 720 824 339","Nupaky, Komerční 528, Auto OPAT",,,
"nupaky, komerční, inter cars, česká republika","Nupaky, Komerční, Inter Cars, Česká republika",2022-02-25,2022-02-25,-1529,Po termínu,červená,2022-02-25 (plánovaná),,,čeká na přesné geokódování,"Kalendář FZ - 12 měsíců, 2023.xlsx",248,bez,,,,Praha,R- SOZ,,,,25/22,,,,,,,,,,,,,,,,,,,,,,,,,,,,,,,,,,,,,,,,,,,,,,,,,,,,,,,,,,,,,,,,,,,,,,,,,,,,,,,,,,,,,1,Corradini 724 230 992,"Nupaky, Komerční, Inter Cars",,,
"nymburk, dlabačova 2211, penzion, česká republika","Nymburk, Dlabačova 2211, penzion, Česká republika",2024-05-23,2024-11-23,-527,Po termínu,červená,2024-05-23 (proběhlá); 2024-11-23 (plánovaná),,,čeká na přesné geokódování,Kalendář FZ - 6 měsíců.xlsx,187,2022,,,Roman Šlechta 734 281 350,Středočeský,"ASTIP STRONG 10kVA/1,5kVA/3F-20 min","Nymburk, Dlabačova 2211, penzion",,,,,,23/24,,,,,,23/24,,,ubytování pro sportovce ze sportovního centra,,,,,,,,,,,,,,,,,,,,,,,,,,,,,,,,,,,,,,,,,,,,,,,,,,,,,,,,,,,,,,,,,,,,,,,,,2,,,,,
"nymburk, soudní, penzion panorama, česká republika","Nymburk, Soudní, Penzion Panorama, Česká republika",2026-01-22,2026-07-22,79,Více než 60 dnů,zelená,2026-01-22 (proběhlá); 2026-07-22 (plánovaná),,,čeká na přesné geokódování,Kalendář FZ - 6 měsíců.xlsx,188,2017,,ano,Cirmon - 727 967 746,Středočeský,PS 15kVA/3f-45 minut,"Nymburk, Soudní, Penzion Panorama",,22/26,,,,,,22/26,,,,,,,,9600,,,,,,,,,,,,,,,,,,,,,,,,,,,,,,,,,,,,,,,,,,,,,,,,,,,,,,,,,,,,,,,,,,,,,,,,2,,,,,
"nymburk, sportovní 1801, sportovní centrum, česká republika","Nymburk, Sportovní 1801, sportovní centrum, Česká republika",2024-05-23,2024-11-23,-527,Po termínu,červená,2024-05-23 (proběhlá); 2024-11-23 (plánovaná),,,čeká na přesné geokódování,Kalendář FZ - 6 měsíců.xlsx,189,2022,,,Roman Šlechta 734 281 350,Středočeský,ASTIP STRONG 15kVA/3F -45 minut,"Nymburk, Sportovní 1801, sportovní centrum",,,,,,23/24,,,,,,23/24,,,,,,,,,,,,,,,,,,,,,,,,,,,,,,,,,,,,,,,,,,,,,,,,,,,,,,,,,,,,,,,,,,,,,,,,,,,,2,,,,,
"nymburk, za zoškou 377, donauchem, česká republika","Nymburk, Za Zoškou 377, Donauchem, Česká republika",2026-02-10,2026-08-10,98,Více než 60 dnů,zelená,2026-02-10 (proběhlá); 2026-08-10 (plánovaná),,,čeká na přesné geokódování,Kalendář FZ - 6 měsíců.xlsx,190,2023,,poznámka,Brancuzsky 703 148 894,Středočeský,ASTIP STRONG 71kVA/5kVA/3F -45 minut,"Nymburk, Za Zoškou 377, Donauchem",,,10/26,,,,,,10/26,,,,,,"pozor, 1 x ročně chtějí zkoušku na celých, 45 minut doby zálohy, poslední byla 21.2.2026",,,,,,,,,,,,,,,,,,,,,,,,,,,,,,,,,,,,,,,,,,,,,,,,,,,,,,,,,,,,,,,,,,,,,,,,,2,,,,,
"náchod, jugoslávská 15, česká republika","Náchod, Jugoslávská 15, Česká republika",2021-02-09,2021-08-09,-1729,Po termínu,červená,2021-02-09 (proběhlá); 2021-08-09 (plánovaná),,,čeká na přesné geokódování,Kalendář FZ - 6 měsíců.xlsx,177,2019,,,733180104,Královehradecký,"ASTIP STRONG 7,5kVA/3F -15 minut","Náchod, Jugoslávská 15",,,9/21,,,,,,9/21,,,,,,,,,,,,,,,,,,,,,,,,,,,,,,,,,,,,,,,,,,,,,,,,,,,,,,,,,,,,,,,,,,,,,,,,,,,,,,,2,,,,,
"námestovo, mila urbana 45 (sk), slovensko","Námestovo, Mila Urbana 45 (SK), Slovensko",2019-09-28,2019-09-28,-2410,Po termínu,červená,2019-09-28 (plánovaná),,,čeká na přesné geokódování,Kalendář FZ - 6 měsíců.xlsx,178,2018,ano,,Kanderka - 0911969626,Slovensko,PS 20 000/3f - 45 min.,"Námestovo, Mila Urbana 45 (SK)",,,,,,,,,,28/19,,,,,,410 EUR bez DPH,,,,,,,,,,,,,,,,,,,,,,,,,,,,,,,,,,,,,,,,,,,,,,,,,,,,,,,,,,,,,,,,,,,,,,,,1,,,,,
"náměšť na hané, ds františek, česká republika","Náměšť na Hané, DS František, Česká republika",2021-04-23,2021-10-23,-1654,Po termínu,červená,2021-04-23 (proběhlá); 2021-10-23 (plánovaná),,,čeká na přesné geokódování,Kalendář FZ - 6 měsíců.xlsx,179,2016,,,Ing. Boxan 603 569 262,Olomoucký,ASTIP PS 2 000VA/3F -45 minut,"Náměšť na Hané, DS František",,,,,23/21,,,,,,23/21,,,,,,,,,,,,,,,,,,,,,,,,,,,,,,,,,,,,,,,,,,,,,,,,,,,,,,,,,,,,,,,,,,,,,,,,,,,,,2,,,,,
"odry, hranická 56, česká republika","Odry, Hranická 56, Česká republika",2026-03-03,2026-09-03,122,Více než 60 dnů,zelená,2026-03-03 (proběhlá); 2026-09-03 (plánovaná),,,čeká na přesné geokódování,Kalendář FZ - 6 měsíců.xlsx,191,2018 + 2x 2025,,,Koláčková - 723 049 017,Moravskoslezský,"PS LiftBack 7500/3f-45 minut, 2 x PS Liftback 15kVA/3F-45 minut","Odry, Hranická 56",,,,3/26,,,,,,3/26,,,,,,,,,,,,,,,,,,,,,,,,,,,,,,,,,,,,,,,,,,,,,,,,,,,,,,,,,,,,,,,,,,,,,,,,,,,,,,2,,,,,
"odry, vítkovická 391/29, semperflex optimit, česká republika","Odry, Vítkovická 391/29, Semperflex Optimit, Česká republika",,2027-01-06,247,Více než 60 dnů,zelená,2027-01-06 (plánovaná),,,čeká na přesné geokódování,"Kalendář FZ - 12 měsíců, 2023.xlsx",250,2023,,,,Moravskoslezský,ASTIP PS 20kVA/3F/7 minut/IP65,,,6/27,,,,,,,,,,,,,NENÍ PBZ,,,,,,,,,,,,,,,,,,,,,,,,,,,,,,,,,,,,,,,,,,,,,,,,,,,,,,,,,,,,,,,,,,,,,,,,,1,"Ing. Pavel Slanina,  731 081 498","Odry, Vítkovická 391/29, Semperflex Optimit",,,
"okříšky, nová ves 66, mann+hummel (cz), česká republika","Okříšky, Nová Ves 66, MANN+HUMMEL (CZ), Česká republika",2025-12-18,2026-06-18,45,30–60 dnů,žlutá,2025-12-18 (proběhlá); 2026-06-18 (plánovaná),,,čeká na přesné geokódování,Kalendář FZ - 6 měsíců.xlsx,192,"2013, nově 2025",,,Jan Boček 724 336 164,Vysočina,"2 x STRONG 7,5kVA/3F -15 minut","Okříšky, Nová Ves 66, MANN+HUMMEL (CZ) ",,,,,,,18/26,,,,,,18/25,,,,,,,,,,,,,,,,,,,,,,,,,,,,,,,,,,,,,,,,,,,,,,,,,,,,,,,,,,,,,,,,,,,,,,,,,,,2,,,,,
"olomouc, 17. listopadu 49, spšs, česká republika","Olomouc, 17. listopadu 49, SPŠS, Česká republika",2021-06-15,2021-12-15,-1601,Po termínu,červená,2021-06-15 (proběhlá); 2021-12-15 (plánovaná),,,čeká na přesné geokódování,Kalendář FZ - 6 měsíců.xlsx,195,2019,,,Matoušek 585 549 117,Olomoucký,STRONG 4 000/3F -30 minut,"Olomouc, 17. listopadu 49, SPŠS",,,,,,,15/21,,,,,,15/21,,,,,,,,,,,,,,,,,,,,,,,,,,,,,,,,,,,,,,,,,,,,,,,,,,,,,,,,,,,,,,,,,,,,,,,,,,,2,,,,,
"olomouc, a. rašína 345/2, bd, česká republika","Olomouc, A. Rašína 345/2, BD, Česká republika",,2026-12-11,221,Více než 60 dnů,zelená,2026-12-11 (plánovaná),,,čeká na přesné geokódování,"Kalendář FZ - 12 měsíců, 2023.xlsx",251,2024,,,,Olomoucký,ASTIP STRONG 62/20kVA/3F -60 minut,,,,,,,,,,,,,,11/26,,,,,,,,,,,,,,,,,,,,,,,,,,,,,,,,,,,,,,,,,,,,,,,,,,,,,,,,,,,,,,,,,,,,,,,,,,,1,p. Čuba 731 494 310,"Olomouc, A. Rašína 345_2, BD",,,
"olomouc, dobrovského, delta servis, herbárium, česká republika","Olomouc, Dobrovského, Delta servis, Herbárium, Česká republika",2024-04-15,2024-04-15,-749,Po termínu,červená,2024-04-15 (plánovaná),,,čeká na přesné geokódování,"Kalendář FZ - 12 měsíců, 2023.xlsx",256,2017,,,,Olomoucký,PS 10 kVA/3f -45 minut,,,,,,15/24,,,,,,,,,,"2025 -posláno na oba šišmy, 05/2021 -přetržená plomba, je to hotel do 10-ti pokojů, tedy 1 x ročně",,,,,,,,,,,,,,,,,,,,,,,,,,,,,,,,,,,,,,,,,,,,,,,,,,,,,,,,,,,,,,,,,,,,,,,,,1,"Alena Šišmová, 606730131, Šišma 602 751 883","Olomouc, Dobrovského, Delta servis, Herbárium",,,
"olomouc, eduarda hamburgera 3, 5, česká republika","Olomouc, Eduarda Hamburgera 3, 5, Česká republika",,2027-04-15,346,Více než 60 dnů,zelená,2027-04-15 (plánovaná),,,čeká na přesné geokódování,"Kalendář FZ - 12 měsíců, 2023.xlsx",257,2019,ano,,,Olomoucký,2 x ASTIP STRONG 2000/3F -15 minut + STRONG 350 ve 5+3,,,,,,15/27-1xstop stav 2026,,,,,,,,,,"15.6.2022 -takže už máme jen zdroj na 5, ve 3 je od jiné firmy nový...3.1.2022 -předal M.T, že je vyřízeno 05/2021 -Byl tam Libor, předána reklamace Lukášovi, řešili s Liborem",,,,,,,,,,,,,,,,,,,,,,,,,,,,,,,,,,,,,,,,,,,,,,,,,,,,,,,,,,,,,,,,,,,,,,,,,1,"Ing. Marcela Hélová (správce, jednatel)

Tel. +420 732 263 072","Olomouc, Eduarda Hamburgera 3, 5",,,
"olomouc, eduarda hamburgera 9, 11, česká republika","Olomouc, Eduarda Hamburgera 9, 11, Česká republika",,2026-07-07,64,Více než 60 dnů,zelená,2026-07-07 (plánovaná); 2026-10-15 (plánovaná),,,čeká na přesné geokódování,"Kalendář FZ - 12 měsíců, 2023.xlsx",258,2020,ano,ano,,Olomoucký,ASTIP STRONG 1500/3F -15 minut + 3000/3F-15 minut,,,,,,,,,7/26-1xstop stav,,,15/26-9,,,,,,,,,,,,,,,,,,,,,,,,,,,,,,,,,,,,,,,,,,,,,,,,,,,,,,,,,,,,,,,,,,,,,,,,,,,,,2,technik@bartonapartner.cz,"Olomouc, Eduarda Hamburgera 9, 11",,,
"olomouc, ip pavlova, česká republika","Olomouc, IP Pavlova, Česká republika",2025-09-05,2025-09-05,-241,Po termínu,červená,2025-09-05 (plánovaná),,,čeká na přesné geokódování,"Kalendář FZ - 12 měsíců, 2023.xlsx",252,2016,,,,Olomoucký, PS 15kVA/3F -60 minut,,,,,,,,,,,5/25,,,,,,,,,,,,,,,,,,,,,,,,,,,,,,,,,,,,,,,,,,,,,,,,,,,,,,,,,,,,,,,,,,,,,,,,,,,,,,1,Janoušek 607 259 254,"Olomouc,  IP Pavlova",,,
"olomouc, jeremenkova 40a, krajský úřad, česká republika","Olomouc, Jeremenkova 40A, krajský úřad, Česká republika",2026-03-03,2026-09-03,122,Více než 60 dnů,zelená,2026-03-03 (proběhlá); 2026-09-03 (plánovaná),,,čeká na přesné geokódování,Kalendář FZ - 6 měsíců.xlsx,193,2025,,,Coufal 585 508 870,Olomoucký,ASTIP STRONG LIFTBACK 247/40kVA/3F-45 minut,"Olomouc, Jeremenkova 40A, krajský úřad",,,,3/26,,,,,,3/26,,,,,,,,,,,,,,,,,,,,,,,,,,,,,,,,,,,,,,,,,,,,,,,,,,,,,,,,,,,,,,,,,,,,,,,,,,,,,,2,,,,,
"olomouc, lipenská 7, hotel smart, česká republika","Olomouc, Lipenská 7, hotel SMART, Česká republika",2024-08-08,2024-08-08,-634,Po termínu,červená,2024-08-08 (plánovaná),,,čeká na přesné geokódování,Kalendář FZ - 6 měsíců.xlsx,196,2018,,,Sklenář  602 705 473,Olomoucký,ASTIP PS 15 kVA/3F - 45 minut,"Olomouc, Lipenská 7, hotel SMART",,,,,,,,,8/24,,,,,,12.3.2025 -posílám dotaz na endllotto@seznam.cz,,,,,,,,,,,,,,,,,,,,,,,,,,,,,,,,,,,,,,,,,,,,,,,,,,,,,,,,,,,,,,,,,,,,,,,,,1,,,,,
"olomouc, loudova 7 + 11, 15, česká republika","Olomouc, Loudova 7 + 11, 15, Česká republika",,2027-03-24,324,Více než 60 dnů,zelená,2027-03-24 (plánovaná),,,čeká na přesné geokódování,"Kalendář FZ - 12 měsíců, 2023.xlsx",259,"2022, 2022",ano,ano,,Olomoucký,2 x ASTIP STRONG 30kVA/5kVA/3F-15 minut,,,,,24/27,,,,,,,,,,,,,,,,,,,,,,,,,,,,,,,,,,,,,,,,,,,,,,,,,,,,,,,,,,,,,,,,,,,,,,,,,,,,,,,,,,,,1,"technik@bartonapartner.cz, 
Palička 735 171 154","Olomouc, Loudova 7 + 11, 15",,,
"olomouc, ostravská, casinogo4games, česká republika","Olomouc, Ostravská, CasinoGo4Games, Česká republika",,,,Bez termínu,šedá,,,,čeká na přesné geokódování,Kalendář FZ - 6 měsíců.xlsx,197,2015,,,Sklenář  602 705 473,Olomoucký,PS 40kVA/3f - 45min.,"Olomouc, Ostravská, CasinoGo4Games",,,,,,,,,,3,,,,,"05/2021 -zdroj odstaven, casino mimo provoz- Libor mluvil s panem Sklenářem, 6.9.2019 -zaslaná nabídka na výměnu baterií",,,,,,,,,,,,,,,,,,,,,,,,,,,,,,,,,,,,,,,,,,,,,,,,,,,,,,,,,,,,,,,,,,,,,,,,,0,,,,,
"olomouc, ostravská, česká republika","Olomouc, Ostravská, Česká republika",,,,Bez termínu,šedá,,,,čeká na přesné geokódování,"Kalendář FZ - 12 měsíců, 2023.xlsx",261,2015,,,,Olomoucký,  PS 40kVA/3f-45 minut,,,,,,,,,,,,,22,,,,,,,,,,,,,,,,,,,,,,,,,,,,,,,,,,,,,,,,,,,,,,,,,,,,,,,,,,,,,,,,,,,,,,,,,,,,0,,"Olomouc, Ostravská",,,
"olomouc, pavlovická 18, nc bělidla, česká republika","Olomouc, Pavlovická 18, NC Bělidla, Česká republika",2025-09-09,2026-03-09,-56,Po termínu,červená,2025-09-09 (proběhlá); 2026-03-09 (plánovaná),,,čeká na přesné geokódování,Kalendář FZ - 6 měsíců.xlsx,198,2018,,,Colt Bezruč ,Olomoucký,ASTIP PS 20 000/3f-15 min + RPO,"Olomouc, Pavlovická 18, NC Bělidla",,,,9/26,,,,,,9/25,,,,,,,,,,,,,,,,,,,,,,,,,,,,,,,,,,,,,,,,,,,,,,,,,,,,,,,,,,,,,,,,,,,,,,,,,,,,,,2,,,,,
"olomouc, rokycanova 795, 1h, 1g/796, 1f, 802, 808, 809, česká republika","Olomouc, Rokycanova 795, 1H, 1G/796, 1F, 802, 808, 809, Česká republika",2023-09-02,2023-09-02,-975,Po termínu,červená,2023-09-02 (plánovaná),,,čeká na přesné geokódování,"Kalendář FZ - 12 měsíců, 2023.xlsx",262,2016 -2019,,,,Olomoucký,"795 -PS 2200/1f, 35 min, 796 -PS 2200/1f, 35 min,796 -1g - PS 2200/1f, 35 min",,,,,,,,,,,2/23,,,,,9/22 - 3 x zdrj STOP STAV,,,,,,,,,,,,,,,,,,,,,,,,,,,,,,,,,,,,,,,,,,,,,,,,,,,,,,,,,,,,,,,,,,,,,,,,,1,"p. Píša, 606775654, p. Skoupil, 728358535","Olomouc, Rokycanova 795,1H,1G_796,1F, 802, 808, 809",,,
"olomouc, schweizerova 798/99, česká republika","Olomouc, Schweizerova 798/99, Česká republika",2025-02-04,2025-02-04,-454,Po termínu,červená,2025-02-04 (plánovaná),,,čeká na přesné geokódování,"Kalendář FZ - 12 měsíců, 2023.xlsx",263,2016,,,,Olomoucký,  PS 5000/3f-45 minut,,,,4/25,,,,,,,,,,,,,,,,,,,,,,,,,,,,,,,,,,,,,,,,,,,,,,,,,,,,,,,,,,,,,,,,,,,,,,,,,,,,,,,,,,,,,1,Vlastimil Schejbal -735 171 154,"Olomouc, Schweizerova 798_99",,6800,
"olomouc, tomkova 420/48, zš a mš waldorfská, česká republika","Olomouc, Tomkova 420/48, ZŠ a MŠ Waldorfská, Česká republika",2026-01-12,2026-07-12,69,Více než 60 dnů,zelená,2026-01-12 (proběhlá); 2026-07-12 (plánovaná),,,čeká na přesné geokódování,Kalendář FZ - 6 měsíců.xlsx,194,2021,,,Obrtlík 732 109 184,Olomoucký,ASTIP STRONG 4000VA/3F-15 minut,"Olomouc , Tomkova 420_48, ZŠ a MŠ Waldorfská",,12/26,,,,,,12/26,,,,,,,,,,,,,,,,,,,,,,,,,,,,,,,,,,,,,,,,,,,,,,,,,,,,,,,,,,,,,,,,,,,,,,,,,,,,,,,,2,,,,,
"olomouc, tř. j. pelikána 5, 7, 9, 11, 13, česká republika","Olomouc, Tř. J. Pelikána 5, 7, 9, 11, 13, Česká republika",,2026-07-07,64,Více než 60 dnů,zelená,2026-07-07 (plánovaná); 2026-10-09 (plánovaná),,,čeká na přesné geokódování,"Kalendář FZ - 12 měsíců, 2023.xlsx",260,2021,ano,ano,,Olomoucký,5 x ELSTON 500VA/1F -15 minut,,,,,,,,,7/26-2xstop stav,,,"9/26, 5+13",,,,,,,,,,,,,,,,,,,,,,,,,,,,,,,,,,,,,,,,,,,,,,,,,,,,,,,,,,,,,,,,,,,,,,,,,,,,,2,technik@bartonapartner.cz,"Olomouc, Tř. J. Pelikána 5,7,9,11,13",,,
"olomouc, u letiště 32, ac baluo, česká republika","Olomouc, U letiště 32, AC Baluo, Česká republika",2026-04-04,2026-04-04,-30,Po termínu,červená,2026-04-04 (plánovaná),,,čeká na přesné geokódování,"Kalendář FZ - 12 měsíců, 2023.xlsx",264,2017,,,,Olomoucký,  PS 4000/3f-20 minut,,,,,,4/26,,,,,,,,,,Vyměnit kontrolky,,,,,,,,,,,,,,,,,,,,,,,,,,,,,,,,,,,,,,,,,,,,,,,,,,,,,,,,,,,,,,,,,,,,,,,,,1,Mgr. Hrubeš - 724 027 055,"Olomouc, U letiště 32, AC Baluo",,,
"olomouc, wolkerova, flora, česká republika","Olomouc, Wolkerova, Flora, Česká republika",,2026-09-16,135,Více než 60 dnů,zelená,2026-09-16 (plánovaná),,,čeká na přesné geokódování,"Kalendář FZ - 12 měsíců, 2023.xlsx",265,"2013, 2014",ano,,,Olomoucký,"40kVA/3F,6000/3f-35 minut",,,,,,,,,,,16/26,,,,,10/2024 -nové zdroje - u obou pajšly,,,,,,,,,,,,,,,,,,,,,,,,,,,,,,,,,,,,,,,,,,,,,,,,,,,,,,,,,,,,,,,,,,,,,,,,,1,"Svačinka, 603 825 663,585 726 203","Olomouc, Wolkerova, Flora",,,
"olomouc, čadova 3a, b, c, česká republika","Olomouc, Čadova 3a, b, c, Česká republika",2023-06-15,2023-06-15,-1054,Po termínu,červená,2023-06-15 (plánovaná),,,čeká na přesné geokódování,"Kalendář FZ - 12 měsíců, 2023.xlsx",253,"2020, 2021",,,,Olomoucký,ASTIP STRONG 1000 + 1500 +1000,,,,,,,,15/23,,,,,,,,,,,,,,,,,,,,,,,,,,,,,,,,,,,,,,,,,,,,,,,,,,,,,,,,,,,,,,,,,,,,,,,,,,,,,,,,,1,Rusinko 607 270 932,"Olomouc, Čadova 3a, b, c",,,
"olomouc, čajkovského 18a, česká republika","Olomouc, Čajkovského 18a, Česká republika",2020-07-29,2020-07-29,-2105,Po termínu,červená,2020-07-29 (plánovaná),,,čeká na přesné geokódování,"Kalendář FZ - 12 měsíců, 2023.xlsx",254,2016,,,,Olomoucký,ASTIP STRONG 1000/1f-45 minut,,,,,,,,,29/20,,,,,,,,,,,,,,,,,,,,,,,,,,,,,,,,,,,,,,,,,,,,,,,,,,,,,,,,,,,,,,,,,,,,,,,,,,,,,,,,1,,"Olomouc, Čajkovského 18a",,,
"olomouc, čajkovského 20, česká republika","Olomouc, Čajkovského 20, Česká republika",2022-09-02,,,Bez termínu,šedá,2022-09-02 (nezjištěno),,,čeká na přesné geokódování,"Kalendář FZ - 12 měsíců, 2023.xlsx",255,2018,,,,Olomoucký,ASTIP STRONG 1500/1f-15 minut,,,,,,,,,,,2/22,,,,,"tady jsou problémy, řešil s nimi Libor, nevíme, jak to celé dopadlo…nemám odvahu do toho tlačit ",,,,,,,,,,,,,,,,,,,,,,,,,,,,,,,,,,,,,,,,,,,,,,,,,,,,,,,,,,,,,,,,,,,,,,,,,1,"Rezidenční správa, Daniel Píša (606 775 654)","Olomouc, Čajkovského 20",,,
"opatovice nad labem, siko koupelny, česká republika","Opatovice nad Labem, SIKO koupelny, Česká republika",2025-03-08,2025-03-08,-422,Po termínu,červená,2025-03-08 (plánovaná),,,čeká na přesné geokódování,"Kalendář FZ - 12 měsíců, 2023.xlsx",266,2020,,ano,,Pardubický,ASTIP STRONG 1 500VA/1F -30 min. ,,,,,8/25,,,,,,,,,,,,,,,,,,,,,,,,,,,,,,,,,,,,,,,,,,,,,,,,,,,,,,,,,,,,,,,,,,,,,,,,,,,,,,,,,,,,1,Jiří Vala 737 260 170,"Opatovice nad Labem, SIKO koupelny",,,
"opava, bezručovo nám., slezská univerzita, česká republika","Opava, Bezručovo nám., slezská univerzita, Česká republika",,2026-09-23,142,Více než 60 dnů,zelená,2026-09-23 (plánovaná),,,čeká na přesné geokódování,"Kalendář FZ - 12 měsíců, 2023.xlsx",267,2015,,,,Moravskoslezský,ASTIP PS 2000/3f-30 minut,,,,,,,,,,,23/26,,,,,,,,,,,,,,,,,,,,,,,,,,,,,,,,,,,,,,,,,,,,,,,,,,,,,,,,,,,,,,,,,,,,,,,,,,,,,,1,Žižlavský 775 059 008,"Opava, Bezručovo nám., slezská univerzita",,,
"opava, císařského pluku 3078/1, česká republika","Opava, Císařského pluku 3078/1, Česká republika",,2026-08-12,100,Více než 60 dnů,zelená,2026-08-12 (plánovaná),,,čeká na přesné geokódování,"Kalendář FZ - 12 měsíců, 2023.xlsx",268,2024,ano,ano,,Moravskoslezský,"ASTIP STRONG 133kVA/30kVA/3F - 30,45 minut + RPO",,,,,,,,,,12/26,,,,,,,,,,,,,,,,,,,,,,,,,,,,,,,,,,,,,,,,,,,,,,,,,,,,,,,,,,,,,,,,,,,,,,,,,,,,,,,1,"Svršková, 775 791 510","Opava, Císařského pluku 3078/1",,,
"opava, kasárenská 8, česká republika","Opava, Kasárenská 8, Česká republika",,2026-10-09,158,Více než 60 dnů,zelená,2026-10-09 (plánovaná),,,čeká na přesné geokódování,"Kalendář FZ - 12 měsíců, 2023.xlsx",269,2016,,,,Moravskoslezský,ASTIP STRONG 2000/3f-45 min,,,,,,,,,,,,9/26,,,,,,,,,,,,,,,,,,,,,,,,,,,,,,,,,,,,,,,,,,,,,,,,,,,,,,,,,,,,,,,,,,,,,,,,,,,,,1,Nejedly 603 461 845,"Opava, Kasárenská 8",,,
"opava, nákladní 2, česká republika","Opava, Nákladní 2, Česká republika",,2026-05-22,18,7–30 dnů,oranžová,2026-05-22 (plánovaná),,,čeká na přesné geokódování,"Kalendář FZ - 12 měsíců, 2023.xlsx",270,2014,,ano,,Moravskoslezský,Schrack PBZ 5000/3f-30 minut,,,,,,,22/26,,,,,,,,,,,,,,,,,,,,,,,,,,,,,,,,,,,,,,,,,,,,,,,,,,,,,,,,,,,,,,,,,,,,,,,,,,,,,,,,,,1,Marcela Štrohalmová 775 665 080,"Opava, Nákladní 2",,,
"opava, olomoucká 88, psychiatrická léčebna, česká republika","Opava, Olomoucká 88, psychiatrická léčebna, Česká republika",2026-03-27,2026-05-27,23,7–30 dnů,oranžová,2026-03-27 (proběhlá); 2026-05-27 (plánovaná); 2026-09-27 (plánovaná),,,čeká na přesné geokódování,Kalendář FZ - 6 měsíců.xlsx,199,"2018,2019,2020",,ano,"Matýsek 601 319 643, Kurka Jiří vedoucí údržby P.N.O. mob. 601319614",Moravskoslezský,"ASTIP PS 15 000/3f-45 minut,  STRONG 1kVA/30 min , 30 kVA -LIFEPO","Opava, Olomoucká 88, psychiatrická léčebna",,,,27/26,,27/26,,,,27/26,,,,,"pozor, nesmíme vyjet, bez objednávky ..nejdříve cenovka, pak musí schválit a poslat objednávku…",,,,,,,,,,,,,,,,,,,,,,,,,,,,,,,,,,,,,,,,,,,,,,,,,,,,,,,,,,,,,,,,,,,,,,,,,3,,,,,
"opava, purkyňova 12, foliovník, česká republika","Opava, Purkyňova 12, foliovník, Česká republika",2024-06-26,,,Bez termínu,šedá,2024-06-26 (nezjištěno),,,čeká na přesné geokódování,"Kalendář FZ - 12 měsíců, 2023.xlsx",271,2015,,,,Moravskoslezský,ASTIP PS 6000VA/3F-8 hodin,,,,,,,,26/24,,,,,,,,"2025 -uháním znovu, tak nakonec si vyměnili jednu baterii a prý funguje, uháním je tedy aspoň o revizi.…. 2024 - posílám jim CN na výměnu aku, nový zdroj pro ně byl moc drahý",,,,,,,,,,,,,,,,,,,,,,,,,,,,,,,,,,,,,,,,,,,,,,,,,,,,,,,,,,,,,,,,,,,,,,,,,1,Bc. Hřivňák 739 075 605,"Opava, Purkyňova 12, foliovník",,,
"opava, rolnická 24, česká republika","Opava, Rolnická 24, Česká republika",2026-02-18,2026-08-18,106,Více než 60 dnů,zelená,2026-02-18 (proběhlá); 2026-08-18 (plánovaná),,,čeká na přesné geokódování,Kalendář FZ - 6 měsíců.xlsx,200,2017,ano,ano,Filip Křenek  777 076 223,Moravskoslezský,PS 25 000/3F -45 minut,"Opava, Rolnická 24",,,18/26,,,,,,18/26,,,,,,servisní smlouva - DODRŽET TERMÍN !!! (vždy 14. +-7dní) (chybí hodiny),9000,,,,,,,,,,,,,,,,,,,,,,,,,,,,,,,,,,,,,,,,,,,,,,,,,,,,,,,,,,,,,,,,,,,,,,,,2,,,,,
"opava, rolnická 29 senior centrum, česká republika","Opava, Rolnická 29 Senior centrum, Česká republika",2025-09-04,2026-03-04,-61,Po termínu,červená,2025-09-04 (proběhlá); 2026-03-04 (plánovaná),,,čeká na přesné geokódování,Kalendář FZ - 6 měsíců.xlsx,201,2018,ano,,Jedlička  775 888 387,Moravskoslezský,PS 15 000/3F -45 minut,"Opava, Rolnická 29 Senior centrum",,,,4/26,,,,,,4/25,,,,,,10000,,,,,,,,,,,,,,,,,,,,,,,,,,,,,,,,,,,,,,,,,,,,,,,,,,,,,,,,,,,,,,,,,,,,,,,,2,,,,,
"opava, rooseveltova 43, 45, dps, česká republika","Opava, Rooseveltova 43, 45, DPS, Česká republika",2026-03-27,2026-09-27,146,Více než 60 dnů,zelená,2026-03-27 (proběhlá); 2026-09-27 (plánovaná),,,čeká na přesné geokódování,Kalendář FZ - 6 měsíců.xlsx,202,2020.2021,,,Krabicová 608 424 542,Moravskoslezský,"2 x PS 10kVA/3F -45 minut LIFEPO, STRONG 3kVA/3F -45,60 minut","Opava, Rooseveltova 43,45, DPS",,,,27/26,,,,,,27/26,,,,,Domov Svaté Zdislavy,,,,,,,,,,,,,,,,,,,,,,,,,,,,,,,,,,,,,,,,,,,,,,,,,,,,,,,,,,,,,,,,,,,,,,,,,2,,,,,
"opava, suché lazce, přerovecká304/2a, rkl, česká republika","Opava, Suché Lazce, Přerovecká304/2a, RKL, Česká republika",2022-11-10,2022-11-10,-1271,Po termínu,červená,2022-11-10 (plánovaná),,,čeká na přesné geokódování,"Kalendář FZ - 12 měsíců, 2023.xlsx",272,bez,,,,Moravskoslezský,R - ZOTK 2x,,,,,,,,,,,,,10/22,,,10/21-16033101,,,,,,,,,,,,,,,,,,,,,,,,,,,,,,,,,,,,,,,,,,,,,,,,,,,,,,,,,,,,,,,,,,,,,,,,,1,Corradini 724 230 992,"Opava, Suché Lazce, Přerovecká304/2a,RKL",,10769,
"orlová, lutyně, kpt, jaroše 999, domov vesna, česká republika","Orlová, Lutyně, Kpt, Jaroše 999, domov Vesna, Česká republika",2025-06-19,2025-06-19,-319,Po termínu,červená,2025-06-19 (plánovaná),,,čeká na přesné geokódování,Kalendář FZ - 6 měsíců.xlsx,203,2018,,,Jiří Janík 778 784 764,Moravskoslezský,ASTIP Rectifier 15kVA/3F-45 minut,"Orlová - Lutyně , Kpt, Jaroše 999 , domov Vesna",,,,,,,19/25,,,,,,,,,,,,,,,,,,,,,,,,,,,,,,,,,,,,,,,,,,,,,,,,,,,,,,,,,,,,,,,,,,,,,,,,,,,,,,,,,1,,,,,
"osoblaha, klášterní 34, dps, česká republika","Osoblaha, Klášterní 34, DPS, Česká republika",2025-12-09,2026-06-09,36,30–60 dnů,žlutá,2025-12-09 (proběhlá); 2026-06-09 (plánovaná),,,čeká na přesné geokódování,Kalendář FZ - 6 měsíců.xlsx,204,2019,ano,ano,Bartoníková 732 734 711,Moravskoslezský,PS 30 000/3f/ 45min.,"Osoblaha, Klášterní 34 - DPS",,,,,,,9/26,,,,,,9/25,,,,,,,,,,,,,,,,,,,,,,,,,,,,,,,,,,,,,,,,,,,,,,,,,,,,,,,,,,,,,,,,,,,,,,,,,,,2,,,,,
"ostrava, 17. listopadu 1123/70, česká republika","Ostrava, 17. listopadu 1123/70, Česká republika",2025-10-15,2026-04-15,-19,Po termínu,červená,2025-10-15 (proběhlá); 2026-04-15 (plánovaná),,,čeká na přesné geokódování,Kalendář FZ - 6 měsíců.xlsx,205,2021,,,pan Chlebek 737 249 870,Moravskoslezský,ASTIP STRONG 30kVA/20kVA/3F-45 min,"Ostrava, 17. listopadu 1123/70",,,,,15/26,,,,,,15/25,,,,SŠ profesora Zdeňka Matějíčka,,,,,,,,,,,,,,,,,,,,,,,,,,,,,,,,,,,,,,,,,,,,,,,,,,,,,,,,,,,,,,,,,,,,,,,,,2,,,,,
"ostrava, 28. října, red house, česká republika","Ostrava, 28. října, RED HOUSE, Česká republika",2026-04-14,2026-10-14,163,Více než 60 dnů,zelená,2026-04-14 (proběhlá); 2026-10-14 (plánovaná),,,čeká na přesné geokódování,Kalendář FZ - 6 měsíců.xlsx,206,2018,ano,ano,Loska 608 739 936,Moravskoslezský,ASTIP PS 100 000VA/3f,"Ostrava, 28. října, RED HOUSE",,,,,14/26,,,,,,14/26,,,,"12.3.2025 - posílám opět dotaz na Losku 17.6.2024 -zdroj je tam stále nefunkční, posílám jim nabídku po slevě…na pana Losku",,,,,,,,,,,,,,,,,,,,,,,,,,,,,,,,,,,,,,,,,,,,,,,,,,,,,,,,,,,,,,,,,,,,,,,,,2,,,,,
"ostrava, bartovická 12, česká republika","Ostrava, Bartovická 12, Česká republika",2023-10-17,,,Bez termínu,šedá,2023-10-17 (nezjištěno),,,čeká na přesné geokódování,Kalendář FZ - 6 měsíců.xlsx,207,2018,,,Peška 722 987 839,Moravskoslezský,ASTIP STRONG 3000/3f-30 minut,"Ostrava, Bartovická 12",,,,,,,,,,,17/23,,,,3.7.2024 - takže baterky si měnili sami,,,,,,,,,,,,,,,,,,,,,,,,,,,,,,,,,,,,,,,,,,,,,,,,,,,,,,,,,,,,,,,,,,,,,,,,,1,,,,,
"ostrava, gregorová 3, česká republika","Ostrava, Gregorová 3, Česká republika",2022-10-20,2022-10-20,-1292,Po termínu,červená,2022-10-20 (plánovaná),,,čeká na přesné geokódování,Kalendář FZ - 6 měsíců.xlsx,208,2011,,,pan Novák 724 437 111,Moravskoslezský,ASTIP PS 3600/3F -35 minut,"Ostrava, Gregorová 3",,,,,,,,,,,20/22,,,,12.3.2025 -poslán dotaz ..18.6.2024 - jsme domluveni a pošleme aktualizci cenovky …,,,,,,,,,,,,,,,,,,,,,,,,,,,,,,,,,,,,,,,,,,,,,,,,,,,,,,,,,,,,,,,,,,,,,,,,,1,,,,,
"ostrava, havlíčkovo nábř. 34, krajský soud, česká republika","Ostrava, Havlíčkovo nábř. 34, krajský soud, Česká republika",2026-04-14,2026-10-14,163,Více než 60 dnů,zelená,2026-04-14 (proběhlá); 2026-10-14 (plánovaná),,,čeká na přesné geokódování,Kalendář FZ - 6 měsíců.xlsx,209,"2018, 2019",,,"Rabiec, 601 358 113",Moravskoslezský,"PS 15 000/3f - 30min., ASTIP PS 10 000/3f – 45 min","Ostrava, Havlíčkovo nábř. 34, krajský soud ",,,,,14/26,,,,,,14/26,,,,,,,,,,,,,,,,,,,,,,,,,,,,,,,,,,,,,,,,,,,,,,,,,,,,,,,,,,,,,,,,,,,,,,,,,,,,,2,,,,,
"ostrava, hornopolní 34, global electric, orchard, česká republika","Ostrava, Hornopolní 34, Global electric, ORCHARD, Česká republika",,2027-03-05,305,Více než 60 dnů,zelená,2027-03-05 (plánovaná),,,čeká na přesné geokódování,"Kalendář FZ - 12 měsíců, 2023.xlsx",273,2016,,,,Moravskoslezský,PS 30kVA/3F-45minut,,,,,5/27,,,,,,,,,,,,,,,,,,,,,,,,,,,,,,,,,,,,,,,,,,,,,,,,,,,,,,,,,,,,,,,,,,,,,,,,,,,,,,,,,,,,1,"p. Skalka, 731 113 354","Ostrava, Hornopolní 34, Global electric, ORCHARD",,,
"ostrava, mjr. nováka 34, čmeláček, česká republika","Ostrava, Mjr. Nováka 34, Čmeláček, Česká republika",2026-02-17,2026-08-17,105,Více než 60 dnů,zelená,2026-02-17 (proběhlá); 2026-08-17 (plánovaná),,,čeká na přesné geokódování,Kalendář FZ - 6 měsíců.xlsx,210,2018,,,Holková - 607 057 824,Moravskoslezský,PS 10 000/3f - 45min.,"Ostrava, Mjr. Nováka 34, Čmeláček",,,17/26,,,,,,17/26,,,,,,Čmeláček,,,,,,,,,,,,,,,,,,,,,,,,,,,,,,,,,,,,,,,,,,,,,,,,,,,,,,,,,,,,,,,,,,,,,,,,,2,,,,,
"ostrava, reální 5, filozofická fakulta, česká republika","Ostrava, Reální 5, filozofická fakulta, Česká republika",,2026-11-04,184,Více než 60 dnů,zelená,2026-11-04 (plánovaná),,,čeká na přesné geokódování,"Kalendář FZ - 12 měsíců, 2023.xlsx",274,2019,ano,,,Moravskoslezský,ASTIP PS LIFTBACK 30kVA/15kVA/3F -45 minut,,,,,,,,,,,,,4/26,,,,,,,,,,,,,,,,,,,,,,,,,,,,,,,,,,,,,,,,,,,,,,,,,,,,,,,,,,,,,,,,,,,,,,,,,,,,1,Ing. Jakub Vaško 734 797 496,"Ostrava, Reální 5, filozofická fakulta",,,
"ostrava, rolnická 55/360, siloe, česká republika","Ostrava, Rolnická 55/360, SILOE, Česká republika",2026-04-14,2026-10-14,163,Více než 60 dnů,zelená,2026-04-14 (proběhlá); 2026-10-14 (plánovaná),,,čeká na přesné geokódování,Kalendář FZ - 6 měsíců.xlsx,211,2020,ano,,Raszková 733 142 425,Moravskoslezský,PS 30kVA/3F -45 minut,"Ostrava, Rolnická 55/360, SILOE",,,,,14/26,,,,,,14/26,,,,"2024 -vytopený zdroj, už řešíme ",,,,,,,,,,,,,,,,,,,,,,,,,,,,,,,,,,,,,,,,,,,,,,,,,,,,,,,,,,,,,,,,,,,,,,,,,2,,,,,
"ostrava, spojovací 396, géčko, česká republika","Ostrava, Spojovací 396, Géčko, Česká republika",2025-11-04,2026-05-04,0,Méně než 7 dnů,červená,2025-11-04 (proběhlá); 2026-05-04 (plánovaná),,,čeká na přesné geokódování,Kalendář FZ - 6 měsíců.xlsx,212,2018,,,Krejčiřík - 602 273 483,Moravskoslezský,PS 30 000/3f/ 45min,"Ostrava, Spojovací 396, Géčko",,,,,,4/26,,,,,,4/25,,,Géčko,,,,,,,,,,,,,,,,,,,,,,,,,,,,,,,,,,,,,,,,,,,,,,,,,,,,,,,,,,,,,,,,,,,,,,,,,2,,,,,
"ostrava, závodní 86, ridera, česká republika","Ostrava, Závodní 86, Ridera, Česká republika",,2026-11-27,207,Více než 60 dnů,zelená,2026-11-27 (plánovaná),,,čeká na přesné geokódování,"Kalendář FZ - 12 měsíců, 2023.xlsx",275,2016,,,,Moravskoslezský,PBZ 3kVA/1F -10 minut,,,,,,,,,,,,,27/26,,,,,,,,,,,,,,,,,,,,,,,,,,,,,,,,,,,,,,,,,,,,,,,,,,,,,,,,,,,,,,,,,,,,,,,,,,,,1,Juchelka 739 246 610,"Ostrava, Závodní 86, Ridera",,,
"otice, rybníčky 338, semix, česká republika","Otice, Rybníčky 338, SEMIX, Česká republika",2025-11-26,2026-05-26,22,7–30 dnů,oranžová,2025-11-26 (proběhlá); 2026-05-26 (plánovaná),,,čeká na přesné geokódování,Kalendář FZ - 6 měsíců.xlsx,213,"2019, 2022",,,Gališ 773 943 004,Moravskoslezský,2 x STRONG 1500/3F -30minut,"Otice, Rybníčky 338, SEMIX",,,,,,26/26,,,,,,26/25,,,,,,,,,,,,,,,,,,,,,,,,,,,,,,,,,,,,,,,,,,,,,,,,,,,,,,,,,,,,,,,,,,,,,,,,,,,,2,,,,,
"otrokovice, barum, objízdná 1628, česká republika","Otrokovice, Barum, Objízdná 1628, Česká republika",2022-05-26,2022-05-26,-1439,Po termínu,červená,2022-05-26 (plánovaná),,,čeká na přesné geokódování,"Kalendář FZ - 12 měsíců, 2023.xlsx",276,bez,,,,Zlínský,"ASTIP R – SOZ, Výrobní číslo: 17011901",,,,,,,26/22,,,,,,,,,,,,,,,,,,,,,,,,,,,,,,,,,,,,,,,,,,,,,,,,,,,,,,,,,,,,,,,,,,,,,,,,,,,,,,,,,,1,,"Otrokovice, Barum,Objízdná 1628",,,
"otrokovice, moravní, česká republika","Otrokovice, Moravní, Česká republika",2021-03-24,2021-03-24,-1867,Po termínu,červená,2021-03-24 (plánovaná),,,čeká na přesné geokódování,"Kalendář FZ - 12 měsíců, 2023.xlsx",277,bez,,,,Zlínský,"R-SOZ 1 - 4, R-SOZ 5 - 8",,,,,24/21,,,,,,,,,,,,,,,,,,,,,,,,,,,,,,,,,,,,,,,,,,,,,,,,,,,,,,,,,,,,,,,,,,,,,,,,,,,,,,,,,,,,1,,"Otrokovice, Moravní",,,
"otrokovice, nám. 3. května, česká republika","Otrokovice, nám. 3. května, Česká republika",2023-02-28,,,Bez termínu,šedá,2023-02-28 (nezjištěno),,,čeká na přesné geokódování,Kalendář FZ - 6 měsíců.xlsx,214,2017,,,,Zlínský,ASTIP PS 5000/3f-30 minut + RPO,"Otrokovice, nám. 3. května",,,28/23,,,,,,,,,,,,"2025 -konec zdroje -13.3.2025 - šel mail na bezruče, 13.2.2024 - šla aktualizovaná nabídka na výměnu aku ...ATRUIM, 27.5.2019 -šla jim nabídka na výměnu baterií",,,,,,,,,,,,,,,,,,,,,,,,,,,,,,,,,,,,,,,,,,,,,,,,,,,,,,,,,,,,,,,,,,,,,,,,,1,,,,,
"otrokovice, sportovní hala, česká republika","Otrokovice, sportovní hala, Česká republika",2025-11-28,2026-05-28,24,7–30 dnů,oranžová,2025-11-28 (proběhlá); 2026-05-28 (plánovaná),,,čeká na přesné geokódování,Kalendář FZ - 6 měsíců.xlsx,215,2018,,,Colt Bezruč ,Zlínský,ASTIP PS 15 kVA/3F - 15 minut,"Otrokovice, sportovní hala",,,,,,28/26,,,,,,28/25,,,,,,,,,,,,,,,,,,,,,,,,,,,,,,,,,,,,,,,,,,,,,,,,,,,,,,,,,,,,,,,,,,,,,,,,,,,,2,,,,,
"pacov, malovcova 1080, česká republika","Pacov, Malovcova 1080, Česká republika",2026-02-10,2026-08-10,98,Více než 60 dnů,zelená,2026-02-10 (proběhlá); 2026-08-10 (plánovaná),,,čeká na přesné geokódování,Kalendář FZ - 6 měsíců.xlsx,216,2018,,ano,"Míla Daněk  +420 725708563
provoz@dssp.cz
",Vysočina,ASTIP STRONG 10 000/3f-30 min,"Pacov, Malovcova 1080",,,10/26,,,,,,10/26,,,,,,HLÍDAT SAMI,,,,,,,,,,,,,,,,,,,,,,,,,,,,,,,,,,,,,,,,,,,,,,,,,,,,,,,,,,,,,,,,,,,,,,,,,2,,,,,
"pacov, žižkova 894, albert, česká republika","Pacov, Žižkova 894, Albert, Česká republika",2024-10-15,2025-04-15,-384,Po termínu,červená,2024-10-15 (proběhlá); 2025-04-15 (plánovaná),,,čeká na přesné geokódování,Kalendář FZ - 6 měsíců.xlsx,217,2019,,,Corradini - Mercor,Vysočina,ASTIP PS 40kVA/3f-15 minut + RPO,"Pacov, Žižkova 894, Albert",,,,,15/25,,,,,,15/24,,,,datumově sjednotit pak kontrolu RPO se zdrojem,,,,,,,,,,,,,,,,,,,,,,,,,,,,,,,,,,,,,,,,,,,,,,,,,,,,,,,,,,,,,,,,,,,,,,,,,2,,,,,
"pardubice, chrudimská 2830, casino go4games, česká republika","Pardubice, Chrudimská 2830, casino GO4games, Česká republika",2026-02-16,2026-08-16,104,Více než 60 dnů,zelená,2026-02-16 (proběhlá); 2026-08-16 (plánovaná),,,čeká na přesné geokódování,Kalendář FZ - 6 měsíců.xlsx,218,2023,,,Nesvadba 724 055 658,Pardubický,ASTIP STRONG 134kVA/30kVA/3F-30 minut,"Pardubice, Chrudimská 2830, casino GO4games",,,16/26,,,,,,16/26,,,,,,,,,,,,,,,,,,,,,,,,,,,,,,,,,,,,,,,,,,,,,,,,,,,,,,,,,,,,,,,,,,,,,,,,,,,,,,,2,,,,,
"pardubice, dašická, sportovní hala, česká republika","Pardubice, Dašická, Sportovní hala, Česká republika",2024-04-22,2024-04-22,-742,Po termínu,červená,2024-04-22 (plánovaná),,,čeká na přesné geokódování,"Kalendář FZ - 12 měsíců, 2023.xlsx",278,2016,,,,Pardubický,PS 20kVA/3f 30min.,,,,,,22/24,,,,,,,,,,28.2.2025 -posílám na burian.ludek@gypce.cz,,,,,,,,,,,,,,,,,,,,,,,,,,,,,,,,,,,,,,,,,,,,,,,,,,,,,,,,,,,,,,,,,,,,,,,,,1,Špička - 739 028 138,"Pardubice, Dašická, Sportovní hala",,,
"pardubice, husova 1951, v-podlahy, česká republika","Pardubice, Husova 1951, v-podlahy, Česká republika",2026-04-29,2026-04-29,-5,Po termínu,červená,2026-04-29 (plánovaná),,,čeká na přesné geokódování,"Kalendář FZ - 12 měsíců, 2023.xlsx",279,2019,,,,Pardubický,STRONG 1000/1f 30M,,,,,,29/26,,,,,,,,,,,,,,,,,,,,,,,,,,,,,,,,,,,,,,,,,,,,,,,,,,,,,,,,,,,,,,,,,,,,,,,,,,,,,,,,,,,1,Bučilová - 724 848 905,"Pardubice, Husova 1951, v-podlahy",,,
"pardubice, na drážce 1568, česká republika","Pardubice, Na Drážce 1568, Česká republika",,2026-10-02,151,Více než 60 dnů,zelená,2026-10-02 (plánovaná),,,čeká na přesné geokódování,"Kalendář FZ - 12 měsíců, 2023.xlsx",280,2018,,,,Pardubický,  PS 10kVA/3f-45 minut,,,,,,,,,,,,2/26,,,,"22.1.2021 -ok vyměněno,14.1.2021- nutná výměna střídače v záruce",,,,,,,,,,,,,,,,,,,,,,,,,,,,,,,,,,,,,,,,,,,,,,,,,,,,,,,,,,,,,,,,,,,,,,,,,1,Hanousek - 723 955 312,"Pardubice, Na Drážce 1568",,,
"pardubice, na spravedlnosti 2919, bd babylon, česká republika","Pardubice, Na Spravedlnosti 2919, BD Babylon, Česká republika",,2026-09-12,131,Více než 60 dnů,zelená,2026-09-12 (plánovaná),,,čeká na přesné geokódování,"Kalendář FZ - 12 měsíců, 2023.xlsx",281,2020,,,,Pardubický,ASTIP PS 30kVA/3F -60 minut,,,,,,,,,,,12/26,,,,,,,,,,,,,,,,,,,,,,,,,,,,,,,,,,,,,,,,,,,,,,,,,,,,,,,,,,,,,,,,,,,,,,,,,,,,,,1,"Pavel Janeček,  736 611 796","Pardubice, Na Spravedlnosti 2919, BD Babylon",,,
"pardubice, nádražní 641, bd, česká republika","Pardubice, Nádražní 641, BD, Česká republika",,2026-05-29,25,7–30 dnů,oranžová,2026-05-29 (plánovaná),,,čeká na přesné geokódování,"Kalendář FZ - 12 měsíců, 2023.xlsx",282,2019,,,,Pardubický,STRONG 3000VA/3F -10 minut,,,,,,,29/26,,,,,,,,,,,,,,,,,,,,,,,,,,,,,,,,,,,,,,,,,,,,,,,,,,,,,,,,,,,,,,,,,,,,,,,,,,,,,,,,,,1,"JHV, Kábele 778 769 779","Pardubice, Nádražní 641, BD",,,
"pardubice, ohrazenice, u sportovní školy 374, 375, 376, bd, česká republika","Pardubice, Ohrazenice, U sportovní školy 374, 375, 376, BD, Česká republika",,2026-11-11,191,Více než 60 dnů,zelená,2026-11-11 (plánovaná),,,čeká na přesné geokódování,"Kalendář FZ - 12 měsíců, 2023.xlsx",285,2023,,,,Pardubický,"2 x STRONG 7,5kVA + 4 kVA",,,,,,,,,,,,,11/26,,,,,,,,,,,,,,,,,,,,,,,,,,,,,,,,,,,,,,,,,,,,,,,,,,,,,,,,,,,,,,,,,,,,,,,,,,,,1,Bittner 604 937 764,"Pardubice, Ohrazenice, U sportovní školy 374,375,376, BD",,,
"pardubice, pod vinici 2846 +2848, zelené předměstí, česká republika","Pardubice, Pod Vinici 2846 +2848, Zelené Předměstí, Česká republika",2025-08-28,2027-02-24,296,Více než 60 dnů,zelená,2025-08-28 (plánovaná); 2027-02-24 (plánovaná),,,čeká na přesné geokódování,"Kalendář FZ - 12 měsíců, 2023.xlsx",283,"2018, 2020",ano,,,Pardubický,"PS 75 000/3f, STRONG 4kVA/3F -60 minut",,,,24/27 75kVA,,,,,,28/25-4kVA,,,,,,"4kv - nechtějí od nás opravu, tedy skončeno…",,,,,,,,,,,,,,,,,,,,,,,,,,,,,,,,,,,,,,,,,,,,,,,,,,,,,,,,,,,,,,,,,,,,,,,,,2,Rejman - 737 215 130,"Pardubice, Pod Vinici 2846 +2848 , Zelené Předměstí",,,
"pardubice, studentská 201, univerzita, česká republika","Pardubice, Studentská 201, univerzita, Česká republika",2026-03-05,2026-09-05,124,Více než 60 dnů,zelená,2026-03-05 (proběhlá); 2026-09-05 (plánovaná),,,čeká na přesné geokódování,Kalendář FZ - 6 měsíců.xlsx,219,2017,,,pan Svatoň 702 256 317,Pardubický,PS 7500/3f - 30 min.,"Pardubice, Studentská 201, univerzita",,,,5/26,,,,,,5/26,,,,,,,,,,,,,,,,,,,,,,,,,,,,,,,,,,,,,,,,,,,,,,,,,,,,,,,,,,,,,,,,,,,,,,,,,,,,,,2,,,,,
"pardubice, u sportovní školy 369, bd, česká republika","Pardubice, U sportovní školy 369, BD, Česká republika",2025-10-31,2025-10-31,-185,Po termínu,červená,2025-10-31 (plánovaná),,,čeká na přesné geokódování,"Kalendář FZ - 12 měsíců, 2023.xlsx",284,2021,,,,Pardubický,ASTIP STRONG 2000VA/3F -45 minut,,,,,,,,,,,,31/25,,,,,,,,,,,,,,,,,,,,,,,,,,,,,,,,,,,,,,,,,,,,,,,,,,,,,,,,,,,,,,,,,,,,,,,,,,,,,1,Jaroslav Úlehla  775 674 057,"Pardubice, U sportovní školy 369, BD",,,
"partizánske, nitrianska 503/60, novesta, sk, slovensko","Partizánske, Nitrianska 503/60, Novesta, SK, Slovensko",2025-12-12,2025-12-12,-143,Po termínu,červená,2025-12-12 (plánovaná),,,čeká na přesné geokódování,"Kalendář FZ - 12 měsíců, 2023.xlsx",286,2019,,,,Slovensko,ASTIP PS 20 kVA/3F -90 minut,,,,,,,,,,,,,,12/25,,,,,,,,,,,,,,,,,,,,,,,,,,,,,,,,,,,,,,,,,,,,,,,,,,,,,,,,,,,,,,,,,,,,,,,,,,,1,"Mráz 0903 241 924, Sága 0903 510 709","Partizánske, Nitrianska 503/60, Novesta, SK",,,
"pec pod sněžkou . 217, lidická bouda, česká republika","Pec pod Sněžkou . 217, Lidická bouda, Česká republika",,2026-07-08,65,Více než 60 dnů,zelená,2026-07-08 (plánovaná),,,čeká na přesné geokódování,"Kalendář FZ - 12 měsíců, 2023.xlsx",287,2024,ano,,,Královehradecký,ASTIP STRONG 13kVA/3kVA/1F-15 minut,,,,,,,,,8/26,,,,,,,,,,,,,,,,,,,,,,,,,,,,,,,,,,,,,,,,,,,,,,,,,,,,,,,,,,,,,,,,,,,,,,,,,,,,,,,,1,Stonišová 605 468 726,"Pec pod Sněžkou č.p. 217, Lidická bouda",,,
"pec pod sněžkou, pec pod sněžkou 354, česká republika","Pec pod Sněžkou, Pec pod Sněžkou 354, Česká republika",2026-02-12,2026-08-12,100,Více než 60 dnů,zelená,2026-02-12 (proběhlá); 2026-08-12 (plánovaná),,,čeká na přesné geokódování,Kalendář FZ - 6 měsíců.xlsx,221,2018,,,Keslerová 777 949 263,Královehradecký,ASTIP STRONG 5kVA/1f-10 minut,"Pec pod Sněžkou, Pec pod Sněžkou 354",,,12/26,,,,,,12/26,,,,,,,,,,,,,,,,,,,,,,,,,,,,,,,,,,,,,,,,,,,,,,,,,,,,,,,,,,,,,,,,,,,,,,,,,,,,,,,2,,,,,
"pec pod sněžkou, pod sněžkou 349, hotel zelený potok, česká republika","Pec pod Sněžkou, Pod Sněžkou 349, hotel Zelený potok, Česká republika",2025-05-29,2025-11-29,-156,Po termínu,červená,2025-05-29 (proběhlá); 2025-11-29 (plánovaná),,,čeká na přesné geokódování,Kalendář FZ - 6 měsíců.xlsx,220,2020,,,Benák 778 006 010,Královehradecký,ASTIP STRONG 20kVA/3f-45 minut,"Pec pod Sněžkou, Pod Sněžkou 349, hotel Zelený potok",,,,,,29/25,,,,,,29/25,,,,,,,,,,,,,,,,,,,,,,,,,,,,,,,,,,,,,,,,,,,,,,,,,,,,,,,,,,,,,,,,,,,,,,,,,,,,2,,,,,
"pec pod sněžkou, velká úpa 360, bd, česká republika","Pec pod Sněžkou, Velká Úpa 360, BD, Česká republika",2026-02-12,2026-02-12,-81,Po termínu,červená,2026-02-12 (plánovaná),,,čeká na přesné geokódování,"Kalendář FZ - 12 měsíců, 2023.xlsx",288,2022,ano,ano,,Královehradecký,"ASTIP STRONG 6,7kVA/1,5kVA/1F-15 minut ",,,,12/26,,,,,,,,,,,,,,,,,,,,,,,,,,,,,,,,,,,,,,,,,,,,,,,,,,,,,,,,,,,,,,,,,,,,,,,,,,,,,,,,,,,,,1,Kateřina de Rijke 603 909 985,"Pec pod Sněžkou, Velká Úpa 360, BD",,,
"pelhřimov, habrová 2523 + 2524, bd, česká republika","Pelhřimov, Habrová 2523 + 2524, BD, Česká republika",2026-03-20,2026-09-24,143,Více než 60 dnů,zelená,2026-03-20 (plánovaná); 2026-09-24 (plánovaná); 2027-04-01 (plánovaná),,,čeká na přesné geokódování,"Kalendář FZ - 12 měsíců, 2023.xlsx",289,2020,,ano,,Vysočina,2 x STRONG 1 000/1F -30 minut,,,,,20/26-1 x stop stav 2025,1/27-2523,,,,,24/26,,,,,,,,,,,,,,,,,,,,,,,,,,,,,,,,,,,,,,,,,,,,,,,,,,,,,,,,,,,,,,,,,,,,,,,,,,,,,,3,Vacek 777 568 074,"Pelhřimov, Habrová 2523 + 2524, BD",,,
"pelhřimov, habrová 2525, 2526, bd, česká republika","Pelhřimov, Habrová 2525, 2526, BD, Česká republika",,2026-12-09,219,Více než 60 dnů,zelená,2026-12-09 (plánovaná),,,čeká na přesné geokódování,"Kalendář FZ - 12 měsíců, 2023.xlsx",290,2021,,ano,,Vysočina,2 x STRONG 1 000/1F -30 minut,,,,,,,,,,,,,,9/26,,,,,,,,,,,,,,,,,,,,,,,,,,,,,,,,,,,,,,,,,,,,,,,,,,,,,,,,,,,,,,,,,,,,,,,,,,,1,Vacek 777 568 074,"Pelhřimov, Habrová 2525, 2526, BD",,,
"pelhřimov, matějkova, fia, česká republika","Pelhřimov, Matějkova, FIA, Česká republika",2026-04-01,2026-04-01,-33,Po termínu,červená,2026-04-01 (plánovaná),,,čeká na přesné geokódování,"Kalendář FZ - 12 měsíců, 2023.xlsx",291,2017,,,,Vysočina,  PS 4000/3f-30 minut,,,,,,1/26,,,,,,,,,,V roce 16 objednali nový zdroj,,,,,,,,,,,,,,,,,,,,,,,,,,,,,,,,,,,,,,,,,,,,,,,,,,,,,,,,,,,,,,,,,,,,,,,,,1,Poduška - 725 404 167,"Pelhřimov, Matějkova, FIA ",,,
"pelhřimov, u rendlíku 1902, dolnokubínská 1931, česká republika","Pelhřimov, U Rendlíku 1902, Dolnokubínská 1931, Česká republika",2025-12-09,2026-06-09,36,30–60 dnů,žlutá,2025-12-09 (proběhlá); 2026-06-09 (plánovaná),,,čeká na přesné geokódování,Kalendář FZ - 6 měsíců.xlsx,223,2018,,,Kasalý Jiří - 777 162 957,Vysočina,3x Astip PS 20 000/15 000/7500,"Pelhřimov, U Rendlíku 1902, Dolnokubínská 1931",,,,,,,9/26,,,,,,9/25-1x stop stav,,,,,,,,,,,,,,,,,,,,,,,,,,,,,,,,,,,,,,,,,,,,,,,,,,,,,,,,,,,,,,,,,,,,,,,,,,,2,,,,,
"petrov na desnou 203, diakonie sobotín, česká republika","Petrov na Desnou 203, diakonie Sobotín, Česká republika",2025-12-09,2025-12-09,-146,Po termínu,červená,2025-12-09 (plánovaná),,,čeká na přesné geokódování,Kalendář FZ - 6 měsíců.xlsx,224,2021,,,Vlček 736 114 893,Olomoucký,Astip PS 20kVA/3f-45 minut,"Petrov na Desnou 203, diakonie Sobotín",,,,,,,,,,,,,9/25,,,,,,,,,,,,,,,,,,,,,,,,,,,,,,,,,,,,,,,,,,,,,,,,,,,,,,,,,,,,,,,,,,,,,,,,,,,1,,,,,
"petřvald, modrá, benjamin, česká republika","Petřvald, Modrá, Benjamin, Česká republika",2025-11-04,2026-05-04,0,Méně než 7 dnů,červená,2025-11-04 (proběhlá); 2026-05-04 (plánovaná),,,čeká na přesné geokódování,Kalendář FZ - 6 měsíců.xlsx,225,"2014- OUT, 2022",ano,,"731644590, Richard Gulec",Moravskoslezský,"  PS 3000/3f-20 minut-out, nově 4000va/3F-20 minut","Petřvald, Modrá, Benjamin",,,,,,4/26,,,,,,4/25,,,,,,,,,,,,,,,,,,,,,,,,,,,,,,,,,,,,,,,,,,,,,,,,,,,,,,,,,,,,,,,,,,,,,,,,,,,,2,,,,,
"pečky, senior resort, ul. chvalovická 32, česká republika","Pečky, Senior Resort, ul. Chvalovická 32, Česká republika",2025-08-04,2025-08-04,-273,Po termínu,červená,2024-05-30 (plánovaná); 2025-08-04 (plánovaná),,,čeká na přesné geokódování,Kalendář FZ - 6 měsíců.xlsx,222,2018,ano,,Šimáček - 602 431 063,Středočeský,PS 10 000/3f - 45 min.,"Pečky, Senior Resort ,ul. Chvalovická 32",,,,,,30/24,,,4/25,,,,,,12.3.2025 -šel mail na šimáčka,7500,,,,,,,,,,,,,,,,,,,,,,,,,,,,,,,,,,,,,,,,,,,,,,,,,,,,,,,,,,,,,,,,,,,,,,,,2,,,,,
"planá nad lužnicí, česká republika","Planá nad Lužnicí, Česká republika",2020-06-25,2020-06-25,-2139,Po termínu,červená,2020-06-25 (plánovaná),,,čeká na přesné geokódování,"Kalendář FZ - 12 měsíců, 2023.xlsx",293,2012,,,,Jihočeský,"  PS 900/3f,240/1f-15 minut",,,,,,,,25/20,,,,,,,,,,,,,,,,,,,,,,,,,,,,,,,,,,,,,,,,,,,,,,,,,,,,,,,,,,,,,,,,,,,,,,,,,,,,,,,,,1,Pekárek - 731 677 201,Planá nad Lužnicí,,,
"plesná, spojovací 80, kodus, okres cheb, česká republika","Plesná, Spojovací 80, KODUS, okres Cheb, Česká republika",2024-11-01,2024-11-01,-549,Po termínu,červená,2024-11-01 (plánovaná),,,čeká na přesné geokódování,"Kalendář FZ - 12 měsíců, 2023.xlsx",294,2022,ano,ano,,Karlovarský,ASTIP STRONG Liftback 46kVA/15kVA/3F -45 minut,,,,,,,,,,,,,1/24,,,chtějí roční revize….,,,,,,,,,,,,,,,,,,,,,,,,,,,,,,,,,,,,,,,,,,,,,,,,,,,,,,,,,,,,,,,,,,,,,,,,,1,"Zdeněk Francůz – vedoucí technických služeb, tel. 724 196 146","Plesná, Spojovací 80, KODUS, okres Cheb",,,
"plzeň, americká, čsob, česká republika","Plzeň, Americká, ČSOB, Česká republika",,2026-12-11,221,Více než 60 dnů,zelená,2026-12-11 (plánovaná),,,čeká na přesné geokódování,"Kalendář FZ - 12 měsíců, 2023.xlsx",295,2017,,,,Plzeňský,PS 10 000/3f-60 min,,,,,,,,,,,,,,11/26,,,,,,,,,,,,,,,,,,,,,,,,,,,,,,,,,,,,,,,,,,,,,,,,,,,,,,,,,,,,,,,,,,,,,,,,,,,1,Petr Tlstý - 606 708 856,"Plzeň, Americká, ČSOB",,,
"plzeň, blatenská, mš, zš, česká republika","Plzeň, Blatenská, MŠ, ZŠ, Česká republika",,,,Bez termínu,šedá,,,,čeká na přesné geokódování,"Kalendář FZ - 12 měsíců, 2023.xlsx",296,2015,,,,Plzeňský,  PS 2000/3f-10 minut,,,,Stop stav od 2017,20,,,,,,,,,,,2024 - toto asi nechávám...V roce 16 oprava systému,,,,,,,,,,,,,,,,,,,,,,,,,,,,,,,,,,,,,,,,,,,,,,,,,,,,,,,,,,,,,,,,,,,,,,,,,0,"2018 malem zabil elektrikare, hrabal do toho","Plzeň, Blatenská, MŠ, ZŠ",,,
"plzeň, borská 2694, škoda plzeň, bammer, česká republika","Plzeň, Borská 2694, Škoda Plzeň, Bammer, Česká republika",,2026-05-27,23,7–30 dnů,oranžová,2026-05-27 (plánovaná); 2026-09-24 (plánovaná),,,čeká na přesné geokódování,"Kalendář FZ - 12 měsíců, 2023.xlsx",316,,,,,Plzeňský,21 zdrojů = Moc chození,,,,,,,27/26-3xstop stav 2025,,,,24/26,,,,,Borská 2694,,,,,,,,,,,,,,,,,,,,,,,,,,,,,,,,,,,,,,,,,,,,,,,,,,,,,,,,,,,,,,,,,,,,,,,,,2,p. Piontek - 731 128 249,"Plzeň, Borská 2694, Škoda Plzeň, Bammer",,,
"plzeň, hotel avenue pallova 28 -mlýnská strouha, česká republika","Plzeň, Hotel Avenue Pallova 28 -Mlýnská strouha, Česká republika",2026-03-19,2026-09-19,138,Více než 60 dnů,zelená,2026-03-19 (proběhlá); 2026-09-19 (plánovaná),,,čeká na přesné geokódování,Kalendář FZ - 6 měsíců.xlsx,226,2019,,,Denisa Kramlová 727 901 661,Plzeňský,ASTIP STRONG 15kVA/3F -45 minut,"Plzeň, Hotel Avenue Pallova 28 -Mlýnská strouha",,,,19/26,,,,,,19/26,,,,,,,,,,,,,,,,,,,,,,,,,,,,,,,,,,,,,,,,,,,,,,,,,,,,,,,,,,,,,,,,,,,,,,,,,,,,,,2,,,,,
"plzeň, hrachová 942/4 objekt f, česká republika","Plzeň, Hrachová 942/4 objekt F, Česká republika",,2026-12-16,226,Více než 60 dnů,zelená,2026-12-16 (plánovaná),,,čeká na přesné geokódování,"Kalendář FZ - 12 měsíců, 2023.xlsx",299,2024,,,,Plzeňský,ASTIP STRONG 17/2kVA/3F-10 minut,,,,,,,,,,,,,,16/26,,,,,,,,,,,,,,,,,,,,,,,,,,,,,,,,,,,,,,,,,,,,,,,,,,,,,,,,,,,,,,,,,,,,,,,,,,,1,Rojíková 778 419 504,"Plzeň, Hrachová 942/4 objekt F",,,
"plzeň, hrachová 943/6 -objekt e, česká republika","Plzeň, Hrachová 943/6 -objekt E, Česká republika",,2026-12-16,226,Více než 60 dnů,zelená,2026-12-16 (plánovaná),,,čeká na přesné geokódování,"Kalendář FZ - 12 měsíců, 2023.xlsx",298,2024,,,,Plzeňský,ASTIP STRONG 17/2kVA/3F-10 minut,,,,,,,,,,,,,,16/26,,,,,,,,,,,,,,,,,,,,,,,,,,,,,,,,,,,,,,,,,,,,,,,,,,,,,,,,,,,,,,,,,,,,,,,,,,,1,Rojíková 778 419 504,"Plzeň, Hrachová 943/6 -objekt E",,,
"plzeň, hradišťská 2a, bd, česká republika","Plzeň, Hradišťská 2a, BD, Česká republika",,2026-10-07,156,Více než 60 dnů,zelená,2026-10-07 (plánovaná),,,čeká na přesné geokódování,"Kalendář FZ - 12 měsíců, 2023.xlsx",297,2022,,,,Plzeňský,"STRONG 6,6kVA/1kVA/1F -45 minut",,,,,,,,,,,,7/26,,,,,,,,,,,,,,,,,,,,,,,,,,,,,,,,,,,,,,,,,,,,,,,,,,,,,,,,,,,,,,,,,,,,,,,,,,,,,1,Popelka 725 847 000,"Plzeň, Hradišťská 2a, BD",,,
"plzeň, inženýrská 2, 4, 6 -bd zelený trojůhelník, česká republika","Plzeň, Inženýrská 2, 4, 6 -BD Zelený trojůhelník, Česká republika",,2027-01-08,249,Více než 60 dnů,zelená,2027-01-08 (plánovaná),,,čeká na přesné geokódování,"Kalendář FZ - 12 měsíců, 2023.xlsx",300,2020,,,,Plzeňský,"2 x STRONG 5kVA + 1 x 7,5kVA",,,8/27,,,,,,,,,,,,,,,,,,,,,,,,,,,,,,,,,,,,,,,,,,,,,,,,,,,,,,,,,,,,,,,,,,,,,,,,,,,,,,,,,,,,,,1,"Tišer 602 365 981, SVJ Šamánek svjinzenyrska@gmail.com","Plzeň, Inženýrská 2,4,6 -BD Zelený trojůhelník",,,
"plzeň, jablonského 22, česká republika","Plzeň, Jablonského 22, Česká republika",2024-09-22,2024-09-22,-589,Po termínu,červená,2024-09-22 (plánovaná),,,čeká na přesné geokódování,"Kalendář FZ - 12 měsíců, 2023.xlsx",301,2017,,,,Plzeňský,ASTIP PS 5 000/3F -30 minut,,,,,,,,,,,22/24,,,,,"8.4.2021 -stop stav, nikdy jsme nebyli, první revize",,,,,,,,,,,,,,,,,,,,,,,,,,,,,,,,,,,,,,,,,,,,,,,,,,,,,,,,,,,,,,,,,,,,,,,,,1,"SEL, Křivanec 732 538 672","Plzeň, Jablonského 22",,,
"plzeň, jablonského 37, česká republika","Plzeň, Jablonského 37, Česká republika",2025-01-23,2025-01-23,-466,Po termínu,červená,2025-01-23 (plánovaná),,,čeká na přesné geokódování,"Kalendář FZ - 12 měsíců, 2023.xlsx",302,2016,,,,Plzeňský,PS 15kVA/3f-30 min,,,23/25,,,,,,,,,,,,,,,,,,,,,,,,,,,,,,,,,,,,,,,,,,,,,,,,,,,,,,,,,,,,,,,,,,,,,,,,,,,,,,,,,,,,,,1,Matějka - 728 352 137,"Plzeň, Jablonského 37",,,
"plzeň, koterovská 85 a, b, c, česká republika","Plzeň, Koterovská 85 A, B, C, Česká republika",2025-03-06,2025-03-06,-424,Po termínu,červená,2025-03-06 (plánovaná),,,čeká na přesné geokódování,"Kalendář FZ - 12 měsíců, 2023.xlsx",303,2018,,,,Plzeňský,STRONG 4000/3f ,,,,,6/25,,,,,,,,,,,,,,,,,,,,,,,,,,,,,,,,,,,,,,,,,,,,,,,,,,,,,,,,,,,,,,,,,,,,,,,,,,,,,,,,,,,,1,,"Plzeň, Koterovská 85 A,B,C",,,
"plzeň, magisterská 2, 8, 10, česká republika","Plzeň, Magisterská 2, 8, 10, Česká republika",,2026-12-02,212,Více než 60 dnů,zelená,2026-12-02 (plánovaná),,,čeká na přesné geokódování,"Kalendář FZ - 12 měsíců, 2023.xlsx",305,2019,,,,Plzeňský,"2 x 40kVA/3F-60minut, 1 x 4kVA",,,,,,,,,,,,,,"2/26-2,8,10",,,,,,,,,,,,,,,,,,,,,,,,,,,,,,,,,,,,,,,,,,,,,,,,,,,,,,,,,,,,,,,,,,,,,,,,,,,1,"pan Brindza, DARAMIS, 777 746 460","Plzeň, Magisterská 2, 8, 10",,,
"plzeň, magisterská 4, 6, česká republika","Plzeň, Magisterská 4, 6, Česká republika",,2027-01-08,249,Více než 60 dnů,zelená,2027-01-08 (plánovaná),,,čeká na přesné geokódování,"Kalendář FZ - 12 měsíců, 2023.xlsx",304,2019,,,,Plzeňský,2 x 40kVA/3F-60minut,,,8/27,,,,,,,,,,,,,,,,,,,,,,,,,,,,,,,,,,,,,,,,,,,,,,,,,,,,,,,,,,,,,,,,,,,,,,,,,,,,,,,,,,,,,,1,Tišer 602 365 981,"Plzeň, Magisterská  4, 6",,,
"plzeň, nemocniční 6 a stehlíkova 5, 7, 9, česká republika","Plzeň, Nemocniční 6 a Stehlíkova 5, 7, 9, Česká republika",2024-08-06,2024-08-06,-636,Po termínu,červená,2024-08-06 (plánovaná),,,čeká na přesné geokódování,"Kalendář FZ - 12 měsíců, 2023.xlsx",306,2019,ano,ano,,Plzeňský,200 kVA/3f - 60min,,,,,,,,,,6/24,,,,,,"27.2.2025 - posílám dotaz na triumfa - košutka, bude kontaktovat předsedu, tak uvidíme",,,,,,,,,,,,,,,,,,,,,,,,,,,,,,,,,,,,,,,,,,,,,,,,,,,,,,,,,,,,,,,,,,,,,,,,,1,"Kozel, předseda SVJ 603 214 259","Plzeň, Nemocniční 6 a Stehlíkova 5,7,9",,,
"plzeň, otýlie beníškové 16, 18, česká republika","Plzeň, Otýlie Beníškové 16, 18, Česká republika",,2027-01-21,262,Více než 60 dnů,zelená,2027-01-21 (plánovaná),,,čeká na přesné geokódování,"Kalendář FZ - 12 měsíců, 2023.xlsx",307,2020,,,,Plzeňský,ASTIP STRONG 10kVA/3F -45 minut,,,21/27,,,,,,,,,,,,,"06/2022 -proběhlo zaškolení, bude provádět revize sám",,,,,,,,,,,,,,,,,,,,,,,,,,,,,,,,,,,,,,,,,,,,,,,,,,,,,,,,,,,,,,,,,,,,,,,,,1,"námi zaškolený pan Ing. Roman Jeníček
mobil 602145580","Plzeň, Otýlie Beníškové 16,18",,,
"plzeň, palackého nám, sylván, parkovací dům, sady pětatřicáníků, česká republika","Plzeň, Palackého nám, Sylván, parkovací dům, sady pětatřicáníků, Česká republika",2026-04-21,2026-08-17,105,Více než 60 dnů,zelená,2026-02-17 (proběhlá); 2026-04-21 (proběhlá); 2026-08-17 (plánovaná); 2026-10-21 (plánovaná),,,čeká na přesné geokódování,Kalendář FZ - 6 měsíců.xlsx,227,2014,,," p. Schneberger
tel.+420 727 871 445",Plzeňský,"PS 4000/3f, PS 2000/3f-45 minut","Plzeň, Palackého nám, Sylván, parkovací dům - sady pětatřicáníků",,,17/26-2kVA,,21/26-4kva,,,,17/26-2kVA,,21/26-4kva,,,,"2023 -důležité info, svolat hromadnou zkoušku …",,,,,,,,,,,,,,,,,,,,,,,,,,,,,,,,,,,,,,,,,,,,,,,,,,,,,,,,,,,,,,,,,,,,,,,,,4,,,,,
"plzeň, pallova 18, 20, 22, 24, česká republika","Plzeň, Pallova 18, 20, 22, 24, Česká republika",2025-02-02,2025-02-02,-456,Po termínu,červená,2025-02-02 (plánovaná),,,čeká na přesné geokódování,"Kalendář FZ - 12 měsíců, 2023.xlsx",308,2019,,,,Plzeňský,"STRONG 2,4, a 2x 5kVA",,,,2/25-2xstop stav 2024,,,,,,,,,,,,,,,,,,,,,,,,,,,,,,,,,,,,,,,,,,,,,,,,,,,,,,,,,,,,,,,,,,,,,,,,,,,,,,,,,,,,,1,Ing. Tichý 739 064 056,"Plzeň, Pallova 18, 20, 22, 24",,,
"plzeň, pallova 26, mlýnská strouha, vedle hotelu avenue, česká republika","Plzeň, Pallova 26, Mlýnská strouha, vedle hotelu Avenue, Česká republika",2025-09-05,2025-09-05,-241,Po termínu,červená,2025-09-05 (plánovaná),,,čeká na přesné geokódování,"Kalendář FZ - 12 měsíců, 2023.xlsx",309,2019,,,,Plzeňský,ASTIP STRONG 5000/3F -10 minut,,,,,,,,,,,5/25,,,,,"Vedle hotelu Avenue, který také revidujeme ",,,,,,,,,,,,,,,,,,,,,,,,,,,,,,,,,,,,,,,,,,,,,,,,,,,,,,,,,,,,,,,,,,,,,,,,,1,Denisa Kramlová 727 901 661,"Plzeň, Pallova 26, Mlýnská strouha - vedle hotelu Avenue",,,
"plzeň, papírnická 11, senecura seniorcentrum motp a.s., česká republika","Plzeň, Papírnická 11, SeneCura SeniorCentrum MOTP a.s., Česká republika",2025-12-11,2026-06-11,38,30–60 dnů,žlutá,2025-12-11 (proběhlá); 2026-06-11 (plánovaná),,,čeká na přesné geokódování,Kalendář FZ - 6 měsíců.xlsx,229,2015,,,Bělohlavý 727 844 338,Plzeňský,3xUPS,"Plzeň, Papírnická 11, SeneCura SeniorCentrum MOTP a.s.",,,,,,,11/26,,,,,,11/25,,,,,,,,,,,,,,,,,,,,,,,,,,,,,,,,,,,,,,,,,,,,,,,,,,,,,,,,,,,,,,,,,,,,,,,,,,,2,,,,,
"plzeň, plzeňská 61, dps křimice, česká republika","Plzeň, Plzeňská 61, DPS Křimice, Česká republika",2025-10-22,2026-04-22,-12,Po termínu,červená,2025-10-22 (proběhlá); 2026-04-22 (plánovaná),,,čeká na přesné geokódování,Kalendář FZ - 6 měsíců.xlsx,228,2018,,,Šindelář jednatel 728 995 491,Plzeňský,"PS 7,5kVA + PS 25kVA","Plzeň, Plzeňská 61, DPS Křimice",,,,,22/26,,,,,,22/25,,,,,,,,,,,,,,,,,,,,,,,,,,,,,,,,,,,,,,,,,,,,,,,,,,,,,,,,,,,,,,,,,,,,,,,,,,,,,2,,,,,
"plzeň, poděbradova 17, česká republika","Plzeň, Poděbradova 17, Česká republika",,2026-10-07,156,Více než 60 dnů,zelená,2026-10-07 (plánovaná),,,čeká na přesné geokódování,"Kalendář FZ - 12 měsíců, 2023.xlsx",311,2017,ano,,,Plzeňský,ASTIP PS 40/15kVA/3f-60 minut,,,,,,,,,,,,7/26,,,,,,,,,,,,,,,,,,,,,,,,,,,,,,,,,,,,,,,,,,,,,,,,,,,,,,,,,,,,,,,,,,,,,,,,,,,,,1,Fraňková 603 177 508,"Plzeň, Poděbradova 17",,,
"plzeň, poděbradova 8, bd, česká republika","Plzeň, Poděbradova 8, BD, Česká republika",,2026-10-16,165,Více než 60 dnů,zelená,2026-10-16 (plánovaná),,,čeká na přesné geokódování,"Kalendář FZ - 12 měsíců, 2023.xlsx",310,2021,,,,Plzeňský,ASTIP STRONG 10kVA/3F-15 minut,,,,,,,,,,,,16/26,,,,,,,,,,,,,,,,,,,,,,,,,,,,,,,,,,,,,,,,,,,,,,,,,,,,,,,,,,,,,,,,,,,,,,,,,,,,,1,Páník 733 590 134,"Plzeň, Poděbradova 8, BD",,,
"plzeň, průmyslová 2a, škoda electric, česká republika","Plzeň, Průmyslová 2a, Škoda Electric, Česká republika",2025-10-22,2026-04-22,-12,Po termínu,červená,2025-10-22 (proběhlá); 2026-04-22 (plánovaná),,,čeká na přesné geokódování,Kalendář FZ - 6 měsíců.xlsx,230,2018,ano,ano,Petr Lavička 702 256 446,Plzeňský,ASTIP PS LiftBack 7 500/3f-45 min,"Plzeň, Průmyslová 2a, Škoda Electric",,,,,22/26,,,,,,22/25,,,,,,,,,,,,,,,,,,,,,,,,,,,,,,,,,,,,,,,,,,,,,,,,,,,,,,,,,,,,,,,,,,,,,,,,,,,,,2,,,,,
"plzeň, rybářská 26, bd, česká republika","Plzeň, Rybářská 26, BD, Česká republika",,2027-01-27,268,Více než 60 dnů,zelená,2027-01-27 (plánovaná),,,čeká na přesné geokódování,"Kalendář FZ - 12 měsíců, 2023.xlsx",312,2021,ano,ano,,Plzeňský,ASTIP STRONG 5 000VA/3F-10 minut,,,27/27,,,,,,,,,,,,,"14 dní předem, posalt mailem na sprava@plzenskyservis.cz",,,,,,,,,,,,,,,,,,,,,,,,,,,,,,,,,,,,,,,,,,,,,,,,,,,,,,,,,,,,,,,,,,,,,,,,,1,Kazilovská 720 849 638,"Plzeň, Rybářská 26, BD",,,
"plzeň, sladová 7, česká republika","Plzeň, Sladová 7, Česká republika",,2026-06-03,30,30–60 dnů,žlutá,2026-06-03 (plánovaná),,,čeká na přesné geokódování,"Kalendář FZ - 12 měsíců, 2023.xlsx",314,2017,,,,Plzeňský,ASTIP PS 3000/3F-10 minut,,,,,,,,3/26,,,,,,,,,,,,,,,,,,,,,,,,,,,,,,,,,,,,,,,,,,,,,,,,,,,,,,,,,,,,,,,,,,,,,,,,,,,,,,,,,1,"SEL, Křivanec 732 538 672","Plzeň, Sladová 7",,,
"plzeň, studentská 2320/59, česká republika","Plzeň, Studentská 2320/59, Česká republika",,2027-01-27,268,Více než 60 dnů,zelená,2027-01-27 (plánovaná),,,čeká na přesné geokódování,"Kalendář FZ - 12 měsíců, 2023.xlsx",315,2019,,,,Plzeňský,STRONG 1 000VA/1F -15 minut,,,27/27,,,,,,,,,,,,,,,,,,,,,,,,,,,,,,,,,,,,,,,,,,,,,,,,,,,,,,,,,,,,,,,,,,,,,,,,,,,,,,,,,,,,,,1,"Walter, předseda SVJ 723 593 453","Plzeň, Studentská 2320_59",,,
"plzeň, technická 5, 7, 9, česká republika","Plzeň, Technická 5, 7, 9, Česká republika",,2027-01-08,249,Více než 60 dnů,zelená,2027-01-08 (plánovaná),,,čeká na přesné geokódování,"Kalendář FZ - 12 měsíců, 2023.xlsx",317,2018,ano,,,Plzeňský,3x záložní zdroj,,,8/27,,,,,,,,,,,,,,,,,,,,,,,,,,,,,,,,,,,,,,,,,,,,,,,,,,,,,,,,,,,,,,,,,,,,,,,,,,,,,,,,,,,,,,1,Tišer 602 365 981,"Plzeň, Technická 5, 7, 9",,,
"plzeň, truhlářská 12, bd, česká republika","Plzeň, Truhlářská 12, BD, Česká republika",2025-09-05,2025-09-05,-241,Po termínu,červená,2025-09-05 (plánovaná),,,čeká na přesné geokódování,"Kalendář FZ - 12 měsíců, 2023.xlsx",318,2023,,,,Plzeňský,"ASTIP STRONG 60kVA/7,5kVA/3F -10 minut",,,,,,,,,,,5/25,,,,,,,,,,,,,,,,,,,,,,,,,,,,,,,,,,,,,,,,,,,,,,,,,,,,,,,,,,,,,,,,,,,,,,,,,,,,,,1,Vostracký 602 641 090,"Plzeň, Truhlářská 12, BD",,,
"plzeň, univerzitní, lidl skvrňany, česká republika","Plzeň, Univerzitní, Lidl Skvrňany, Česká republika",2024-09-20,2024-09-20,-591,Po termínu,červená,2024-09-20 (plánovaná),,,čeká na přesné geokódování,"Kalendář FZ - 12 měsíců, 2023.xlsx",319,bez,,,,Plzeňský,RPO,,,,,,,,,,,20/24,,,,,,,,,,,,,,,,,,,,,,,,,,,,,,,,,,,,,,,,,,,,,,,,,,,,,,,,,,,,,,,,,,,,,,,,,,,,,,1,Corradini 724 230 992,"Plzeň, Univerzitní, Lidl Skvrňany",,,
"plzeň, v hliníku 12, lvíček, česká republika","Plzeň, V Hliníku 12, Lvíček, Česká republika",2020-01-20,,,Bez termínu,šedá,2020-01-20 (nezjištěno),,,čeká na přesné geokódování,Kalendář FZ - 6 měsíců.xlsx,231,2016,,,,Plzeňský,Astip PS 3000/1f-30 minut,"Plzeň, V Hliníku 12, Lvíček",,20/20,,,,,,,,,,,,,"jiný majitel,servisuje někdo jiný",,,,,,,,,,,,,,,,,,,,,,,,,,,,,,,,,,,,,,,,,,,,,,,,,,,,,,,,,,,,,,,,,,,,,,,,,1,,,,,
"plzeň, v hliníku 1318/12, dětský svět lvíček, česká republika","Plzeň, V Hliníku 1318/12, dětský svět Lvíček, Česká republika",2024-11-20,2024-11-20,-530,Po termínu,červená,2024-11-20 (plánovaná),,,čeká na přesné geokódování,"Kalendář FZ - 12 měsíců, 2023.xlsx",320,2016,,,,Plzeňský,  PS 3kVA/1f-30 minut,,,,,,,,,,,,,20/24,,,3.3.2025 -poslán mail Kojanovi i s nabídkou,,,,,,,,,,,,,,,,,,,,,,,,,,,,,,,,,,,,,,,,,,,,,,,,,,,,,,,,,,,,,,,,,,,,,,,,,1,Milan Kojan 604 816 120,"Plzeň, V Hliníku 1318/12, dětský svět Lvíček",,,
"plzeň, workpress aviation, česká republika","Plzeň, Workpress Aviation, Česká republika",,,,Bez termínu,šedá,,,,čeká na přesné geokódování,"Kalendář FZ - 12 měsíců, 2023.xlsx",321,2016,ano,,,Plzeňský,STRONG 3000/3f-60 min,,,,,,,,,,,,,,12,,????,,,,,,,,,,,,,,,,,,,,,,,,,,,,,,,,,,,,,,,,,,,,,,,,,,,,,,,,,,,,,,,,,,,,,,,,,0,,"Plzeň, Workpress Aviation",,,
"plzeň, řenče, sportovní hala, česká republika","Plzeň, Řenče, sportovní hala, Česká republika",2024-11-21,2024-11-21,-529,Po termínu,červená,2024-11-21 (plánovaná),,,čeká na přesné geokódování,"Kalendář FZ - 12 měsíců, 2023.xlsx",313,2020,,,,Plzeňský,ASTIP STRONG 1 kVA/3F -30 minut,,,,,,,,,,,,,21/24,,,,,,,,,,,,,,,,,,,,,,,,,,,,,,,,,,,,,,,,,,,,,,,,,,,,,,,,,,,,,,,,,,,,,,,,,,,,1,správce 606 526 700,"Plzeň, Řenče - sportovní hala",,,
"poděbrady, lázeňská 5, hotel & spa chariclea, česká republika","Poděbrady, Lázeňská 5, Hotel & Spa Chariclea, Česká republika",2025-05-29,2025-05-29,-340,Po termínu,červená,2025-05-29 (plánovaná),,,čeká na přesné geokódování,Kalendář FZ - 6 měsíců.xlsx,232,2022,,,Bc. Vojta 603 488 666,Středočeský,ASTIP LIFTBACK 50kVA/20kVA/3F -30 minut,"Poděbrady,  Lázeňská 5, Hotel & Spa Chariclea",,,,,,29/25,,,,,,,,,,,,,,,,,,,,,,,,,,,,,,,,,,,,,,,,,,,,,,,,,,,,,,,,,,,,,,,,,,,,,,,,,,,,,,,,,,1,,,,,
"poděbrady, nám. jiřího 39/1, hotel libenský, česká republika","Poděbrady, nám. Jiřího 39/1, Hotel Libenský, Česká republika",2026-03-26,2026-03-26,-39,Po termínu,červená,2026-03-26 (plánovaná),,,čeká na přesné geokódování,Kalendář FZ - 6 měsíců.xlsx,233,2015,,,Berger 724 172 331,Středočeský,2 x ASTIP PS 10kVA/3F-45 minut,"Poděbrady, nám. Jiřího 39/1, Hotel Libenský",,,,26/26,,,,,,,,,,,,,,,,,,,,,,,,,,,,,,,,,,,,,,,,,,,,,,,,,,,,,,,,,,,,,,,,,,,,,,,,,,,,,,,,,,,,1,,,,,
"poděbrady, tyršova 1359, dps luxor, česká republika","Poděbrady, Tyršova 1359, DPS Luxor, Česká republika",2026-02-26,2026-08-26,114,Více než 60 dnů,zelená,2026-02-26 (proběhlá); 2026-08-26 (plánovaná),,,čeká na přesné geokódování,Kalendář FZ - 6 měsíců.xlsx,234,2021,,,paní Hladká 607 520 135,Středočeský,ASTIP PS 15kVA/3F-45 minut,"Poděbrady, Tyršova 1359, DPS Luxor",,,26/26,,,,,,26/26,,,,,,,,,,,,,,,,,,,,,,,,,,,,,,,,,,,,,,,,,,,,,,,,,,,,,,,,,,,,,,,,,,,,,,,,,,,,,,,2,,,,,
"poděbrady, za nádražím 58, bd, česká republika","Poděbrady, Za nádražím 58, BD, Česká republika",,2026-11-11,191,Více než 60 dnů,zelená,2026-11-11 (plánovaná),,,čeká na přesné geokódování,"Kalendář FZ - 12 měsíců, 2023.xlsx",322,2023,,,,,ASTIP STRONG 10kVA/3F -45 minut,,,,,,,,,,,,,11/26,,,,,,,,,,,,,,,,,,,,,,,,,,,,,,,,,,,,,,,,,,,,,,,,,,,,,,,,,,,,,,,,,,,,,,,,,,,,1,Herčík 775 662 749,"Poděbrady, Za nádražím 58, BD",,,
"polkovice 198, farpol s.r.o, česká republika","Polkovice 198, Farpol s.r.o, Česká republika",,2027-03-10,310,Více než 60 dnů,zelená,2027-03-10 (plánovaná),,,čeká na přesné geokódování,"Kalendář FZ - 12 měsíců, 2023.xlsx",323,2019,,,,Olomoucký,STRONG 1500/1F -30 min.,,,,,10/27,,,,,,,,,,,,,,,,,,,,,,,,,,,,,,,,,,,,,,,,,,,,,,,,,,,,,,,,,,,,,,,,,,,,,,,,,,,,,,,,,,,,1,"Petr Hlavinka
+420 736 645 793","Polkovice 198, Farpol s.r.o",,,
"polná okr. jihlava, malá cihelna, penny, česká republika","Polná okr. Jihlava, Malá cihelna, PENNY, Česká republika",2024-03-21,2024-09-21,-590,Po termínu,červená,2024-03-21 (proběhlá); 2024-09-21 (plánovaná),,,čeká na přesné geokódování,Kalendář FZ - 6 měsíců.xlsx,235,2023,,,Kundrát 602 174 589,Vysočina,ASTIP STRONG 33kVA/3kVA/3F-30 minut,"Polná okr. Jihlava, Malá cihelna, PENNY",,,,21/24,,,,,,21/24,,,,,,,,,,,,,,,,,,,,,,,,,,,,,,,,,,,,,,,,,,,,,,,,,,,,,,,,,,,,,,,,,,,,,,,,,,,,,,2,,,,,
"pomezí nad ohří 55, casino, česká republika","Pomezí nad Ohří 55, Casino, Česká republika",,2027-04-15,346,Více než 60 dnů,zelená,2027-04-15 (plánovaná),,,čeká na přesné geokódování,"Kalendář FZ - 12 měsíců, 2023.xlsx",324,2023,,,,,"ASTIP STRONG 30/10kVA/3F-30,45 minut",,,,,,15/27,,,,,,,,,,,,,,,,,,,,,,,,,,,,,,,,,,,,,,,,,,,,,,,,,,,,,,,,,,,,,,,,,,,,,,,,,,,,,,,,,,,1,"Kontaktní osoba: Tomáš Vafek, mob.774 423 646","Pomezí nad Ohří 55 , Casino",,,
"poprad, slovenského odboja, karpatská rezidence, slovensko","Poprad, Slovenského odboja, Karpatská rezidence, Slovensko",,2027-03-20,320,Více než 60 dnů,zelená,2027-03-20 (plánovaná),,,čeká na přesné geokódování,"Kalendář FZ - 12 měsíců, 2023.xlsx",326,2023,ano,ano,,Slovensko,ASTIP STRONG LIFTBACK 100kVA/3F -45 minut,,,,,20/27,,,,,,,,,,,,,,,,,,,,,,,,,,,,,,,,,,,,,,,,,,,,,,,,,,,,,,,,,,,,,,,,,,,,,,,,,,,,,,,,,,,,1,Ivana Gräczer +421 2 436 300 44,"Poprad, Slovenského odboja, Karpatská rezidence",,,
"povážská bystrica, mpark, slovensko","Povážská Bystrica, Mpark, Slovensko",,,,Bez termínu,šedá,,,,čeká na přesné geokódování,"Kalendář FZ - 12 měsíců, 2023.xlsx",328,2014,,,,Slovensko,  PS 3500/3f-60 minut,,,,,,,,,,"MOB, SS",,16-SS,,,,26.6.2024- poslán dotaz panu Folvarčíkovi i s nabídkou,,,,,,,,,,,,,,,,,,,,,,,,,,,,,,,,,,,,,,,,,,,,,,,,,,,,,,,,,,,,,,,,,,,,,,,,,0,,"Povážská Bystrica, Mpark",,,
"poříčí nad sázavou, parc. č. 190-71, hala h1 + h2, česká republika","Poříčí nad Sázavou, parc. č. 190-71, hala H1 + H2, Česká republika",,2027-04-08,339,Více než 60 dnů,zelená,2027-04-08 (plánovaná),,,čeká na přesné geokódování,"Kalendář FZ - 12 měsíců, 2023.xlsx",327,2025,,ano,,,ASTIP STRONG 1500VA + 2000VA,,,,,,8/27,,,,,,,,,,,,,,,,,,,,,,,,,,,,,,,,,,,,,,,,,,,,,,,,,,,,,,,,,,,,,,,,,,,,,,,,,,,,,,,,,,,1,"Radek Havlík, mob.: 602 297 255","Poříčí nad Sázavou, parc. č. 190-71, hala H1 + H2",,,
"praha 10, bd u hranic, česká republika","Praha 10, BD u Hranic, Česká republika",2023-03-29,,,Bez termínu,šedá,2023-03-29 (nezjištěno),,,čeká na přesné geokódování,"Kalendář FZ - 12 měsíců, 2023.xlsx",329,2017,ano,ano,,Praha,PS LiftBack 75 kVA/3F -60 minut,,,,,29/23,,,,,,,,,,,tak je zprovozněno jinou firmou…..nabízím mu aspoň servis 4.3.2025 -poslán dotaz gregarovi,,,,,,,,,,,,,,,,,,,,,,,,,,,,,,,,,,,,,,,,,,,,,,,,,,,,,,,,,,,,,,,,,,,,,,,,,1,Dvořák  731 121 070 ,"Praha 10, BD u Hranic",,,
"praha 10, ramonova 3466, bd hagibor, česká republika","Praha 10, Ramonova 3466, BD Hagibor, Česká republika",,2027-04-09,340,Více než 60 dnů,zelená,2027-04-09 (plánovaná),,,čeká na přesné geokódování,"Kalendář FZ - 12 měsíců, 2023.xlsx",330,2022,ano,ano,,Praha,ASTIP STRONG 150kVA/3F -60 minut,,,,,,9/27,,,,,,,,,,hlídáme taky revize,,,,,,,,,,,,,,,,,,,,,,,,,,,,,,,,,,,,,,,,,,,,,,,,,,,,,,,,,,,,,,,,,,,,,,,,,1,Gregar 777 327 401,"Praha 10, Ramonova 3466, BD Hagibor",,,
"praha, 17. listopadu 2/2, úmprum, česká republika","Praha, 17. Listopadu 2/2, ÚMPRUM, Česká republika",2026-04-09,2026-04-09,-25,Po termínu,červená,2026-04-09 (plánovaná),,,čeká na přesné geokódování,Kalendář FZ - 6 měsíců.xlsx,236,2017,,,Lewinger 771 517 505,Praha,ELSTON STRONG 500/1F/4C/1H,"Praha, 17. Listopadu 2_2, ÚMPRUM",,,,,9/26,,,,,,,,,,,,,,,,,,,,,,,,,,,,,,,,,,,,,,,,,,,,,,,,,,,,,,,,,,,,,,,,,,,,,,,,,,,,,,,,,,,1,,,,,
"praha, akáciová 2, bd, česká republika","Praha, Akáciová 2, BD, Česká republika",,2026-06-25,52,30–60 dnů,žlutá,2026-06-25 (plánovaná),,,čeká na přesné geokódování,"Kalendář FZ - 12 měsíců, 2023.xlsx",331,2024,,,,Praha,ASTIP STRONG 2000VA/1F-45 minut,,,,,,,,25/26,,,,,,,,,,,,,,,,,,,,,,,,,,,,,,,,,,,,,,,,,,,,,,,,,,,,,,,,,,,,,,,,,,,,,,,,,,,,,,,,,1,Janeček 736 611 796,"Praha, Akáciová 2, BD",,,
"praha, anny čížkové, bd, česká republika","Praha, Anny Čížkové, BD, Česká republika",2026-04-14,2026-04-14,-20,Po termínu,červená,2026-04-14 (plánovaná),,,čeká na přesné geokódování,"Kalendář FZ - 12 měsíců, 2023.xlsx",332,2022,,,,Praha,ASTIP STRONG 10kVA/3kVA/3F -10 minut,,,,,,14/26,,,,,,,,,,,,,,,,,,,,,,,,,,,,,,,,,,,,,,,,,,,,,,,,,,,,,,,,,,,,,,,,,,,,,,,,,,,,,,,,,,,1,Nikola Pajerová 777 355 757,"Praha, Anny Čížkové, BD",,,
"praha, baarové 1, kaskády barrandov, česká republika","Praha, Baarové 1, Kaskády Barrandov, Česká republika",,2026-12-10,220,Více než 60 dnů,zelená,2026-12-10 (plánovaná),,,čeká na přesné geokódování,"Kalendář FZ - 12 měsíců, 2023.xlsx",333,2023,,poznámka,,Praha,ASTIP STRONG 104kVA/10kVA/3F -45 minut,,,,,,,,,,,,,,10/26,,"původně měli ve správě uldrich, k 31.5.2026, ukončili smlouvu o kontrolní činnosti…",,,,,,,,,,,,,,,,,,,,,,,,,,,,,,,,,,,,,,,,,,,,,,,,,,,,,,,,,,,,,,,,,,,,,,,,,1,,"Praha, Baarové 1, Kaskády Barrandov",,,
"praha, belgická 10, city bell, česká republika","Praha, Belgická 10, CITY BELL, Česká republika",2025-07-07,,,Bez termínu,šedá,2025-07-07 (nezjištěno),,,čeká na přesné geokódování,Kalendář FZ - 6 měsíců.xlsx,238,2020.2019,ano,,Huňáček 777 73 61 25,Praha,STRONG 4kVA +PS 10 kVA,"Praha, Belgická 10, CITY BELL",,,,,,,,7/25,,,,,,,,,,,,,,,,,,,,,,,,,,,,,,,,,,,,,,,,,,,,,,,,,,,,,,,,,,,,,,,,,,,,,,,,,,,,,,,,1,,,,,
"praha, bolevecká 474, česká republika","Praha, Bolevecká 474, Česká republika",,2027-02-26,298,Více než 60 dnů,zelená,2027-02-26 (plánovaná),,,čeká na přesné geokódování,"Kalendář FZ - 12 měsíců, 2023.xlsx",336,2017,,,,Praha,ASTIP PS 15kVA/3F -45 minut,,,,26/27,,,,,,,,,,,,"2026-pozor, střídač se nevyměnil, zákazní myslí, že ano…držíme tedy 2 roky záruku…",,,,,,,,,,,,,,,,,,,,,,,,,,,,,,,,,,,,,,,,,,,,,,,,,,,,,,,,,,,,,,,,,,,,,,,,,1,Kop 734 767 594,"Praha, Bolevecká 474",,,
"praha, branická 65/46, dps, česká republika","Praha, Branická 65/46, DPS, Česká republika",2026-01-22,2026-07-22,79,Více než 60 dnů,zelená,2026-01-22 (proběhlá); 2026-07-22 (plánovaná),,,čeká na přesné geokódování,Kalendář FZ - 6 měsíců.xlsx,241,2022,,,Martin Svoboda 778 888 373,Praha,ASTIP PS 15kVA/3F-45 minut,"Praha, Branická 65/46, DPS",,22/26,,,,,,22/26,,,,,,,,,,,,,,,,,,,,,,,,,,,,,,,,,,,,,,,,,,,,,,,,,,,,,,,,,,,,,,,,,,,,,,,,,,,,,,,,2,,,,,
"praha, breitfeldova 704/1 bd, port karolina c, česká republika","Praha, Breitfeldova 704/1 BD, PORT KAROLINA C, Česká republika",,2027-04-22,353,Více než 60 dnů,zelená,2027-04-22 (plánovaná),,,čeká na přesné geokódování,"Kalendář FZ - 12 měsíců, 2023.xlsx",515,2020,,,,Praha,ASTIP STRONG 20kVA/3F-45 minut,,,,,,22/27-Breitf. 704/1,,,,,,,,,,,,,,,,,,,,,,,,,,,,,,,,,,,,,,,,,,,,,,,,,,,,,,,,,,,,,,,,,,,,,,,,,,,,,,,,,,,1,"pan Šrepl AVEMA - správa nemovitostí
727 875 750
Domovnk objektu - pan Borovička    602 143 824","Praha, Breitfeldova 704_1 BD - PORT KAROLINA C",,,
"praha, budínova 2, protialkoholní záchytka, bulovka, česká republika","Praha, Budínova 2, protialkoholní záchytka, Bulovka, Česká republika",2026-03-25,2026-09-25,144,Více než 60 dnů,zelená,2026-03-25 (proběhlá); 2026-09-25 (plánovaná),,,čeká na přesné geokódování,Kalendář FZ - 6 měsíců.xlsx,242,2020,ano,ano,Petr Křivánek 602 220 435,Praha,ASTIP STRONG 20kVA/3F -45 minut,"Praha, Budínova 2, protialkoholní záchytka, Bulovka",,,,25/26,,,,,,25/26,,,,,,,,,,,,,,,,,,,,,,,,,,,,,,,,,,,,,,,,,,,,,,,,,,,,,,,,,,,,,,,,,,,,,,,,,,,,,,2,,,,,
"praha, bělohorská 107, hotel valcha, česká republika","Praha, Bělohorská 107, hotel Valcha, Česká republika",2026-01-08,2026-07-08,65,Více než 60 dnů,zelená,2026-01-08 (proběhlá); 2026-07-08 (plánovaná),,,čeká na přesné geokódování,Kalendář FZ - 6 měsíců.xlsx,239,2018,ano,,Aleš Malina - 777 250 283,Praha,PS LiftBack 10 000/3f – 45min.,"Praha, Bělohorská 107, hotel Valcha",,8/26,,,,,,8/26,,,,,,,"hurá …máme objednávku 18.6.2024 -má ještě hotel Avion, tam jsme dodali zdroj v dubnu, posílám aktualizaci CN ",,,,,,,,,,,,,,,,,,,,,,,,,,,,,,,,,,,,,,,,,,,,,,,,,,,,,,,,,,,,,,,,,,,,,,,,,2,,,,,
"praha, bělohorská 50, česká republika","Praha, Bělohorská 50, Česká republika",2026-02-19,2026-08-19,107,Více než 60 dnů,zelená,2026-02-19 (proběhlá); 2026-08-19 (plánovaná),,,čeká na přesné geokódování,Kalendář FZ - 6 měsíců.xlsx,240,2018,,,Bauman - 731 956 325,Praha,STRONG 20 000/3f - 45min.,"Praha, Bělohorská 50",,,19/26,,,,,,19/26,,,,,,,,,,,,,,,,,,,,,,,,,,,,,,,,,,,,,,,,,,,,,,,,,,,,,,,,,,,,,,,,,,,,,,,,,,,,,,,2,,,,,
"praha, březinova, česká republika","Praha, Březinova, Česká republika",,,,Bez termínu,šedá,,,,čeká na přesné geokódování,"Kalendář FZ - 12 měsíců, 2023.xlsx",337,2016,,,,Praha,  PS 2000/3f-10 minut,,,,,23,,,,,,,,,,,,,,,,,,,,,,,,,,,,,,,,,,,,,,,,,,,,,,,,,,,,,,,,,,,,,,,,,,,,,,,,,,,,,,,,,,,,0,,"Praha, Březinova",,,
"praha, chlumecká, flexi park, česká republika","Praha, Chlumecká, FLEXI PARK, Česká republika",2026-02-05,2026-08-05,93,Více než 60 dnů,zelená,2026-02-05 (proběhlá); 2026-08-05 (plánovaná),,,čeká na přesné geokódování,Kalendář FZ - 6 měsíců.xlsx,250,2023,ano,,Jana Naušová 602 305 888,Praha,ASTIP STRONG 50kVA/5kVA/3F-60 minut,"Praha, Chlumecká, FLEXI PARK",,,5/26,,,,,,5/26,,,,,,,,,,,,,,,,,,,,,,,,,,,,,,,,,,,,,,,,,,,,,,,,,,,,,,,,,,,,,,,,,,,,,,,,,,,,,,,2,,,,,
"praha, chlumova 3, bd, česká republika","Praha, Chlumova 3, BD, Česká republika",2026-03-13,2026-03-13,-52,Po termínu,červená,2026-03-13 (plánovaná),,,čeká na přesné geokódování,"Kalendář FZ - 12 měsíců, 2023.xlsx",372,2024,ano,,,Praha,ASTIP SRONG 3000VA/3F/45 min,,,,,13/26,,,,,,,,,,,,,,,,,,,,,,,,,,,,,,,,,,,,,,,,,,,,,,,,,,,,,,,,,,,,,,,,,,,,,,,,,,,,,,,,,,,,1,Ing. Hošnová 605 707 014,"Praha, Chlumova 3, BD",,,
"praha, choceradská 2, bd, česká republika","Praha, Choceradská 2, BD, Česká republika",,2027-04-14,345,Více než 60 dnů,zelená,2027-04-14 (plánovaná),,,čeká na přesné geokódování,"Kalendář FZ - 12 měsíců, 2023.xlsx",373,2021,ano,ano,,Praha,STRONG 15 kVA + 5 kVA,,,,,,14/27,,,,,,,,,,,,,,,,,,,,,,,,,,,,,,,,,,,,,,,,,,,,,,,,,,,,,,,,,,,,,,,,,,,,,,,,,,,,,,,,,,,1,Koura 725 406 407,"Praha, Choceradská 2, BD",,,
"praha, chudenická 1062, česká republika","Praha, Chudenická 1062, Česká republika",,2026-10-14,163,Více než 60 dnů,zelená,2026-10-14 (plánovaná),,,čeká na přesné geokódování,"Kalendář FZ - 12 měsíců, 2023.xlsx",374,"2013, nově 2024",,,,Praha,  PS 2000/3f-45 minut,,,,,,,,,,,,14/26,,,,,,,,,,,,,,,,,,,,,,,,,,,,,,,,,,,,,,,,,,,,,,,,,,,,,,,,,,,,,,,,,,,,,,,,,,,,,1,Antonín Čepela - 777 800 262,"Praha, Chudenická 1062",,,
"praha, dalimilova 7, bd, česká republika","Praha, Dalimilova 7, BD, Česká republika",,2026-11-18,198,Více než 60 dnů,zelená,2026-11-18 (plánovaná),,,čeká na přesné geokódování,"Kalendář FZ - 12 měsíců, 2023.xlsx",342,2022,,,,Praha,ASTIP STRONG 1000/1F -10 minut,,,,,,,,,,,,,18/26,,,,,,,,,,,,,,,,,,,,,,,,,,,,,,,,,,,,,,,,,,,,,,,,,,,,,,,,,,,,,,,,,,,,,,,,,,,,1,Hanousková 724 258 954,"Praha, Dalimilova 7, BD",,,
"praha, dobratická 525, zš tupolevova, česká republika","Praha, Dobratická 525, ZŠ Tupolevova, Česká republika",2026-03-03,2026-09-03,122,Více než 60 dnů,zelená,2026-03-03 (proběhlá); 2026-09-03 (plánovaná),,,čeká na přesné geokódování,Kalendář FZ - 6 měsíců.xlsx,244,"2018, 2023 - nový pajšl",ano,ano,školník - 602 129 890,Praha,ASTIP STRONG 5 000/3f-30 min,"Praha, Dobratická 525, ZŠ Tupolevova",,,,3/26,,,,,,3/26,,,,,hlídat sami kontroly ,,,,,,,,,,,,,,,,,,,,,,,,,,,,,,,,,,,,,,,,,,,,,,,,,,,,,,,,,,,,,,,,,,,,,,,,,2,,,,,
"praha, domalípova 1189/01 b, tesla hloubětín, česká republika","Praha, Domalípova 1189/01 B, Tesla Hloubětín, Česká republika",,2026-09-09,128,Více než 60 dnů,zelená,2026-09-09 (plánovaná),,,čeká na přesné geokódování,"Kalendář FZ - 12 měsíců, 2023.xlsx",344,2024,,,,Praha,ASTIP STRONG 60/50kVA/3F -45 minut,,,,,,,,,,,9/26,,,,,,,,,,,,,,,,,,,,,,,,,,,,,,,,,,,,,,,,,,,,,,,,,,,,,,,,,,,,,,,,,,,,,,,,,,,,,,1,"Vedral OptimCare -771 500 078, Technik objektu Urban 778 743 149","Praha, Domalípova 1189/01 B - Tesla Hloubětín",,,
"praha, domalípova 1189/01, tesla hloubětín, česká republika","Praha, Domalípova 1189/01, Tesla Hloubětín, Česká republika",,2026-09-09,128,Více než 60 dnů,zelená,2026-09-09 (plánovaná),,,čeká na přesné geokódování,"Kalendář FZ - 12 měsíců, 2023.xlsx",345,2024,,,,Praha,ASTIP STRONG Liftback 125kVA/3F -60 minut,,,,,,,,,,,9/26,,,,,,,,,,,,,,,,,,,,,,,,,,,,,,,,,,,,,,,,,,,,,,,,,,,,,,,,,,,,,,,,,,,,,,,,,,,,,,1,"Vedral OptimCare -771 500 078, Technik objektu Urban 778 743 149","Praha, Domalípova 1189/01 - Tesla Hloubětín",,,
"praha, donská 12, bd, česká republika","Praha, Donská 12, BD, Česká republika",2025-07-25,2025-07-25,-283,Po termínu,červená,2025-07-25 (plánovaná),,,čeká na přesné geokódování,"Kalendář FZ - 12 měsíců, 2023.xlsx",346,2023 + 2024,ano,,,Praha,ASTIP STRONG 3kVA/3F-45 minut + STRONG 120/1F,,,,,,,,,25/25,,,,,,,,,,,,,,,,,,,,,,,,,,,,,,,,,,,,,,,,,,,,,,,,,,,,,,,,,,,,,,,,,,,,,,,,,,,,,,,,1,Tušová 606 160 326,"Praha, Donská 12, BD",,,
"praha, dopraváků 749/3, stiebel eltron, česká republika","Praha, Dopraváků 749/3, Stiebel Eltron, Česká republika",,2026-09-09,128,Více než 60 dnů,zelená,2026-09-09 (plánovaná),,,čeká na přesné geokódování,"Kalendář FZ - 12 měsíců, 2023.xlsx",347,2025,ano,ano,,Praha,ASTIP STRONG 3kVA/3F-30 minut,,,,,,,,,,,9/26,,,,,"revize je až na říjen, chce ale, abychom ho měsíc dopředu kontaktovali",,,,,,,,,,,,,,,,,,,,,,,,,,,,,,,,,,,,,,,,,,,,,,,,,,,,,,,,,,,,,,,,,,,,,,,,,1,"Ing. Erik Bóna, 702 290 504","Praha, Dopraváků 749/3, Stiebel Eltron",,,
"praha, drahobejlova 13, česká republika","Praha, Drahobejlova 13, Česká republika",2022-06-24,2022-06-24,-1410,Po termínu,červená,2022-06-24 (plánovaná),,,čeká na přesné geokódování,"Kalendář FZ - 12 měsíců, 2023.xlsx",348,2016,,,,Praha,PS 10kVA/3F-10minut + STRONG 5kVA/1F - 15 minut,,,,,,,,24/22,,,,,,,,"16.4.2021 -PS 10kVA - STOP STAV, 5 kVA - OK",,,,,,,,,,,,,,,,,,,,,,,,,,,,,,,,,,,,,,,,,,,,,,,,,,,,,,,,,,,,,,,,,,,,,,,,,1,"Jiří Karvánek - Tribase, 602 448 924","Praha, Drahobejlova 13",,,
"praha, drahobejlova 17, hotel harfa, česká republika","Praha, Drahobejlova 17, hotel Harfa, Česká republika",,,,Bez termínu,šedá,,,,čeká na přesné geokódování,Kalendář FZ - 6 měsíců.xlsx,245,2017,,,Kalynchuk - 733 710 333,Praha,PS 10 kVA/3F -45 minut,"Praha, Drahobejlova 17, hotel Harfa",,,,5,,,,,,,,,,,"13.3.2025 - posláno znovu 18.6.2024 - poslána CN panu Bagínskému ...5.3.2020 STOP STAV, 16.3.2020 poslaná nabídka na výměnu baterií",,,,,,,,,,,,,,,,,,,,,,,,,,,,,,,,,,,,,,,,,,,,,,,,,,,,,,,,,,,,,,,,,,,,,,,,,0,,,,,
"praha, drnovská, bd, česká republika","Praha, Drnovská, BD, Česká republika",,2027-01-22,263,Více než 60 dnů,zelená,2027-01-22 (plánovaná),,,čeká na přesné geokódování,"Kalendář FZ - 12 měsíců, 2023.xlsx",349,2025,,,,Praha,ASTIP STRONG 4000VA/1F- 45 minut,,,22/27,,,,,,,,,,,,,,,,,,,,,,,,,,,,,,,,,,,,,,,,,,,,,,,,,,,,,,,,,,,,,,,,,,,,,,,,,,,,,,,,,,,,,,1,Naušová - Uldrich 602 305 888,"Praha, Drnovská, BD",,,
"praha, ferrariho 3083, bd, česká republika","Praha, Ferrariho 3083, BD, Česká republika",,2026-12-10,220,Více než 60 dnů,zelená,2026-12-10 (plánovaná),,,čeká na přesné geokódování,"Kalendář FZ - 12 měsíců, 2023.xlsx",350,2021,,,,Praha,ASTIP STRONG 30kVA/15kVA/3F-45minut,,,,,,,,,,,,,,10/26,,,,,,,,,,,,,,,,,,,,,,,,,,,,,,,,,,,,,,,,,,,,,,,,,,,,,,,,,,,,,,,,,,,,,,,,,,,1,"Dytrych PPM, 777 364 095","Praha, Ferrariho 3083, BD",,,
"praha, ferrariho 3091, bd, česká republika","Praha, Ferrariho 3091, BD, Česká republika",,2026-12-10,220,Více než 60 dnů,zelená,2026-12-10 (plánovaná),,,čeká na přesné geokódování,"Kalendář FZ - 12 měsíců, 2023.xlsx",351,2022,,,,Praha,ASTIP STRONG 30kVA/15kVA/3F-45minut,,,,,,,,,,,,,,10/26,,,,,,,,,,,,,,,,,,,,,,,,,,,,,,,,,,,,,,,,,,,,,,,,,,,,,,,,,,,,,,,,,,,,,,,,,,,1,"Dytrych PPM, 777 364 095","Praha, Ferrariho 3091, BD",,,
"praha, fikerova 1, česká republika","Praha, Fikerova 1, Česká republika",,2026-09-18,137,Více než 60 dnů,zelená,2026-09-18 (plánovaná),,,čeká na přesné geokódování,"Kalendář FZ - 12 měsíců, 2023.xlsx",352,2015,ano,,,Praha,  PS 40kVA/3f-45 minut,,,,,,,,,,,18/26,,,,,2025 -ta je hotová,,,,,,,,,,,,,,,,,,,,,,,,,,,,,,,,,,,,,,,,,,,,,,,,,,,,,,,,,,,,,,,,,,,,,,,,,1,"Kryštůfek - 734 850 771, Beneš - 777 757 960","Praha, Fikerova 1",,,
"praha, fn motol, uk 2, lf dostavba areálu plzeňská, česká republika","Praha, FN Motol, UK 2, LF dostavba areálu Plzeňská, Česká republika",2022-07-28,2023-01-28,-1192,Po termínu,červená,2022-07-28 (proběhlá); 2023-01-28 (plánovaná),,,čeká na přesné geokódování,Kalendář FZ - 6 měsíců.xlsx,246,2019,,,pan Stárek – 608 445 563,Praha,ASTIP STRONG 3 000/3F -15 minut,"Praha, FN Motol, UK 2, LF dostavba areálu Plzeňská",,28/23,,,,,,28/22,,,,,,,,,,,,,,,,,,,,,,,,,,,,,,,,,,,,,,,,,,,,,,,,,,,,,,,,,,,,,,,,,,,,,,,,,,,,,,,,2,,,,,
"praha, formanská 674, 675, česká republika","Praha, Formanská 674, 675, Česká republika",,2027-02-19,291,Více než 60 dnů,zelená,2027-02-19 (plánovaná),,,čeká na přesné geokódování,"Kalendář FZ - 12 měsíců, 2023.xlsx",353,2022,,poznámka,,Praha,2 x ASTIP STRONG 1500/1f -15 minut,,,,19/27,,,,,,,,,,,,"2027-nuntá výměna pomocných aku u obou zdrojů 4,5Ah",,,,,,,,,,,,,,,,,,,,,,,,,,,,,,,,,,,,,,,,,,,,,,,,,,,,,,,,,,,,,,,,,,,,,,,,,1,"Marek Mitáš 721 438 720, Matuška 778 710 504","Praha, Formanská 674, 675",,,
"praha, františka křížka 22, česká republika","Praha, Františka Křížka 22, Česká republika",2021-02-13,2021-02-13,-1906,Po termínu,červená,2021-02-13 (plánovaná),,,čeká na přesné geokódování,Kalendář FZ - 6 měsíců.xlsx,247,2017,,,paní Mužíková 603 442 579,Praha,PS Lift Back 15 000/3f-45 min.,"Praha, Františka Křížka 22",,,13/21,,,,,,13,,,,,,,,,,,,,,,,,,,,,,,,,,,,,,,,,,,,,,,,,,,,,,,,,,,,,,,,,,,,,,,,,,,,,,,,,,,,,,,1,,,,,
"praha, františka křížka 505-38, česká republika","Praha, Františka Křížka 505-38, Česká republika",2025-09-23,2025-09-23,-223,Po termínu,červená,2025-09-23 (plánovaná),,,čeká na přesné geokódování,"Kalendář FZ - 12 měsíců, 2023.xlsx",354,2020,,,,Praha,ASTIP STRONG 2kVA/3F -15 minut,,,,,,,,,,,23/25,,,,,,,,,,,,,,,,,,,,,,,,,,,,,,,,,,,,,,,,,,,,,,,,,,,,,,,,,,,,,,,,,,,,,,,,,,,,,,1,Mužíková 603 442 579,"Praha, Františka Křížka 505-38",,,
"praha, freiwaldova 1012, kamýk a, b, česká republika","Praha, Freiwaldova 1012, Kamýk A, B, Česká republika",2024-04-18,2024-10-18,-563,Po termínu,červená,2024-04-18 (proběhlá); 2024-10-18 (plánovaná),,,čeká na přesné geokódování,Kalendář FZ - 6 měsíců.xlsx,248,2018,,,Vranovský 778 733 080,Praha,"ASTIP PS 30 000/3f – 15,30,45min, 2 x ASTIP PS 500/SO, ","Praha, Freiwaldova 1012, Kamýk A,B",,,,,18/24 30kVA-STOP STAV,,,,,,18/24,,,," 2024 -nutná výměna pomocky u 30kA, vyměnili si sami baterky",,,,,,,,,,,,,,,,,,,,,,,,,,,,,,,,,,,,,,,,,,,,,,,,,,,,,,,,,,,,,,,,,,,,,,,,,2,,,,,
"praha, gabčíkova, česká republika","Praha, Gabčíkova, Česká republika",,2026-06-24,51,30–60 dnů,žlutá,2026-06-24 (plánovaná),,,čeká na přesné geokódování,"Kalendář FZ - 12 měsíců, 2023.xlsx",355,2017,,,,Praha,PS 4000/3f - 15min.,,,,,,,,24/26,,,,,,,,,,,,,,,,,,,,,,,,,,,,,,,,,,,,,,,,,,,,,,,,,,,,,,,,,,,,,,,,,,,,,,,,,,,,,,,,,1,Tichota - 602 254 620 Jaroslav Pinc 606 609 003,"Praha, Gabčíkova",,,
"praha, gollové 1, kaskády barrandov, uldrich, česká republika","Praha, Gollové 1, Kaskády Barrandov, Uldrich, Česká republika",,2027-03-03,303,Více než 60 dnů,zelená,2027-03-03 (plánovaná),,,čeká na přesné geokódování,"Kalendář FZ - 12 měsíců, 2023.xlsx",356,2023,ano,,,Praha,"ASTIP STRONG 80kVA/7,5kVA/3F-45 minut",,,,,3/27,,,,,,,,,,,,,,,,,,,,,,,,,,,,,,,,,,,,,,,,,,,,,,,,,,,,,,,,,,,,,,,,,,,,,,,,,,,,,,,,,,,,1,Naušová - Uldrich 602 305 888,"Praha, Gollové 1, Kaskády Barrandov, Uldrich",,,
"praha, hadovitá bd, česká republika","Praha, Hadovitá BD, Česká republika",,2026-11-06,186,Více než 60 dnů,zelená,2026-11-06 (plánovaná),,,čeká na přesné geokódování,"Kalendář FZ - 12 měsíců, 2023.xlsx",357,2018,ano,,,Praha,"PS 60 000/3F -30, 45, 60 minut",,,,,,,,,,,,,6/26,,,,,,,,,,,,,,,,,,,,,,,,,,,,,,,,,,,,,,,,,,,,,,,,,,,,,,,,,,,,,,,,,,,,,,,,,,,,1,Barbora Svatošová 773 745 444,"Praha, Hadovitá BD",,,
"praha, harlacherova 2, 2a, česká republika","Praha, Harlacherova 2, 2a, Česká republika",,,,Bez termínu,šedá,,,,čeká na přesné geokódování,"Kalendář FZ - 12 měsíců, 2023.xlsx",358,2014,,,,Praha,"2 x PS 750/3f, 10 min.",,,,,,,,25,,,,,,,,????,,,,,,,,,,,,,,,,,,,,,,,,,,,,,,,,,,,,,,,,,,,,,,,,,,,,,,,,,,,,,,,,,,,,,,,,,0,Čančík - 725 184 359,"Praha, Harlacherova 2, 2a",,,
"praha, haštalská 14, hotel maxmilián, česká republika","Praha, Haštalská 14, hotel Maxmilián, Česká republika",2026-04-22,2026-10-22,171,Více než 60 dnů,zelená,2026-04-22 (proběhlá); 2026-10-22 (plánovaná),,,čeká na přesné geokódování,Kalendář FZ - 6 měsíců.xlsx,249,2019,ano,,Zámyslický 724 321 610,Praha,STRONG 7500VA/3F – 45min,"Praha, Haštalská 14, hotel Maxmilián",,,,,22/26,,,,,,22/26,,,,,,,,,,,,,,,,,,,,,,,,,,,,,,,,,,,,,,,,,,,,,,,,,,,,,,,,,,,,,,,,,,,,,,,,,,,,,2,,,,,
"praha, hevlínská, česká republika","Praha, Hevlínská, Česká republika",2025-03-13,2025-03-13,-417,Po termínu,červená,2025-03-13 (plánovaná),,,čeká na přesné geokódování,"Kalendář FZ - 12 měsíců, 2023.xlsx",359,2015,,,,Praha,3 kusy záložních zdrojů,,,,,13/25-3,,,,,,,,,,,"24.6.2025 -nechtějí opravu, ehrenberger",,,,,,,,,,,,,,,,,,,,,,,,,,,,,,,,,,,,,,,,,,,,,,,,,,,,,,,,,,,,,,,,,,,,,,,,,1,Vinčálek - 777 356 911,"Praha, Hevlínská",,,
"praha, hloubětín 837-2, bd, kbelská 1152, česká republika","Praha, Hloubětín 837-2, BD, Kbelská 1152, Česká republika",2026-03-20,2026-03-20,-45,Po termínu,červená,2026-03-20 (plánovaná),,,čeká na přesné geokódování,"Kalendář FZ - 12 měsíců, 2023.xlsx",360,2021,ano,ano,,Praha,ASTIP STRONG 2000/3f-15 min,,,,,20/26,,,,,,,,,,,"jiný správce, nemám kontakt MVítek",,,,,,,,,,,,,,,,,,,,,,,,,,,,,,,,,,,,,,,,,,,,,,,,,,,,,,,,,,,,,,,,,,,,,,,,,1,"Nikola Pajerová, 777 355 757","Praha, Hloubětín 837-2, BD, Kbelská 1152",,,
"praha, hlučkova 812 + 813, česká republika","Praha, Hlučkova 812 + 813, Česká republika",2025-11-06,2027-01-28,269,Více než 60 dnů,zelená,2025-11-06 (plánovaná); 2027-01-28 (plánovaná),,,čeká na přesné geokódování,"Kalendář FZ - 12 měsíců, 2023.xlsx",361,2016,,,,Praha,"812 - PS 15kVA/3F-45minut, PS 150/1F-24 hodin , 813 - PS 7500/3F-15minut, PS 150/1F-24 hodin",,,28/27-812,,,,,,,,,,6/25-813,,,,,,,,,,,,,,,,,,,,,,,,,,,,,,,,,,,,,,,,,,,,,,,,,,,,,,,,,,,,,,,,,,,,,,,,,,,,2,"David Andrlík 606 690 862, správc. Fa AUSTIS Real s.r.o., 813 -Lopatka předseda 721 962 541","Praha, Hlučkova 812 + 813",,,
"praha, holečkova 13, hotel, česká republika","Praha, Holečkova 13, hotel, Česká republika",2025-05-24,2025-05-24,-345,Po termínu,červená,2025-05-24 (plánovaná),,,čeká na přesné geokódování,"Kalendář FZ - 12 měsíců, 2023.xlsx",364,2023,ano,ano,,Praha,ASTIP STRONG 47kVA/20kVA/3F-45 minut,,,,,,,24/25,,,,,,,,,"pan Opletal, chce revize 1 x ročně ",,,,,,,,,,,,,,,,,,,,,,,,,,,,,,,,,,,,,,,,,,,,,,,,,,,,,,,,,,,,,,,,,,,,,,,,,1,Opletal 777 168 685,"Praha, Holečkova 13, hotel",,,
"praha, honzíkova 711/19, bd, česká republika","Praha, Honzíkova 711/19, BD, Česká republika",,2026-10-26,175,Více než 60 dnů,zelená,2026-10-26 (plánovaná),,,čeká na přesné geokódování,"Kalendář FZ - 12 měsíců, 2023.xlsx",362,2025,ano,,,Praha,ASTIP STRONG 140/20kVA/3F -45 minut,,,,,,,,,,,,26/26,,,,,,,,,,,,,,,,,,,,,,,,,,,,,,,,,,,,,,,,,,,,,,,,,,,,,,,,,,,,,,,,,,,,,,,,,,,,,1,Naušová - Uldrich 602 305 888,"Praha, Honzíkova 711/19, BD",,,
"praha, hornoměcholupská 663, česká republika","Praha, Hornoměcholupská 663, Česká republika",2024-10-10,2024-10-10,-571,Po termínu,červená,2024-10-10 (plánovaná),,,čeká na přesné geokódování,"Kalendář FZ - 12 měsíců, 2023.xlsx",365,"2013, nově 2023",,,,Praha,  PS 15kVA/3f-10A/60C,,,,,,,,,,,,10/24,,,,2023 -měnil se komplet pajšl zdroje ,,,,,,,,,,,,,,,,,,,,,,,,,,,,,,,,,,,,,,,,,,,,,,,,,,,,,,,,,,,,,,,,,,,,,,,,,1,Zika 778 428 878,"Praha, Hornoměcholupská 663",,,
"praha, hornoměcholupská 690/146, 691, česká republika","Praha, Hornoměcholupská 690/146, 691, Česká republika",,,,Bez termínu,šedá,,,,čeká na přesné geokódování,"Kalendář FZ - 12 měsíců, 2023.xlsx",366,2014,,,,Praha,2x Ps 40 000VA/3f-50 minut,,,,,,,,,,,,,5,,,,,,,,,,,,,,,,,,,,,,,,,,,,,,,,,,,,,,,,,,,,,,,,,,,,,,,,,,,,,,,,,,,,,,,,,,,,0,Vaněk Michal - 778 743 146,"Praha, Hornoměcholupská 690/146, 691",,,
"praha, hornoměcholupská 693, česká republika","Praha, Hornoměcholupská 693, Česká republika",2025-08-22,2025-08-22,-255,Po termínu,červená,2025-08-22 (plánovaná),,,čeká na přesné geokódování,"Kalendář FZ - 12 měsíců, 2023.xlsx",367,2014,ano,,,Praha,  LiftBack 50kVA/3f-50 minut,,,,,,,,,,22/25,,,,,,přidat TO247 !!!!,,,,,,,,,,,,,,,,,,,,,,,,,,,,,,,,,,,,,,,,,,,,,,,,,,,,,,,,,,,,,,,,,,,,,,,,,1,Chotěborský - 601 337 199,"Praha, Hornoměcholupská 693",,,
"praha, horolezecká 1a, česká republika","Praha, Horolezecká 1a, Česká republika",2026-04-14,2026-04-14,-20,Po termínu,červená,2026-04-14 (plánovaná),,,čeká na přesné geokódování,"Kalendář FZ - 12 měsíců, 2023.xlsx",368,2019,ano,ano,,Praha,STRONG 75 kVA/3F -45 minut + RPO,,,,,,14/26,,,,,,,,,,2025 -objednána výměna,,,,,,,,,,,,,,,,,,,,,,,,,,,,,,,,,,,,,,,,,,,,,,,,,,,,,,,,,,,,,,,,,,,,,,,,,1,"Filip 737 835 881, Cukrová 732 577 439","Praha, Horolezecká 1a",,,
"praha, horoměřice, velvarská 1101, 8-9, bd, česká republika","Praha, Horoměřice, Velvarská 1101, 8-9, BD, Česká republika",,2027-01-22,263,Více než 60 dnů,zelená,2027-01-22 (plánovaná),,,čeká na přesné geokódování,"Kalendář FZ - 12 měsíců, 2023.xlsx",369,2020,,,,Praha,2 x STRONG 5 kVA/3F -30 minut,,,22/27,,,,,,,,,,,,,,,,,,,,,,,,,,,,,,,,,,,,,,,,,,,,,,,,,,,,,,,,,,,,,,,,,,,,,,,,,,,,,,,,,,,,,,1,Ehrenberger 774 252 277,"Praha, Horoměřice, Velvarská 1101, 8-9, BD",,,
"praha, horoměřice, žižkova + karla iv, 6 x zdroj, česká republika","Praha, Horoměřice, Žižkova + Karla IV, 6 x zdroj, Česká republika",2026-03-25,2026-08-12,100,Více než 60 dnů,zelená,2025-10-23 (plánovaná); 2026-03-25 (plánovaná); 2026-08-12 (plánovaná),,,čeká na přesné geokódování,"Kalendář FZ - 12 měsíců, 2023.xlsx",370,2021 +2022,,,,Praha,6 x STRONG 3kVA/1kVA/1f -15 minut,,,,,25/26,,,,,12/26 - 1127+1129-2025 STOP STAV,,23/25 1127,,,,"!!!pozor, vyměnit propojovací kabel",,,,,,,,,,,,,,,,,,,,,,,,,,,,,,,,,,,,,,,,,,,,,,,,,,,,,,,,,,,,,,,,,,,,,,,,,3,Satorie 775 647 249,"Praha, Horoměřice, Žižkova + Karla IV, 6 x zdroj",,,
"praha, hradešínská 52, bd, česká republika","Praha, Hradešínská 52, BD, Česká republika",2026-04-08,2026-04-08,-26,Po termínu,červená,2026-04-08 (plánovaná),,,čeká na přesné geokódování,"Kalendář FZ - 12 měsíců, 2023.xlsx",371,2019,,ano,,Praha,ASTIP STRONG 15 000/3f - 60 min,,,,,,8/26,,,,,,,,,,,,,,,,,,,,,,,,,,,,,,,,,,,,,,,,,,,,,,,,,,,,,,,,,,,,,,,,,,,,,,,,,,,,,,,,,,,1,Grošup 606 706 659,"Praha, Hradešínská 52, BD",,,
"praha, italská 8, bd, česká republika","Praha, Italská 8, BD, Česká republika",2024-09-22,2024-09-22,-589,Po termínu,červená,2024-09-22 (plánovaná),,,čeká na přesné geokódování,"Kalendář FZ - 12 měsíců, 2023.xlsx",375,2022,,,,Praha,ASTIP STRONG 5kVA/3F-15 minut,,,,,,,,,,,22/24,,,,,,,,,,,,,,,,,,,,,,,,,,,,,,,,,,,,,,,,,,,,,,,,,,,,,,,,,,,,,,,,,,,,,,,,,,,,,,1,Jan Vohralík 730 528 073,"Praha, Italská 8, BD",,,
"praha, janáčkovo nábřeží 39, česká republika","Praha, Janáčkovo nábřeží 39, Česká republika",,2027-02-19,291,Více než 60 dnů,zelená,2027-02-19 (plánovaná),,,čeká na přesné geokódování,"Kalendář FZ - 12 měsíců, 2023.xlsx",376,"2015, nově 2025",,,,Praha,  PS 7500/3f-45 minut,,,,19/27,,,,,,,,,,,,nové výrobní číslo: 25022601 - 2025 -nový pajšl ,,,,,,,,,,,,,,,,,,,,,,,,,,,,,,,,,,,,,,,,,,,,,,,,,,,,,,,,,,,,,,,,,,,,,,,,,1,Marek Bozděch 721 439 006,"Praha, Janáčkovo nábřeží 39",,6000,
"praha, jeseniova 25, bd, česká republika","Praha, Jeseniova 25, BD, Česká republika",,2026-10-14,163,Více než 60 dnů,zelená,2026-10-14 (plánovaná),,,čeká na přesné geokódování,"Kalendář FZ - 12 měsíců, 2023.xlsx",377,2017,,,,Praha,STRONG 10 000/3F -10 minut,,,,,,,,,,,,14/26,,,,,,,,,,,,,,,,,,,,,,,,,,,,,,,,,,,,,,,,,,,,,,,,,,,,,,,,,,,,,,,,,,,,,,,,,,,,,1,Novotný 731 379 335,"Praha, Jeseniova 25, BD",,,
"praha, jeseniova 35, bd, česká republika","Praha, Jeseniova 35, BD, Česká republika",,2027-03-24,324,Více než 60 dnů,zelená,2027-03-24 (plánovaná),,,čeká na přesné geokódování,"Kalendář FZ - 12 měsíců, 2023.xlsx",378,2017,,,,Praha,STRONG 10 000/3F -10 minut,,,,,24/27,,,,,,,,,,,,,,,,,,,,,,,,,,,,,,,,,,,,,,,,,,,,,,,,,,,,,,,,,,,,,,,,,,,,,,,,,,,,,,,,,,,,1,Kulhánková 777 367 618,"Praha, Jeseniova 35, BD",,,
"praha, josefská 7, malostranská zš, česká republika","Praha, Josefská 7, Malostranská ZŠ, Česká republika",2026-04-15,2026-07-23,80,Více než 60 dnů,zelená,2026-04-15 (proběhlá); 2026-07-23 (plánovaná),,,čeká na přesné geokódování,Kalendář FZ - 6 měsíců.xlsx,260,2018,,,školník 734 469 265,Praha,ASTIP PS 4000/3f-30 minut,"Praha, Josefská 7, Malostranská ZŠ",,,,,15/26,,,23/26,,,,,,,,,,,,,,,,,,,,,,,,,,,,,,,,,,,,,,,,,,,,,,,,,,,,,,,,,,,,,,,,,,,,,,,,,,,,,,,,2,,,,,
"praha, jungmannova 32/25, hotel, česká republika","Praha, Jungmannova 32/25, hotel, Česká republika",2025-09-18,2025-09-18,-228,Po termínu,červená,2025-09-18 (plánovaná),,,čeká na přesné geokódování,Kalendář FZ - 6 měsíců.xlsx,251,2022,,,773 696 737 dannyq@seznam.cz Setncika ,Praha,ASTIP STRONG 71kVA/20kVA/3F-45minut,"Praha, Jungmannova 32/25, hotel",,,,,,,,,,18/25,,,,,,,,,,,,,,,,,,,,,,,,,,,,,,,,,,,,,,,,,,,,,,,,,,,,,,,,,,,,,,,,,,,,,,,,,,,,,,1,,,,,
"praha, k vystrkovu 1a, b, c, česká republika","Praha, K Vystrkovu 1a, b, c, Česká republika",,2027-02-19,291,Více než 60 dnů,zelená,2027-02-19 (plánovaná),,,čeká na přesné geokódování,"Kalendář FZ - 12 měsíců, 2023.xlsx",379,2016,,poznámka,,Praha,2 x 5kVA/3F + 1 x 240/1f-15 minut,,,,19/27,,,,,,,,,,,,2027 -nutná výměna pomocný aku 12Ah u 1b,,,,,,,,,,,,,,,,,,,,,,,,,,,,,,,,,,,,,,,,,,,,,,,,,,,,,,,,,,,,,,,,,,,,,,,,,1,Mitáš 721 438 720,"Praha, K Vystrkovu 1a,b, c",,,
"praha, k vystrkovu 2, česká republika","Praha, K Vystrkovu 2, Česká republika",2022-01-13,2022-01-13,-1572,Po termínu,červená,2022-01-13 (plánovaná),,,čeká na přesné geokódování,"Kalendář FZ - 12 měsíců, 2023.xlsx",380,2018,,,,Praha,20 kVA/3f - 45min.,,,13/22,,,,,,,,,,,,,"3.3.2025 -zasláno znovu, 26.6.2024 - poslán dotaz ...BD Modřany",,,,,,,,,,,,,,,,,,,,,,,,,,,,,,,,,,,,,,,,,,,,,,,,,,,,,,,,,,,,,,,,,,,,,,,,,1,vankova@bak.cz,"Praha, K Vystrkovu 2",,,
"praha, kadečkové, česká republika","Praha, Kadečkové, Česká republika",2025-12-11,2027-04-22,353,Více než 60 dnů,zelená,2025-12-11 (plánovaná); 2027-04-22 (plánovaná),,,čeká na přesné geokódování,"Kalendář FZ - 12 měsíců, 2023.xlsx",383,2016,,,,Praha,"2-PS 10kVA/3f-60 minut, 4-PS 150/1f-24 hodin, 8-PS 10kVA/3f-60 minut, 10 -PS 150/1f-24 hodin",,,,,,22/27-8 + 2-stop stav,,,,,,,,11/25-10,,,,,,,,,,,,,,,,,,,,,,,,,,,,,,,,,,,,,,,,,,,,,,,,,,,,,,,,,,,,,,,,,,,,,,,,,,,2,"AUSTIS - Andrlík, Mihalcsatin -725 496 507","Praha, Kadečkové",,,
"praha, kališnická, česká republika","Praha, Kališnická, Česká republika",,,,Bez termínu,šedá,,,,čeká na přesné geokódování,"Kalendář FZ - 12 měsíců, 2023.xlsx",384,2014,,,,Praha,  PS 10/40kVA/3f-45 minut,,,,,,,,,,,,,,8,,,,,,,,,,,,,,,,,,,,,,,,,,,,,,,,,,,,,,,,,,,,,,,,,,,,,,,,,,,,,,,,,,,,,,,,,,,0,Novák - 725 293 966,"Praha, Kališnická",,,
"praha, kardausova 705/6, bd h6, česká republika","Praha, Kardausova 705/6, BD H6, Česká republika",,2026-06-04,31,30–60 dnů,žlutá,2026-06-04 (plánovaná),,,čeká na přesné geokódování,"Kalendář FZ - 12 měsíců, 2023.xlsx",381,2024,ano,,,Praha,ASTIP STRONG 20kVA/3F-45 minut,,,,,,,,4/26,,,,,,,,,,,,,,,,,,,,,,,,,,,,,,,,,,,,,,,,,,,,,,,,,,,,,,,,,,,,,,,,,,,,,,,,,,,,,,,,,1,Naušová - Uldrich 602 305 888,"Praha, Kardausova 705_6 - BD H6",,,
"praha, kardausova 706/14, bd h7, česká republika","Praha, Kardausova 706/14, BD H7, Česká republika",,2026-06-04,31,30–60 dnů,žlutá,2026-06-04 (plánovaná),,,čeká na přesné geokódování,"Kalendář FZ - 12 měsíců, 2023.xlsx",382,2024,ano,,,Praha,ASTIP STRONG 20kVA/3F-45 minut,,,,,,,,4/26,,,,,,,,,,,,,,,,,,,,,,,,,,,,,,,,,,,,,,,,,,,,,,,,,,,,,,,,,,,,,,,,,,,,,,,,,,,,,,,,,1,Naušová - Uldrich 602 305 888,"Praha, Kardausova 706_14 - BD H7",,,
"praha, karla guta 1673, uhříněves, bd, česká republika","Praha, Karla Guta 1673, Uhříněves, BD, Česká republika",,2026-12-10,220,Více než 60 dnů,zelená,2026-12-10 (plánovaná),,,čeká na přesné geokódování,"Kalendář FZ - 12 měsíců, 2023.xlsx",385,2022,ano,,,Praha,ASTIP STRONG 100kVA/15kVA/3F -45 minut,,,,,,,,,,,,,,10/26,,,,,,,,,,,,,,,,,,,,,,,,,,,,,,,,,,,,,,,,,,,,,,,,,,,,,,,,,,,,,,,,,,,,,,,,,,,1,Tomáš Dohnal 602 151 020,"Praha, Karla Guta 1673, Uhříněves, BD",,,
"praha, ke kříži 1653-8 -vivus 4. etapa, česká republika","Praha, Ke Kříži 1653-8 -VIVUS 4. etapa, Česká republika",,2027-03-19,319,Více než 60 dnů,zelená,2027-03-19 (plánovaná),,,čeká na přesné geokódování,"Kalendář FZ - 12 měsíců, 2023.xlsx",386,2020,ano,ano,,Praha,PS 15kVA/3f -45 minut,,,,,19/27,,,,,,,,,,,POZOR - TERMÍNY HLÍDÁME SAMI,,,,,,,,,,,,,,,,,,,,,,,,,,,,,,,,,,,,,,,,,,,,,,,,,,,,,,,,,,,,,,,,,,,,,,,,,1,Ikon - 777 757 960,"Praha, Ke Kříži 1653-8 -VIVUS 4. etapa",,,
"praha, ke kříži 1672, vivus -5. etapa, česká republika","Praha, Ke Kříži 1672, VIVUS -5. etapa, Česká republika",,2026-12-10,220,Více než 60 dnů,zelená,2026-12-10 (plánovaná),,,čeká na přesné geokódování,"Kalendář FZ - 12 měsíců, 2023.xlsx",387,2022,ano,ano,,Praha,ASTIP STRONG 98kVA/15kVA/3F -EI 45,,,,,,,,,,,,,,10/26,,,,,,,,,,,,,,,,,,,,,,,,,,,,,,,,,,,,,,,,,,,,,,,,,,,,,,,,,,,,,,,,,,,,,,,,,,,1,"Šmíd 603 570 055-pragostav, SVJ Obdržálek 723 517 257","Praha, Ke Kříži 1672, VIVUS -5. etapa",,,
"praha, ke smíchovu 1278/32, bd geminos, česká republika","Praha, Ke Smíchovu 1278/32, BD Geminos, Česká republika",2023-11-10,2023-11-10,-906,Po termínu,červená,2023-11-10 (plánovaná),,,čeká na přesné geokódování,"Kalendář FZ - 12 měsíců, 2023.xlsx",388,2021,,,,Praha,ASTIP PS 1kVA/1F -15 minut,,,,,,,,,,,,,10/23,,,,,,,,,,,,,,,,,,,,,,,,,,,,,,,,,,,,,,,,,,,,,,,,,,,,,,,,,,,,,,,,,,,,,,,,,,,,1,Kubitová 739 328 264,"Praha, Ke Smíchovu 1278/32, BD Geminos",,,
"praha, kladenská 115, hotel avion, česká republika","Praha, Kladenská 115, Hotel Avion, Česká republika",2026-02-26,2026-08-26,114,Více než 60 dnů,zelená,2026-02-26 (proběhlá); 2026-08-26 (plánovaná),,,čeká na přesné geokódování,Kalendář FZ - 6 měsíců.xlsx,252,2024,,,Malina 777 250 283,Praha,ASTIP PS Liftback 15kVA/3F -45 minut,"Praha, Kladenská 115, Hotel Avion",,,26/26,,,,,,26/26,,,,,,,,,,,,,,,,,,,,,,,,,,,,,,,,,,,,,,,,,,,,,,,,,,,,,,,,,,,,,,,,,,,,,,,,,,,,,,,2,,,,,
"praha, klapálkova 3376/23 a 25, bd, klapálkova iii, česká republika","Praha, Klapálkova 3376/23 a 25, BD, Klapálkova III, Česká republika",,2027-02-12,284,Více než 60 dnů,zelená,2027-02-12 (plánovaná),,,čeká na přesné geokódování,"Kalendář FZ - 12 měsíců, 2023.xlsx",389,2025,,poznámka,,Praha,"ASTIP STRONG 40/7,5kVA/3F-45 minut",,,,12/27,,,,,,,,,,,,"nalepit výrobní štítek, máme na magnetické tabuli",,,,,,,,,,,,,,,,,,,,,,,,,,,,,,,,,,,,,,,,,,,,,,,,,,,,,,,,,,,,,,,,,,,,,,,,,1,Stanislav Vedral - 771 500 078,"Praha, Klapálkova 3376_23 a 25, BD, Klapálkova III",,,
"praha, klementova 2886, západní město, česká republika","Praha, Klementova 2886, Západní město, Česká republika",,2026-11-20,200,Více než 60 dnů,zelená,2026-11-20 (plánovaná),,,čeká na přesné geokódování,"Kalendář FZ - 12 měsíců, 2023.xlsx",390,2025,ano,,,Praha,ASTIP STRONG 30kVA/10kVA/3F -60 minut,,,,,,,,,,,,,20/26,,,,,,,,,,,,,,,,,,,,,,,,,,,,,,,,,,,,,,,,,,,,,,,,,,,,,,,,,,,,,,,,,,,,,,,,,,,,1,Naušová - Uldrich 602 305 888,"Praha, Klementova 2886, Západní město",,,
"praha, klimenstská, famu, česká republika","Praha, Klimenstská, FAMU, Česká republika",2026-04-24,2026-04-24,-10,Po termínu,červená,2026-04-24 (plánovaná),,,čeká na přesné geokódování,"Kalendář FZ - 12 měsíců, 2023.xlsx",391,,,,,Praha,STRONG 20kVA/3f-45 minut,,,,,,24/26,,,,,,,,,,,,,,,,,,,,,,,,,,,,,,,,,,,,,,,,,,,,,,,,,,,,,,,,,,,,,,,,,,,,,,,,,,,,,,,,,,,1,Švejnoha 603 798 763,"Praha, Klimenstská, FAMU",,7200,
"praha, kmochova 14, holečkova house, česká republika","Praha, Kmochova 14, Holečkova House, Česká republika",,2026-09-23,142,Více než 60 dnů,zelená,2026-09-23 (plánovaná),,,čeká na přesné geokódování,"Kalendář FZ - 12 měsíců, 2023.xlsx",392,2023,,,,Praha,ASTIP STRONG 20kVA/3kVA/3F -45 minut,,,,,,,,,,,23/26,,,,,,,,,,,,,,,,,,,,,,,,,,,,,,,,,,,,,,,,,,,,,,,,,,,,,,,,,,,,,,,,,,,,,,,,,,,,,,1,"Martin Urban
+420 778 743 149","Praha, Kmochova 14, Holečkova House",,,
"praha, kolbenova 1055, kolben park, česká republika","Praha, Kolbenova 1055, Kolben Park, Česká republika",,2026-06-12,39,30–60 dnů,žlutá,2026-06-12 (plánovaná),,,čeká na přesné geokódování,"Kalendář FZ - 12 měsíců, 2023.xlsx",393,2024,,,,Praha,"ASTIP STRONG 50kVA/3F -30,45,60 minut",,,,,,,,12/26,,,,,,,,,,,,,,,,,,,,,,,,,,,,,,,,,,,,,,,,,,,,,,,,,,,,,,,,,,,,,,,,,,,,,,,,,,,,,,,,,1,"Tomáš Matejzík
tel: 725 154 945","Praha, Kolbenova 1055, Kolben Park",,,
"praha, konviktská 14, cloister inn, česká republika","Praha, Konviktská 14, Cloister Inn, Česká republika",,2026-05-06,2,Méně než 7 dnů,červená,2026-05-06 (plánovaná),,,čeká na přesné geokódování,"Kalendář FZ - 12 měsíců, 2023.xlsx",394,2023,ano,ano,,Praha,ASTIP PS 10kVA/3f-45 minut,,,,,,,6/26,,,,,,,,,"pan Opletal, chce revize 1 x ročně",,,,,,,,,,,,,,,,,,,,,,,,,,,,,,,,,,,,,,,,,,,,,,,,,,,,,,,,,,,,,,,,,,,,,,,,,1,Rusnák 792 355 462,"Praha, Konviktská 14, Cloister Inn",,,
"praha, kostelní, gennet, česká republika","Praha, Kostelní, GENNET, Česká republika",,2027-04-21,352,Více než 60 dnů,zelená,2027-04-21 (plánovaná),,,čeká na přesné geokódování,"Kalendář FZ - 12 měsíců, 2023.xlsx",395,2016,,,,Praha,PS 2000/1F- 30min.,,,,,,21/27,,,,,,,,,,18.2.2021 STOP STAV,,,,,,,,,,,,,,,,,,,,,,,,,,,,,,,,,,,,,,,,,,,,,,,,,,,,,,,,,,,,,,,,,,,,,,,,,1,Derfler - 603 167 282,"Praha, Kostelní, GENNET",,,
"praha, koubkova 12, česká republika","Praha, Koubkova 12, Česká republika",,2026-06-12,39,30–60 dnů,žlutá,2026-06-12 (plánovaná),,,čeká na přesné geokódování,"Kalendář FZ - 12 měsíců, 2023.xlsx",396,2024,ano,ano,,Praha,ASTIP STRONG 20kVA/3F -45 minut,,,,,,,,12/26,,,,,,,,"pan Opletal, chce revize 1 x ročně",,,,,,,,,,,,,,,,,,,,,,,,,,,,,,,,,,,,,,,,,,,,,,,,,,,,,,,,,,,,,,,,,,,,,,,,,1,Opletal 777 168 685,"Praha, Koubkova 12",,,
"praha, kovářská 15, hotel aréna, česká republika","Praha, Kovářská 15, hotel Aréna, Česká republika",2026-01-08,2026-07-08,65,Více než 60 dnů,zelená,2026-01-08 (proběhlá); 2026-07-08 (plánovaná),,,čeká na přesné geokódování,Kalendář FZ - 6 měsíců.xlsx,253,2015,,,"Jiří Mareš, 223 002 413",Praha,"Lift Back 7500/3f, 45 min","Praha, Kovářská 15, hotel Aréna",,8/26,,,,,,8/26,,,,,,,"udržba p. Landsinger, tel. ???",8500,Jiří Mareš,Jiří Mareš,nepodepsaná smlouva,,,,,,,,,,,,,,,,,,,,,,,,,,,,,,,,,,,,,,,,,,,,,,,,,,,,,,,,,,,,,,,,,,,,,2,,,,,
"praha, kovářská 2537/5, bd, česká republika","Praha, Kovářská 2537/5, BD, Česká republika",2026-04-22,2026-04-22,-12,Po termínu,červená,2026-04-22 (plánovaná),,,čeká na přesné geokódování,"Kalendář FZ - 12 měsíců, 2023.xlsx",397,2022,,,,Praha,ASTIP STRONG 15kVA/3kVA/3F -45 minut,,,,,,22/26,,,,,,,,,,,,,,,,,,,,,,,,,,,,,,,,,,,,,,,,,,,,,,,,,,,,,,,,,,,,,,,,,,,,,,,,,,,,,,,,,,,1,Zelenka 725 013 376,"Praha, Kovářská 2537_5, BD",,,
"praha, kramperova 6, 2, česká republika","Praha, Kramperova 6, 2, Česká republika",2025-11-25,2026-05-25,21,7–30 dnů,oranžová,2025-11-25 (proběhlá); 2026-05-25 (plánovaná),,,čeká na přesné geokódování,Kalendář FZ - 6 měsíců.xlsx,254,2018,,,SVJ Brůžek 602 406 504,Praha,"Astip PS 30 000/3f-10,30,45 minut, 2 x Astip PS 500VA, ","Praha, Kramperova 6, 2",,,,,,25/26,,,,,,25/25,,,,,,,,,,,,,,,,,,,,,,,,,,,,,,,,,,,,,,,,,,,,,,,,,,,,,,,,,,,,,,,,,,,,,,,,,,,,2,,,,,
"praha, kubišova 2, pod barvířkou hotel aida, česká republika","Praha, Kubišova 2, Pod Barvířkou Hotel Aida, Česká republika",2025-11-06,2026-05-06,2,Méně než 7 dnů,červená,2025-11-06 (proběhlá); 2026-05-06 (plánovaná),,,čeká na přesné geokódování,Kalendář FZ - 6 měsíců.xlsx,255,2016,,,Absolonová 602 371 413,Praha,PS 10kVA/3F - 45minut,"Praha, Kubišova 2, Pod Barvířkou  Hotel Aida",,,,,,6/26,,,,,,6/25,,,,7300,,,,,,,,,,,,,,,,,,,,,,,,,,,,,,,,,,,,,,,,,,,,,,,,,,,,,,,,,,,,,,,,,,,,,,,,2,,,,,
"praha, kurandové 1282/2, 4, 6, 8, 10, 12, 14, česká republika","Praha, Kurandové 1282/2, 4, 6, 8, 10, 12, 14, Česká republika",,2027-01-29,270,Více než 60 dnů,zelená,2027-01-29 (plánovaná),,,čeká na přesné geokódování,"Kalendář FZ - 12 měsíců, 2023.xlsx",400,2022,,,,Praha,"ASTIP STRONG 40kVA/3F-10,30,45,60 minut",,,29/27,,,,,,,,,,,,,,,,,,,,,,,,,,,,,,,,,,,,,,,,,,,,,,,,,,,,,,,,,,,,,,,,,,,,,,,,,,,,,,,,,,,,,,1,Endt 722 927 404,"Praha, Kurandové 1282_2,4,6,8,10,12,14",,,
"praha, kurta konráda 1, česká republika","Praha, Kurta Konráda 1, Česká republika",,2026-10-01,150,Více než 60 dnů,zelená,2026-10-01 (plánovaná),,,čeká na přesné geokódování,"Kalendář FZ - 12 měsíců, 2023.xlsx",401,2020,,,,Praha,ASTIP STRONG 10 kVA/3F -45 minut,,,,,,,,,,,,1/26,,,,,,,,,,,,,,,,,,,,,,,,,,,,,,,,,,,,,,,,,,,,,,,,,,,,,,,,,,,,,,,,,,,,,,,,,,,,,1,"Marounek - Jiviš, 725 496 507","Praha, Kurta Konráda 1",,,
"praha, křivoklátská 885, bd, česká republika","Praha, Křivoklátská 885, BD, Česká republika",,2027-03-24,324,Více než 60 dnů,zelená,2027-03-24 (plánovaná),,,čeká na přesné geokódování,"Kalendář FZ - 12 měsíců, 2023.xlsx",398,2018,ano,,,Praha,PS 40kVA/3f 45min.,,,,,24/27,,,,,,,,,,,,,,,ano,,,,,,,,,,,,,,,,,,,,,,,,,,,,,,,,,,,,,,,,,,,,,,,,,,,,,,,,,,,,,,,,,,,,,1,Pavel Novák - 604 223 881,"Praha, Křivoklátská 885, BD",,8800,
"praha, letiště praha, česká republika","Praha, Letiště Praha, Česká republika",,2027-04-01,332,Více než 60 dnů,zelená,2027-04-01 (plánovaná),,,čeká na přesné geokódování,"Kalendář FZ - 12 měsíců, 2023.xlsx",402,2018,,,,Praha,STRONG 5 000/3F-4C/1H,,,,,,1/27,,,,,,,,,,na rok 2022 už máme objednávku ve složce,,,,,,,,,,,,,,,,,,,,,,,,,,,,,,,,,,,,,,,,,,,,,,,,,,,,,,,,,,,,,,,,,,,,,,,,,1,Bartl 606 665 466,"Praha, Letiště Praha",,,
"praha, letňanské zahrady e, f, g, česká republika","Praha, Letňanské zahrady E, F, G, Česká republika",2021-01-14,2021-07-14,-1755,Po termínu,červená,2021-01-14 (proběhlá); 2021-07-14 (plánovaná),,,čeká na přesné geokódování,Kalendář FZ - 6 měsíců.xlsx,256,2018,,,Vaculová - 725 827 057,Praha,3x zdroj,"Praha, Letňanské zahrady E, F, G",,14/21,,,,,,14/21,,,,,,,"Hlučkova, Kadečkové, Štanderova 869 -11.2.2021 - dělala se pouze Štanderova 100kVA, kluci nemě,i klíče k ostatním",,,,,,,,,,,,,,,,,,,,,,,,,,,,,,,,,,,,,,,,,,,,,,,,,,,,,,,,,,,,,,,,,,,,,,,,,2,,,,,
"praha, lhotecká 446, obi, česká republika","Praha, Lhotecká 446, OBI, Česká republika",2022-05-05,,,Bez termínu,šedá,2022-05-05 (nezjištěno),,,čeká na přesné geokódování,Kalendář FZ - 6 měsíců.xlsx,257,2010,,,Karlín 605 296 296,Praha,PS 30 000/3F -35 minut,"Praha, Lhotecká 446, OBI",,,,,,5/22,,,,,,,,,"2024 -nabídka na nový zdroj, řeší Kuba Veselský, tak z toho nic nebude…JV -stále bez zpětné vazby, pokud se neozvou sami, tak nic",,,,,,,,,,,,,,,,,,,,,,,,,,,,,,,,,,,,,,,,,,,,,,,,,,,,,,,,,,,,,,,,,,,,,,,,,1,,,,,
"praha, libocká 643, domov sv. rodiny, česká republika","Praha, Libocká 643, Domov sv. Rodiny, Česká republika",2025-08-19,2025-08-19,-258,Po termínu,červená,2025-08-19 (plánovaná),,,čeká na přesné geokódování,Kalendář FZ - 6 měsíců.xlsx,237,2022,ano,ano,Mgr. Stanislav Fiala 737 282 808,Praha,ASTIP PS 10kVA/3f-45 minut,"Praha, Libocká 643, Domov sv. Rodiny",,,,,,,,,19/25,,,,,,,,,,,,,,,,,,,,,,,,,,,,,,,,,,,,,,,,,,,,,,,,,,,,,,,,,,,,,,,,,,,,,,,,,,,,,,,1,,,,,
"praha, lidl, ženské domovy, česká republika","Praha, LIDL, ženské domovy, Česká republika",,2027-02-12,284,Více než 60 dnů,zelená,2027-02-12 (plánovaná),,,čeká na přesné geokódování,"Kalendář FZ - 12 měsíců, 2023.xlsx",403,2020,,,,Praha,Astip PS 40 000/3F-30 minut,,,,12/27,,,,,,,,,,,,,,,,,,,,,,,,,,,,,,,,,,,,,,,,,,,,,,,,,,,,,,,,,,,,,,,,,,,,,,,,,,,,,,,,,,,,,1,Corradini 724 230 992,"Praha, LIDL, ženské domovy",,,
"praha, lihovarská 10, bd, česká republika","Praha, Lihovarská 10, BD, Česká republika",2024-07-09,2024-07-09,-664,Po termínu,červená,2024-07-09 (plánovaná),,,čeká na přesné geokódování,"Kalendář FZ - 12 měsíců, 2023.xlsx",405,2018,,,,Praha,ASTIP STRONG 3000VA/3F-10 minut,,,,,,,,,9/24,,,,,,,3.3.2025 -posílám juzovi,,,,,,,,,,,,,,,,,,,,,,,,,,,,,,,,,,,,,,,,,,,,,,,,,,,,,,,,,,,,,,,,,,,,,,,,,1,Holanová 732 283 103,"Praha, Lihovarská 10, BD",,,
"praha, lihovarská 8, bd, česká republika","Praha, Lihovarská 8, BD, Česká republika",2024-07-09,2024-07-09,-664,Po termínu,červená,2024-07-09 (plánovaná),,,čeká na přesné geokódování,"Kalendář FZ - 12 měsíců, 2023.xlsx",404,2018,,,,Praha,ASTIP STRONG 2000VA/3F-10 minut,,,,,,,,,9/24,,,,,,,3.3.2025 - posílám juzovi,,,,,,,,,,,,,,,,,,,,,,,,,,,,,,,,,,,,,,,,,,,,,,,,,,,,,,,,,,,,,,,,,,,,,,,,,1,Holanová 732 283 103,"Praha, Lihovarská 8, BD",,,
"praha, lucemburská 9, ubytovna, česká republika","Praha, Lucemburská 9, ubytovna, Česká republika",2026-04-01,2026-10-01,150,Více než 60 dnů,zelená,2026-04-01 (proběhlá); 2026-10-01 (plánovaná),,,čeká na přesné geokódování,Kalendář FZ - 6 měsíců.xlsx,258,2022,"ano !!!! Fakt ohlídat,nepříjemní jsou",ano,Jasmin Zoronjic  775 527 730,Praha,ASTIP PS 20kVA/10kVA/3F -45 minut,"Praha, Lucemburská 9, ubytovna",,,,,1/26,,,,,,1/26,,,,,,,,,,,,,,,,,,,,,,,,,,,,,,,,,,,,,,,,,,,,,,,,,,,,,,,,,,,,,,,,,,,,,,,,,,,,,2,,,,,
"praha, lysolajské údolí 444, os lysolaje, česká republika","Praha, Lysolajské údolí 444, OS Lysolaje, Česká republika",,2027-03-24,324,Více než 60 dnů,zelená,2027-03-24 (plánovaná),,,čeká na přesné geokódování,"Kalendář FZ - 12 měsíců, 2023.xlsx",406,2025,ano,,,Praha,"ASTIP STRONG 35kVA/7,5kVA/3F -10 minut",,,,,24/27,,,,,,,,,,,,,,,,,,,,,,,,,,,,,,,,,,,,,,,,,,,,,,,,,,,,,,,,,,,,,,,,,,,,,,,,,,,,,,,,,,,,1,Valda údržba 775 887 523,"Praha, Lysolajské údolí 444, OS Lysolaje",,,
"praha, lyčkovo náměstí 6, zš a mš, česká republika","Praha, Lyčkovo náměstí 6, ZŠ a MŠ, Česká republika",2025-12-10,2026-06-10,37,30–60 dnů,žlutá,2025-12-10 (proběhlá); 2026-06-10 (plánovaná),,,čeká na přesné geokódování,Kalendář FZ - 6 měsíců.xlsx,259,"2016, 2022",,,Kočí 725 549 625,Praha,Schrack 7500/3F/10 minut,"Praha, Lyčkovo náměstí 6, ZŠ a MŠ",,,,,,,10/26,,,,,,10/25,,,,,,,,,,,,,,,,,,,,,,,,,,,,,,,,,,,,,,,,,,,,,,,,,,,,,,,,,,,,,,,,,,,,,,,,,,,2,,,,,
"praha, madridská 24, bd, česká republika","Praha, Madridská 24, BD, Česká republika",2024-11-15,2024-11-15,-535,Po termínu,červená,2024-11-15 (plánovaná),,,čeká na přesné geokódování,"Kalendář FZ - 12 měsíců, 2023.xlsx",407,2022,,,,Praha,ASTIP STRONG 2000VA/1F-10 minut,,,,,,,,,,,,,15/24,,,,,,,,,,,,,,,,,,,,,,,,,,,,,,,,,,,,,,,,,,,,,,,,,,,,,,,,,,,,,,,,,,,,,,,,,,,,1,Říhová 775 234 911,"Praha, Madridská 24, BD",,,
"praha, makovského 1349/2a, oc řepy, česká republika","Praha, Makovského 1349/2a, OC Řepy, Česká republika",2024-11-27,2024-11-27,-523,Po termínu,červená,2024-11-27 (plánovaná),,,čeká na přesné geokódování,"Kalendář FZ - 12 měsíců, 2023.xlsx",408,bez,,,,Praha,RPO ,,,,,,,,,,,,,27/24,,,,,,,,,,,,,,,,,,,,,,,,,,,,,,,,,,,,,,,,,,,,,,,,,,,,,,,,,,,,,,,,,,,,,,,,,,,,1,Corradini 724 230 992,"Praha, Makovského 1349/2a, OC Řepy",,,
"praha, maltézské náměstí 14, konzervatoř j. deyla, česká republika","Praha, Maltézské náměstí 14, konzervatoř J. Deyla, Česká republika",2026-02-19,2026-08-19,107,Více než 60 dnů,zelená,2026-02-19 (proběhlá); 2026-08-19 (plánovaná),,,čeká na přesné geokódování,Kalendář FZ - 6 měsíců.xlsx,261,2017,,,Kefurt 777 833 090,Praha,PS 15 000/3f-45 minut,"Praha, Maltézské náměstí 14, konzervatoř J. Deyla",,,19/26,,,,,,19/26,,,,,,,7200,,,,,,,,,,,,,,,,,,,,,,,,,,,,,,,,,,,,,,,,,,,,,,,,,,,,,,,,,,,,,,,,,,,,,,,,2,,,,,
"praha, maltézské náměstí 8, bd s ubytovnou, česká republika","Praha, Maltézské náměstí 8, BD s ubytovnou, Česká republika",2025-12-11,2026-06-11,38,30–60 dnů,žlutá,2025-12-11 (proběhlá); 2026-06-11 (plánovaná),,,čeká na přesné geokódování,Kalendář FZ - 6 měsíců.xlsx,262,2021,ano,ano,"Jindřich Brém| provozní manažer|
Tel: 603 226 092",Praha,PS 10kVA/3F-45 minut,"Praha, Maltézské náměstí 8, BD s ubytovnou",,,,,,,11/26,,,,,,11/25,,hlídáme sami,,,,,,,,,,,,,,,,,,,,,,,,,,,,,,,,,,,,,,,,,,,,,,,,,,,,,,,,,,,,,,,,,,,,,,,,,2,,,,,
"praha, mantovská 734, česká republika","Praha, Mantovská 734, Česká republika",,,,Bez termínu,šedá,,,,čeká na přesné geokódování,"Kalendář FZ - 12 měsíců, 2023.xlsx",411,2015,,,,Praha,2x 25kVA/3f-60 min/2x 15kVA/3f-60 min,,,,,,,,,,,5,9,,,,UKRADENO UPS.CZ,,,,,,,,,,,,,,,,,,,,,,,,,,,,,,,,,,,,,,,,,,,,,,,,,,,,,,,,,,,,,,,,,,,,,,,,,0,Vejsadová 777 737 917,"Praha, Mantovská 734",,,
"praha, mantovská 780, 2, česká republika","Praha, Mantovská 780, 2, Česká republika",2025-11-13,2026-05-13,9,7–30 dnů,oranžová,2025-11-13 (proběhlá); 2026-05-13 (plánovaná),,,čeká na přesné geokódování,Kalendář FZ - 6 měsíců.xlsx,263,2019,,,Polák 725 303 373,Praha,"Astip PS LiftBack 30 000/3f-30,45 minut","Praha, Mantovská 780,2",,,,,,13/26,,,,,,13/25,,,,,,,,,,,,,,,,,,,,,,,,,,,,,,,,,,,,,,,,,,,,,,,,,,,,,,,,,,,,,,,,,,,,,,,,,,,,2,,,,,
"praha, masná 13, šj, česká republika","Praha, Masná 13, ŠJ, Česká republika",2026-03-24,2026-09-24,143,Více než 60 dnů,zelená,2026-03-24 (proběhlá); 2026-09-24 (plánovaná),,,čeká na přesné geokódování,Kalendář FZ - 6 měsíců.xlsx,264,2025,,,Karlíková 774 412 641,Praha,ASTIP STRONG 2kVA/3F-10 minut,"Praha, Masná 13, ŠJ",,,,24/26,,,,,,24/26,,,,,,,,,,,,,,,,,,,,,,,,,,,,,,,,,,,,,,,,,,,,,,,,,,,,,,,,,,,,,,,,,,,,,,,,,,,,,,2,,,,,
"praha, menclova 2493, 2494, smrčkova 2495, česká republika","Praha, Menclova 2493, 2494, Smrčkova 2495, Česká republika",2026-03-06,2026-03-06,-59,Po termínu,červená,2026-03-06 (plánovaná),,,čeká na přesné geokódování,"Kalendář FZ - 12 měsíců, 2023.xlsx",413,2018,,,,Praha,3x STRONG 20 000/3f,,,,,"6/26 -2493, 20/26 2494, 2495",,,,,,,,,,,,,,,,,,,,,,,,,,,,,,,,,,,,,,,,,,,,,,,,,,,,,,,,,,,,,,,,,,,,,,,,,,,,,,,,,,,,1,Zdeněk Gregar - 777 327 401,"Praha, Menclova 2493, 2494, Smrčkova 2495",,,
"praha, mezi vodami 2349/45, česká republika","Praha, Mezi vodami 2349/45, Česká republika",,2026-09-18,137,Více než 60 dnů,zelená,2026-09-18 (plánovaná),,,čeká na přesné geokódování,"Kalendář FZ - 12 měsíců, 2023.xlsx",414,2020,,,,Praha,ASTIP PS 150kVA/3F-45 minut,,,,,,,,,,,18/26,,,,,02/2022 BD Modřany - musí se tam vyměnit baterky za lifepa,,,,,,,,,,,,,,,,,,,,,,,,,,,,,,,,,,,,,,,,,,,,,,,,,,,,,,,,,,,,,,,,,,,,,,,,,1,Eport Kafka ,"Praha, Mezi vodami 2349/45",,,
"praha, miličova 29, hotel zvěřina, česká republika","Praha, Miličova 29, hotel Zvěřina, Česká republika",2026-01-08,2026-07-08,65,Více než 60 dnů,zelená,2026-01-08 (proběhlá); 2026-07-08 (plánovaná),,,čeká na přesné geokódování,Kalendář FZ - 6 měsíců.xlsx,265,2022,,,Kutlak 777 949 667,Praha,"ASTIP STRONG 150kVA/20kVA/3F-45,60 minut","Praha, Miličova 29, hotel Zvěřina",,8/26,,,,,,8/26,,,,,,,,,,,,,,,,,,,,,,,,,,,,,,,,,,,,,,,,,,,,,,,,,,,,,,,,,,,,,,,,,,,,,,,,,,,,,,,,2,,,,,
"praha, miroslava hajna 759/3, česká republika","Praha, Miroslava Hajna 759/3, Česká republika",2021-05-14,,,Bez termínu,šedá,2021-05-14 (nezjištěno),,,čeká na přesné geokódování,"Kalendář FZ - 12 měsíců, 2023.xlsx",415,2013,,,,Praha,ASTIP PS 150/1F -24 hodin,,,,,,,14/21,,,,,,,,,14.5.2021 stop stav,,,,,,,,,,,,,,,,,,,,,,,,,,,,,,,,,,,,,,,,,,,,,,,,,,,,,,,,,,,,,,,,,,,,,,,,,1,Pavel Manich 776 767 767,"Praha, Miroslava Hajna 759/3",,,
"praha, modenská 697/6, česká republika","Praha, Modenská 697/6, Česká republika",2021-04-01,,,Bez termínu,šedá,2021-04-01 (nezjištěno),,,čeká na přesné geokódování,"Kalendář FZ - 12 měsíců, 2023.xlsx",416,2014,,,,Praha,"PS 20kVA/3F-45 minut, 12 kVA/3F-1H",,,,,,1/21,,,,,,,,,,"3.3.2025 -znovu a mají tam jiná zařízení, 26.6.2024 - poslán dotaz na kučeru …...1.4.2021 -STOP STAV, na revizi jsme před tím nikdy nebyli…",,,,,,,,,,,,,,,,,,,,,,,,,,,,,,,,,,,,,,,,,,,,,,,,,,,,,,,,,,,,,,,,,,,,,,,,,1,kucera@optimcare.cz,"Praha, Modenská 697/6",,,
"praha, modenská clasifica, česká republika","Praha, Modenská Clasifica, Česká republika",2020-04-02,2020-10-02,-2040,Po termínu,červená,2020-04-02 (proběhlá); 2020-10-02 (plánovaná),,,čeká na přesné geokódování,Kalendář FZ - 6 měsíců.xlsx,266,2015,,,,Praha,PS 40kVA/3f a 25kVA/3f,"Praha, Modenská Clasifica",,,,,2/20,,,,,,2/20,,,,,,,,,,,,,,,,,,,,,,,,,,,,,,,,,,,,,,,,,,,,,,,,,,,,,,,,,,,,,,,,,,,,,,,,,,,,,2,,,,,
"praha, modrého 1104/1, česká republika","Praha, Modrého 1104/1, Česká republika",,2026-05-27,23,7–30 dnů,oranžová,2026-05-27 (plánovaná),,,čeká na přesné geokódování,"Kalendář FZ - 12 měsíců, 2023.xlsx",417,"2015, nově 2024",,,,Praha,  PS 15kVA/3f-45 minut,,,,,,,27/26,,,,,,,,,"2024 -nový pajšl, nové výroní číslo…",,,,,,,,,,,,,,,,,,,,,,,,,,,,,,,,,,,,,,,,,,,,,,,,,,,,,,,,,,,,,,,,,,,,,,,,,1,Zdeňka Míková - 777 757 237,"Praha, Modrého 1104/1",,,
"praha, mozartova 14, česká republika","Praha, Mozartova 14, Česká republika",,2027-01-28,269,Více než 60 dnů,zelená,2027-01-28 (plánovaná),,,čeká na přesné geokódování,"Kalendář FZ - 12 měsíců, 2023.xlsx",418,2017,,,,Praha,PS 20kVA/3F-45minut,,,28/27,,,,,,,,,,,,,,,,,,,,,,,,,,,,,,,,,,,,,,,,,,,,,,,,,,,,,,,,,,,,,,,,,,,,,,,,,,,,,,,,,,,,,,1,Gálová - 602 561 617,"Praha, Mozartova 14",,7200,
"praha, musílkova 4, česká republika","Praha, Musílkova 4, Česká republika",2026-04-29,2026-04-29,-5,Po termínu,červená,2026-04-29 (plánovaná),,,čeká na přesné geokódování,"Kalendář FZ - 12 měsíců, 2023.xlsx",419,2019,ano,,,Praha,STRONG 2000/1F -30 minut,,,,,,29/26,,,,,,,,,,,,,,,,,,,,,,,,,,,,,,,,,,,,,,,,,,,,,,,,,,,,,,,,,,,,,,,,,,,,,,,,,,,,,,,,,,,1,Šára 775 258 432,"Praha, Musílkova 4",,,
"praha, mužíkova 1759, závišova 1760, rezidence nuselský pivovar, česká republika","Praha, Mužíkova 1759, Závišova 1760, rezidence Nuselský pivovar, Česká republika",,2026-07-03,60,Více než 60 dnů,zelená,2026-07-03 (plánovaná),,,čeká na přesné geokódování,"Kalendář FZ - 12 měsíců, 2023.xlsx",335,2024,,,,Praha,2 x ASTIP STRONG 30kVA/3F-45 minut,,,,,,,,,3/26,,,,,,,,,,,,,,,,,,,,,,,,,,,,,,,,,,,,,,,,,,,,,,,,,,,,,,,,,,,,,,,,,,,,,,,,,,,,,,,,1,Kočí správce 778 701 061,"Praha, Mužíkova 1759, Závišova 1760, rezidence Nuselský pivovar",,,
"praha, máslova 2, dejvice, česká republika","Praha, Máslova 2, Dejvice, Česká republika",,2027-03-19,319,Více než 60 dnů,zelená,2027-03-19 (plánovaná),,,čeká na přesné geokódování,"Kalendář FZ - 12 měsíců, 2023.xlsx",412,2018,ano,,,Praha,STRONG 15 000/3f -45 minut,,,,,19/27,,,,,,,,,,,,,,,,,,,,,,,,,,,,,,,,,,,,,,,,,,,,,,,,,,,,,,,,,,,,,,,,,,,,,,,,,,,,,,,,,,,,1, Vašák - 725 557 572,"Praha, Máslova 2, Dejvice",,,
"praha, na bělidle 23, česká republika","Praha, Na Bělidle 23, Česká republika",2025-05-15,2025-05-15,-354,Po termínu,červená,2025-05-15 (plánovaná),,,čeká na přesné geokódování,"Kalendář FZ - 12 měsíců, 2023.xlsx",420,2018,ano,ano,,Praha,ASTIP PS 50kVA/3f-45 minut,,,,,,,15/25,,,,,,,,,,,,,,,,,,,,,,,,,,,,,,,,,,,,,,,,,,,,,,,,,,,,,,,,,,,,,,,,,,,,,,,,,,,,,,,,,,1,Mareš - spravce@idomecky.cz ,"Praha, Na Bělidle 23",,,
"praha, na chvalské tvrzi, česká republika","Praha, Na Chvalské tvrzi, Česká republika",2025-11-06,2026-05-06,2,Méně než 7 dnů,červená,2025-11-06 (proběhlá); 2026-05-06 (plánovaná),,,čeká na přesné geokódování,Kalendář FZ - 6 měsíců.xlsx,268,2019,ano,ano,Kamil Tatar 702 096 609,Praha,ASTIP PS 40kVA/3F -15 minut,"Praha, Na Chvalské tvrzi",,,,,,6/26,,,,,,6/25,,,hlídat sami kontroly,,,,,,,,,,,,,,,,,,,,,,,,,,,,,,,,,,,,,,,,,,,,,,,,,,,,,,,,,,,,,,,,,,,,,,,,,2,,,,,
"praha, na dolinách 24, česká republika","Praha, Na Dolinách 24, Česká republika",2025-07-31,2025-01-31,-458,Po termínu,červená,2025-01-31 (plánovaná); 2025-07-31 (proběhlá),,,čeká na přesné geokódování,"Kalendář FZ - 12 měsíců, 2023.xlsx",421,2015,,,,Praha,PS 1500/3F -30 minut,,,31/25,,,,,,31/25,,,,,,,,,,,,,,,,,,,,,,,,,,,,,,,,,,,,,,,,,,,,,,,,,,,,,,,,,,,,,,,,,,,,,,,,,,,,,,,,2,Němec 724 986 792,"Praha, Na Dolinách 24",,,
"praha, na hřebenkách 122, česká republika","Praha, Na Hřebenkách 122, Česká republika",2026-02-19,2026-08-19,107,Více než 60 dnů,zelená,2026-02-19 (proběhlá); 2026-08-19 (plánovaná),,,čeká na přesné geokódování,Kalendář FZ - 6 měsíců.xlsx,267,2017,,,"Matejíček - 770 100 237, Jirků 778 880 562",Praha,Strong 7500/3f - 60 minut,"Praha, Na Hřebenkách 122",,,19/26,,,,,,19/26,,,,,,,,,,,,,,,,,,,,,,,,,,,,,,,,,,,,,,,,,,,,,,,,,,,,,,,,,,,,,,,,,,,,,,,,,,,,,,,2,,,,,
"praha, na korábě 3, česká republika","Praha, Na Korábě 3, Česká republika",,2027-01-28,269,Více než 60 dnů,zelená,2027-01-28 (plánovaná),,,čeká na přesné geokódování,"Kalendář FZ - 12 měsíců, 2023.xlsx",422,2016,,,,Praha,PS 10kVA/3f-45 minut,,,28/27,,,,,,,,,,,,,doplnit plán rozvadeče!!,,,,,,,,,,,,,,,,,,,,,,,,,,,,,,,,,,,,,,,,,,,,,,,,,,,,,,,,,,,,,,,,,,,,,,,,,1,Jiviš - 266 310 266,"Praha, Na Korábě 3",,,
"praha, na křivce 37, česká republika","Praha, Na Křivce 37, Česká republika",,,,Bez termínu,šedá,,,,čeká na přesné geokódování,"Kalendář FZ - 12 měsíců, 2023.xlsx",423,2016,ano,,,Praha,PS 30kVA/3F-45minut,,,,,,,,,,,,9,,,,UPS.CZ nám ukradlo zdroj,,,,,,,,,,,,,,,,,,,,,,,,,,,,,,,,,,,,,,,,,,,,,,,,,,,,,,,,,,,,,,,,,,,,,,,,,0,Kučera - 778 743 147,"Praha, Na Křivce 37",,19500,
"praha, na křtině 631/1, česká republika","Praha, Na Křtině 631/1, Česká republika",2025-10-24,2025-10-24,-192,Po termínu,červená,2025-10-24 (plánovaná),,,čeká na přesné geokódování,"Kalendář FZ - 12 měsíců, 2023.xlsx",424,2019,,,,Praha,ASTIP PS 30kVA/3F -30 minut + RPO,,,,,,,,,,,,24/25,,,,,,,,,,,,,,,,,,,,,,,,,,,,,,,,,,,,,,,,,,,,,,,,,,,,,,,,,,,,,,,,,,,,,,,,,,,,,1,Vít Kozohorský 737 291 959,"Praha, Na Křtině 631/1",,,
"praha, na pomezí 24, 26, 28, 30, česká republika","Praha, Na Pomezí 24, 26, 28, 30, Česká republika",2026-03-20,2026-05-15,11,7–30 dnů,oranžová,2024-04-27 (plánovaná); 2026-03-20 (plánovaná); 2026-05-15 (plánovaná),,,čeká na přesné geokódování,"Kalendář FZ - 12 měsíců, 2023.xlsx",425,2020,,,,Praha,4 x STRONG 3kVA/1F -10 minut,,,,,20/26-N1-N3,27/24-N4,15/26-24,,,,,,,,,,,,,,,,,,,,,,,,,,,,,,,,,,,,,,,,,,,,,,,,,,,,,,,,,,,,,,,,,,,,,,,,,,,,,,,,,,3,Majtán 724 576 161,"Praha, Na Pomezí 24,26,28,30",,,
"praha, na poříčí, mb 48, opletal, česká republika","Praha, Na Poříčí, MB 48, Opletal, Česká republika",,2026-08-19,107,Více než 60 dnů,zelená,2026-08-19 (plánovaná),,,čeká na přesné geokódování,"Kalendář FZ - 12 měsíců, 2023.xlsx",409,2024,ano,ano,,Praha,ASTIP STRONG 150kVA/3F-dojezd,,,,,,,,,,19/26,,,,,,,,,,,,,,,,,,,,,,,,,,,,,,,,,,,,,,,,,,,,,,,,,,,,,,,,,,,,,,,,,,,,,,,,,,,,,,,1,Opletal 777 168 685,"Praha, Na Poříčí, MB 48 - Opletal",,,
"praha, na příkopě 23, 25, 27, 100 yards, česká republika","Praha, Na Příkopě 23, 25, 27, 100 YARDS, Česká republika",,2026-05-15,11,7–30 dnů,oranžová,2026-05-15 (plánovaná),,,čeká na přesné geokódování,"Kalendář FZ - 12 měsíců, 2023.xlsx",426,2024,ano,,,Praha,"ASTIP STRONG Liftback 75kVA/3F -15,45 minut",,,,,,,15/26,,,,,,,,,,,,,,,,,,,,,,,,,,,,,,,,,,,,,,,,,,,,,,,,,,,,,,,,,,,,,,,,,,,,,,,,,,,,,,,,,,1,Petr Černý 737 254 953,"Praha, Na Příkopě 23, 25, 27 - 100 YARDS",,,
"praha, na vackově -os vackov, česká republika","Praha, Na Vackově -OS Vackov, Česká republika",,2026-05-27,23,7–30 dnů,oranžová,2026-09-15 (plánovaná) | 2026-05-27 (plánovaná),,,čeká na přesné geokódování,"Kalendář FZ - 12 měsíců, 2023.xlsx",427 | 428 | 429,2020,ano,ano,,Praha,A1 - ASTIP STRONG Liftback 100 kVA/3F-60 minut + RPO,,,,,,,"27/26-2914,2916",,,,15/26,,,,,Olgy Havlové,,,,,,,,,,,,,,,,,,,,,,,,,,,,,,,,,,,,,,,,,,,,,,,,,,,,,,,,,,,,,,,,,,,,,,,,,3,"Chocholatý 606 037 128, Metrostav","Praha, Na Vackově -OS Vackov",,,
"praha, nad akcízem 1006, 1011, česká republika","Praha, Nad Akcízem 1006, 1011, Česká republika",,,,Bez termínu,šedá,,,,čeká na přesné geokódování,"Kalendář FZ - 12 měsíců, 2023.xlsx",430,"2011, 2012",,,,Praha,"PS 1500/1f-15 min, PS 3000/1f",,,,6,,,,,,,,,,,,,,Sluen,,,,,,,,,,,,,,,,,,,,,,,,,,,,,,,,,,,,,,,,,,,,,,,,,,,,,,,,,,,,,,,,,,,,,,,0,"Sluen, Rulf, 777 737 910","Praha, Nad Akcízem 1006,1011",,,
"praha, nad kazankou 19, česká republika","Praha, Nad Kazankou 19, Česká republika",,2026-08-25,113,Více než 60 dnů,zelená,2026-08-25 (plánovaná),,,čeká na přesné geokódování,"Kalendář FZ - 12 měsíců, 2023.xlsx",431,2016,,ano,,Praha,ASTIP PS 3000/3f-15 minut,,,,,,,,,,25/26,,,,,,,,,,,,,,,,,,,,,,,,,,,,,,,,,,,,,,,,,,,,,,,,,,,,,,,,,,,,,,,,,,,,,,,,,,,,,,,1,737207242  Margina,"Praha, Nad Kazankou 19",,,
"praha, nad kazankou 71/41, česká republika","Praha, Nad Kazankou 71/41, Česká republika",2025-07-22,2025-07-22,-286,Po termínu,červená,2023-11-16 (plánovaná); 2025-07-22 (plánovaná),,,čeká na přesné geokódování,"Kalendář FZ - 12 měsíců, 2023.xlsx",432,2019,,,,Praha,RPO + ASTIP STRONG 1000/1F-60 minut,,,,,,,,,22/25-1kva ,,,,16/23 RPO,,,,,,,,,,,,,,,,,,,,,,,,,,,,,,,,,,,,,,,,,,,,,,,,,,,,,,,,,,,,,,,,,,,,,,,,,,,,2,"Bess Building, pan Novotný 604296461","Praha, Nad Kazankou 71/41",,,
"praha, nad přehradou 765, česká republika","Praha, Nad Přehradou 765, Česká republika",,2026-10-07,156,Více než 60 dnů,zelená,2026-10-07 (plánovaná),,,čeká na přesné geokódování,"Kalendář FZ - 12 měsíců, 2023.xlsx",433,2017,,,,Praha,ASTIP PS 5000/3f-45 minut,,,,,,,,,,,,7/26,,,,,,,,,,,,,,,,,,,,,,,,,,,,,,,,,,,,,,,,,,,,,,,,,,,,,,,,,,,,,,,,,,,,,,,,,,,,,1,Prokešová 703 677 526,"Praha, Nad Přehradou 765",,,
"praha, nad ryšánkou, česká republika","Praha, Nad Ryšánkou, Česká republika",,,,Bez termínu,šedá,,,,čeká na přesné geokódování,"Kalendář FZ - 12 měsíců, 2023.xlsx",434,2014,,,,Praha,"PS 3kVA/3f, Strong 2kVA/3f-",,,,,,,,,,,,24,,,,,,,,,,,,,,,,,,,,,,,,,,,,,,,,,,,,,,,,,,,,,,,,,,,,,,,,,,,,,,,,,,,,,,,,,,,,,0,"D.Maxa 606736118, J.Maxa 777321725,dm@atcservisni.cz","Praha, Nad Ryšánkou",,,
"praha, nad třebešínem, senior komplex, česká republika","Praha, Nad Třebešínem, Senior Komplex, Česká republika",2026-02-26,2026-08-26,114,Více než 60 dnů,zelená,2026-02-26 (proběhlá); 2026-08-26 (plánovaná),,,čeká na přesné geokódování,Kalendář FZ - 6 měsíců.xlsx,269,2017,ano,,Krychfaluschiy 608 081 327,Praha,STRONG 75 000/3f-45 minut + RPO,"Praha, Nad Třebešínem, Senior Komplex",,,26/26,,,,,,26/26,,,,,,,,,,,,,,,,,,,,,,,,,,,,,,,,,,,,,,,,,,,,,,,,,,,,,,,,,,,,,,,,,,,,,,,,,,,,,,,2,,,,,
"praha, nekvasilova 31, kindergarten, česká republika","Praha, Nekvasilova 31, Kindergarten, Česká republika",2026-01-15,2026-07-15,72,Více než 60 dnů,zelená,2026-01-15 (proběhlá); 2026-07-15 (plánovaná),,,čeká na přesné geokódování,Kalendář FZ - 6 měsíců.xlsx,272,2018,,,Kozlerová 731 429 126,Praha,3 x ASTIP PS 30 000/3f-45 minut + RPO,"Praha, Nekvasilova 31, Kindergarten",,15/26,,,,,,15/26,,,,,,,,,,,,,,,,,,,,,,,,,,,,,,,,,,,,,,,,,,,,,,,,,,,,,,,,,,,,,,,,,,,,,,,,,,,,,,,,2,,,,,
"praha, nikolajka a, 3325, česká republika","Praha, Nikolajka A, 3325, Česká republika",,2026-12-17,227,Více než 60 dnů,zelená,2026-12-17 (plánovaná),,,čeká na přesné geokódování,"Kalendář FZ - 12 měsíců, 2023.xlsx",439,"2024, 2015",,,,Praha,"Nikolajka A -3325 (ASTIP PS 20kVA/3f-45 minut,Astip PS 3000/1f-35 minut)",,,,,,,,,,,,,,17/26,,,,,,,,,,,,,,,,,,,,,,,,,,,,,,,,,,,,,,,,,,,,,,,,,,,,,,,,,,,,,,,,,,,,,,,,,,,1,Jiviš,"Praha, Nikolajka A, 3325",,,
"praha, nikolajka b, 3326, česká republika","Praha, Nikolajka B, 3326, Česká republika",,2026-12-17,227,Více než 60 dnů,zelená,2026-12-17 (plánovaná),,,čeká na přesné geokódování,"Kalendář FZ - 12 měsíců, 2023.xlsx",440,2015,,,,Praha,"Nikolajka B -3326,  15kVA/3f-45 min,  PS 7 500/3F - 35 min",,,,,,,,,,,,,,17/26,,1.10.2021 -15kVA - STOP STAV,,,,,,,,,,,,,,,,,,,,,,,,,,,,,,,,,,,,,,,,,,,,,,,,,,,,,,,,,,,,,,,,,,,,,,,,,1,PPM - Mareš,"Praha, Nikolajka B, 3326",,,
"praha, novodvorská 10, bd, česká republika","Praha, Novodvorská 10, BD, Česká republika",2023-10-06,2023-10-06,-941,Po termínu,červená,2023-10-06 (plánovaná),,,čeká na přesné geokódování,"Kalendář FZ - 12 měsíců, 2023.xlsx",442,2021,,,,Praha,"ASTIP STRONG 75kVA/3F-9,45,60 minut",,,,,,,,,,,,6/23,,,,"revize za 10 500 Kč bez DPH, první yla za 1 Kč,kkvůli problémům s námi…",,,,,,,,,,,,,,,,,,,,,,,,,,,,,,,,,,,,,,,,,,,,,,,,,,,,,,,,,,,,,,,,,,,,,,,,,1,Odeh 732 652 221,"Praha, Novodvorská 10, BD",,,
"praha, novodvorská 153, ubytovna, česká republika","Praha, Novodvorská 153, ubytovna, Česká republika",,2026-12-02,212,Více než 60 dnů,zelená,2026-12-02 (plánovaná),,,čeká na přesné geokódování,"Kalendář FZ - 12 měsíců, 2023.xlsx",444,2024,,,,Praha,2 x ASTIP PS 20kVA/3F-60 minut,,,,,,,,,,,,,,2/26,,,,,,,,,,,,,,,,,,,,,,,,,,,,,,,,,,,,,,,,,,,,,,,,,,,,,,,,,,,,,,,,,,,,,,,,,,,1,Vokáč 737 704 801,"Praha, Novodvorská 153, ubytovna",,,
"praha, novodvorská a zbudovská, zelená libuš, česká republika","Praha, Novodvorská a Zbudovská, ZELENÁ LIBUŠ, Česká republika",,2026-07-03,60,Více než 60 dnů,zelená,2026-07-03 (plánovaná),,,čeká na přesné geokódování,"Kalendář FZ - 12 měsíců, 2023.xlsx",443,2019,ano,,,Praha,"ASTIP STRONG 30kVA/3F-3 min, ASTIP STRONG 10 kVA/3F-60 minut",,,,,,,,,3/26-1x stop stav 25,,,,,,,,,,,,,,,,,,,,,,,,,,,,,,,,,,,,,,,,,,,,,,,,,,,,,,,,,,,,,,,,,,,,,,,,,,,,,,,,1,pan Marek 601 363 313,"Praha, Novodvorská a Zbudovská, ZELENÁ LIBUŠ",,,
"praha, novovysočanská 8, dps, česká republika","Praha, Novovysočanská 8, DPS, Česká republika",2026-01-28,2026-07-28,85,Více než 60 dnů,zelená,2026-01-28 (proběhlá); 2026-07-28 (plánovaná),,,čeká na přesné geokódování,Kalendář FZ - 6 měsíců.xlsx,273,"2019, 2020",ano,ano,"Pavel Šafrata, 778 767 709",Praha,2 x PS 15 kVA/3F -45 minut,"Praha, Novovysočanská 8, DPS",,28/26 1 x STOP STAV,,,,,,28/26,,,,,,,,,,,,,,,,,,,,,,,,,,,,,,,,,,,,,,,,,,,,,,,,,,,,,,,,,,,,,,,,,,,,,,,,,,,,,,,,2,,,,,
"praha, nová kolonie 1450/2, česká republika","Praha, Nová Kolonie 1450/2, Česká republika",,2026-09-18,137,Více než 60 dnů,zelená,2026-09-18 (plánovaná),,,čeká na přesné geokódování,"Kalendář FZ - 12 měsíců, 2023.xlsx",441,2015,ano,,,Praha,STRONG 3000/3f - 30min.,,,,,,,,,,,18/26,,,,,,,,,,,,,,,,,,,,,,,,,,,,,,,,,,,,,,,,,,,,,,,,,,,,,,,,,,,,,,,,,,,,,,,,,,,,,,1,,"Praha, Nová Kolonie 1450/2",,,
"praha, nuselská, česká republika","Praha, Nuselská, Česká republika",2022-06-23,2022-06-23,-1411,Po termínu,červená,2022-06-23 (plánovaná),,,čeká na přesné geokódování,"Kalendář FZ - 12 měsíců, 2023.xlsx",445,2015,ano,,,Praha,  PS 40kVA/3f-45 minut,,,,,,,,23/22,,,,,,,,,,,,,,,,,,,,,,,,,,,,,,,,,,,,,,,,,,,,,,,,,,,,,,,,,,,,,,,,,,,,,,,,,,,,,,,,,1,pan Hejda - 723 011 488,"Praha, Nuselská",,,
"praha, nwt, horní měcholupy, česká republika","Praha, NWT, Horní Měcholupy, Česká republika",,,,Bez termínu,šedá,,,,čeká na přesné geokódování,"Kalendář FZ - 12 měsíců, 2023.xlsx",446,2014,,,,Praha,  PS 4000/3f-45 minut,,,8,????,,,,,,,,,,,,,,,,,,,,,,,,,,,,,,,,,,,,,,,,,,,,,,,,,,,,,,,,,,,,,,,,,,,,,,,,,,,,,,,,,,,,,0,,"Praha, NWT,Horní Měcholupy",,,
"praha, náchodská 2 458, v -podlahy, česká republika","Praha, Náchodská 2 458, V -podlahy, Česká republika",,2027-01-21,262,Více než 60 dnů,zelená,2027-01-21 (plánovaná),,,čeká na přesné geokódování,"Kalendář FZ - 12 měsíců, 2023.xlsx",437,2019,ano,,,Praha,STRONG 20 000/3F -30 minut,,,21/27,,,,,,,,,,,,,serviska na 5 let -10 800 Kč,,,,,,,,,,,,,,,,,,,,,,,,,,,,,,,,,,,,,,,,,,,,,,,,,,,,,,,,,,,,,,,,,,,,,,,,,1,Havrlant 602 270 397,"Praha, Náchodská 2 458, V -podlahy",,,
"praha, nádražní 2584-2, zlatý lihovar, česká republika","Praha, Nádražní 2584-2, Zlatý Lihovar, Česká republika",,2026-05-15,11,7–30 dnů,oranžová,2026-05-15 (plánovaná),,,čeká na přesné geokódování,"Kalendář FZ - 12 měsíců, 2023.xlsx",436,2023,,,,Praha,ASTIP STRONG 150kVA/3F -45 minut,,,,,,,15/26,,,,,,,,,,,,,,,,,,,,,,,,,,,,,,,,,,,,,,,,,,,,,,,,,,,,,,,,,,,,,,,,,,,,,,,,,,,,,,,,,,1,"Vladimír Kubát
mob.: 602 346 704","Praha, Nádražní 2584-2, Zlatý Lihovar",,,
"praha, nádražní, česká republika","Praha, Nádražní, Česká republika",2024-06-20,,,Bez termínu,šedá,2024-06-20 (nezjištěno),,,čeká na přesné geokódování,"Kalendář FZ - 12 měsíců, 2023.xlsx",435,2015,,,,Praha,  PS 1500/3f-45 minut,,,,,,,,20/24,,,,,,,,"konec, zdroje už tam nejsou",,,,,,,,,,,,,,,,,,,,,,,,,,,,,,,,,,,,,,,,,,,,,,,,,,,,,,,,,,,,,,,,,,,,,,,,,1,Čepela - 777 800 262,"Praha, Nádražní",,,
"praha, nám. kinských 602, česká republika","Praha, nám. Kinských 602, Česká republika",2026-01-08,2026-07-08,65,Více než 60 dnů,zelená,2026-01-08 (proběhlá); 2026-07-08 (plánovaná),,,čeká na přesné geokódování,Kalendář FZ - 6 měsíců.xlsx,270,"2018, 2024",,,"Eva Huterová
+420 723 29 29 22
Kinských 602 s.r.o.",Praha,PS LiftBack 20 000/3f - 45 min.,"Praha, nám. Kinských 602",,8/26,,,,,,8/26,,,,,,,,,,,,,,,,,,,,,,,,,,,,,,,,,,,,,,,,,,,,,,,,,,,,,,,,,,,,,,,,,,,,,,,,,,,,,,,,2,,,,,
"praha, náměstí míru 342, česká republika","Praha, Náměstí Míru 342, Česká republika",,,,Bez termínu,šedá,,,,čeká na přesné geokódování,Kalendář FZ - 6 měsíců.xlsx,271,2017,,,Gilnerová -     724 104 154,Praha,PS 10kVA/3F - 45minut,"Praha, Náměstí Míru 342",,,,,,,,,,,,,,,,5800,,,,,,,,,,,,,,,,,,,,,,,,,,,,,,,,,,,,,,,,,,,,,,,,,,,,,,,,,,,,,,,,,,,,,,,,0,,,,,
"praha, oc maja, albert 578, veronské náměstí 403, česká republika","Praha, OC Maja, Albert 578, Veronské náměstí 403, Česká republika",2024-02-29,,,Bez termínu,šedá,2024-02-29 (nezjištěno),,,čeká na přesné geokódování,Kalendář FZ - 6 měsíců.xlsx,274,2018,,,"p Studnik - 733 759 479, Obruča 724 086 145",Praha,PS 250 000/3F-30 minut,"Praha, OC Maja - Albert 578, Veronské náměstí 403",,,29/24,,,,,,,,,,,,2024-měnili si sami baterky od nás budou chtít nabíječky,18200,,,,,,,,,,,,,,,,,,,,,,,,,,,,,,,,,,,,,,,,,,,,,,,,,,,,,,,,,,,,,,,,,,,,,,,,1,,,,,
"praha, odkolkova 1045/2 + 1046/1, česká republika","Praha, Odkolkova 1045/2 + 1046/1, Česká republika",2026-02-26,2026-09-04,123,Více než 60 dnů,zelená,2026-02-26 (plánovaná); 2026-09-04 (plánovaná),,,čeká na přesné geokódování,"Kalendář FZ - 12 měsíců, 2023.xlsx",447,2023,,,,Praha,"STRONG 10kVA/3F-45 min, 10kVA/3F-45 min.",,,,26/26-1046/1,,,,,,,4/26,,,,,,,,,,,,,,,,,,,,,,,,,,,,,,,,,,,,,,,,,,,,,,,,,,,,,,,,,,,,,,,,,,,,,,,,,,,,,,2,Krkonoška 737 310 001,"Praha, Odkolkova 1045/2 + 1046/1",,,
"praha, olbrachtova, česká republika","Praha, Olbrachtova, Česká republika",2025-03-27,2025-03-27,-403,Po termínu,červená,2025-03-27 (plánovaná),,,čeká na přesné geokódování,"Kalendář FZ - 12 měsíců, 2023.xlsx",448,2012,ano,,,Praha,  PS 6000/3f-60 minut,,,,,27/25,,,,,,,,,,,3.3.2025 -poslán dotaz na peckova@budejovicka.eu 2024 -nabízíme nový zdroj,,,,,,,,,,,,,,,,,,,,,,,,,,,,,,,,,,,,,,,,,,,,,,,,,,,,,,,,,,,,,,,,,,,,,,,,,1,peckova@budejovicka.eu,"Praha, Olbrachtova",,,
"praha, oldřichovská 1 + heřmanická 20, česká republika","Praha, Oldřichovská 1 + Heřmanická 20, Česká republika",,2027-03-12,312,Více než 60 dnů,zelená,2027-03-12 (plánovaná),,,čeká na přesné geokódování,"Kalendář FZ - 12 měsíců, 2023.xlsx",449,2024,,,,Praha,2 x ASTIP STRONG 3kVA/3F/15 minut,,,,,12/27,,,,,,,,,,,5-ti letá záruka,,,,,,,,,,,,,,,,,,,,,,,,,,,,,,,,,,,,,,,,,,,,,,,,,,,,,,,,,,,,,,,,,,,,,,,,,1,Bokštefl - 724 034 858,"Praha, Oldřichovská 1 + Heřmanická 20",,,
"praha, olgy scheinpflugové 1280/1, kaskády barrandov, česká republika","Praha, Olgy Scheinpflugové 1280/1, Kaskády Barrandov, Česká republika",,2026-07-22,79,Více než 60 dnů,zelená,2026-07-22 (plánovaná),,,čeká na přesné geokódování,"Kalendář FZ - 12 měsíců, 2023.xlsx",410,2021,,poznámka,,Praha,ASTIP STRONG 28kVA/5kVA/3F -45 minut,,,,,,,,,22/26,,,,,,,"původně Uldrich, od 31.5.2026 ukončena serviska …",,,,,,,,,,,,,,,,,,,,,,,,,,,,,,,,,,,,,,,,,,,,,,,,,,,,,,,,,,,,,,,,,,,,,,,,,1,,"Praha, Olgy Scheinpflugové 1280/1, Kaskády Barrandov",,,
"praha, olgy scheinpflugové 1284, bd, česká republika","Praha, Olgy Scheinpflugové 1284, BD, Česká republika",,2026-09-18,137,Více než 60 dnů,zelená,2026-09-18 (plánovaná),,,čeká na přesné geokódování,"Kalendář FZ - 12 měsíců, 2023.xlsx",450,2022,,,,Praha,ASTIP STRONG Liftback 100kVA/3F -60 minut,,,,,,,,,,,18/26,,,,,,,,,,,,,,,,,,,,,,,,,,,,,,,,,,,,,,,,,,,,,,,,,,,,,,,,,,,,,,,,,,,,,,,,,,,,,,1,Růžička ULDRICH 602 226 220,"Praha, Olgy Scheinpflugové 1284, BD",,,
"praha, olgy scheinpflugové 4, kaskády barrandov, uldrich, česká republika","Praha, Olgy Scheinpflugové 4, Kaskády Barrandov, Uldrich, Česká republika",,2026-06-16,43,30–60 dnů,žlutá,2026-06-16 (plánovaná),,,čeká na přesné geokódování,"Kalendář FZ - 12 měsíců, 2023.xlsx",451,2023,ano,,,Praha,"ASTIP STRONG 80kVA/7,5kVA/3F-45 minut",,,,,,,,16/26,,,,,,,,,,,,,,,,,,,,,,,,,,,,,,,,,,,,,,,,,,,,,,,,,,,,,,,,,,,,,,,,,,,,,,,,,,,,,,,,,1,Naušová - Uldrich 602 305 888,"Praha, Olgy Scheinpflugové 4, Kaskády Barrandov, Uldrich",,,
"praha, olšanská, garden towers, česká republika","Praha, Olšanská, Garden Towers, Česká republika",2021-02-13,2021-02-13,-1906,Po termínu,červená,2021-02-13 (plánovaná),,,čeká na přesné geokódování,Kalendář FZ - 6 měsíců.xlsx,275,2016,,,,Praha,"3 x ASTIP Back Lift 75kVA/3f/1f-60 minut, ","Praha, Olšanská, Garden Towers",,,13/21,,,,,,13,,,,,,,,,,,,,,,,,,,,,,,,,,,,,,,,,,,,,,,,,,,,,,,,,,,,,,,,,,,,,,,,,,,,,,,,,,,,,,,1,,,,,
"praha, ondrákové 2, kaskády barrandov uldrich, česká republika","Praha, Ondrákové 2, Kaskády Barrandov Uldrich, Česká republika",,2027-03-03,303,Více než 60 dnů,zelená,2027-03-03 (plánovaná),,,čeká na přesné geokódování,"Kalendář FZ - 12 měsíců, 2023.xlsx",452,2023,ano,,,Praha,"ASTIP STRONG 80kVA/7,5kVA/3F-45 minut",,,,,3/27,,,,,,,,,,,,,,,,,,,,,,,,,,,,,,,,,,,,,,,,,,,,,,,,,,,,,,,,,,,,,,,,,,,,,,,,,,,,,,,,,,,,1,Naušová - Uldrich 602 305 888,"Praha, Ondrákové 2, Kaskády Barrandov Uldrich",,,
"praha, opatovská, oc opatovská, česká republika","Praha, Opatovská, OC Opatovská, Česká republika",2026-03-12,2026-03-12,-53,Po termínu,červená,2026-03-12 (plánovaná),,,čeká na přesné geokódování,Kalendář FZ - 6 měsíců.xlsx,276,2019,,,Otis ,Praha,"2 x 15kVA, 1 x 75 kVA","Praha, Opatovská, OC Opatovská",,,,12/26,,,,,,,,,,,,,,,,,,,,,,,,,,,,,,,,,,,,,,,,,,,,,,,,,,,,,,,,,,,,,,,,,,,,,,,,,,,,,,,,,,,,1,,,,,
"praha, opletalova 40, hotel gold bank, česká republika","Praha, Opletalova 40, Hotel Gold Bank, Česká republika",,2026-07-17,74,Více než 60 dnů,zelená,2026-07-17 (plánovaná),,,čeká na přesné geokódování,"Kalendář FZ - 12 měsíců, 2023.xlsx",453,2021,ano,ano,,Praha,ASTIP STRONG 100kVA/3F-dojezd,,,,,,,,,17/26,,,,,,,"pan Opletal, chce revize 1 x ročně",,,,,,,,,,,,,,,,,,,,,,,,,,,,,,,,,,,,,,,,,,,,,,,,,,,,,,,,,,,,,,,,,,,,,,,,,1,Hodinková 775 290 999,"Praha, Opletalova 40, Hotel Gold Bank",,,
"praha, os hedlořezy -mezilehlá 2, 4, 6, česká republika","Praha, OS Hedlořezy -Mezilehlá 2, 4, 6, Česká republika",2024-02-01,2024-02-01,-823,Po termínu,červená,2024-02-01 (plánovaná),,,čeká na přesné geokódování,"Kalendář FZ - 12 měsíců, 2023.xlsx",454,2020,,,,Praha,3 x 15kVA/3F + 1 x 8kVA/3F,,,,1/24,,,,,,,,,,,,,,,,,,,,,,,,,,,,,,,,,,,,,,,,,,,,,,,,,,,,,,,,,,,,,,,,,,,,,,,,,,,,,,,,,,,,,1,NWT Svozílek 725 754 645,"Praha, OS Hedlořezy -Mezilehlá 2,4,6",,,
"praha, ostromečská 5, bd, česká republika","Praha, Ostromečská 5, BD, Česká republika",,2027-03-24,324,Více než 60 dnů,zelená,2027-03-24 (plánovaná),,,čeká na přesné geokódování,"Kalendář FZ - 12 měsíců, 2023.xlsx",455,2017,,,,Praha,STRONG 10 000/3F -20 minut,,,,,24/27,,,,,,,,,,,,,,,,,,,,,,,,,,,,,,,,,,,,,,,,,,,,,,,,,,,,,,,,,,,,,,,,,,,,,,,,,,,,,,,,,,,,1,Kulhánková 777 367 618,"Praha, Ostromečská 5, BD",,,
"praha, oty bubeníčka 1654-4, vivus 4. etapa, česká republika","Praha, Oty Bubeníčka 1654-4, VIVUS 4. etapa, Česká republika",2026-03-19,2026-03-19,-46,Po termínu,červená,2026-03-19 (plánovaná),,,čeká na přesné geokódování,"Kalendář FZ - 12 měsíců, 2023.xlsx",456,2020,ano,ano,,Praha,PS 15kVA/3f -45 minut,,,,,19/26,,,,,,,,,,,"POZOR, TERMÍNY HLÍDÁME SAMI",,,,,,,,,,,,,,,,,,,,,,,,,,,,,,,,,,,,,,,,,,,,,,,,,,,,,,,,,,,,,,,,,,,,,,,,,1,Ikon - 777 757 960,"Praha, Oty Bubeníčka 1654-4, VIVUS 4. etapa",,,
"praha, padovská 696-3, dům e, horní měcholupy, česká republika","Praha, Padovská 696-3, dům E, Horní Měcholupy, Česká republika",,2027-01-20,261,Více než 60 dnů,zelená,2027-01-20 (plánovaná),,,čeká na přesné geokódování,"Kalendář FZ - 12 měsíců, 2023.xlsx",457,2014,,,,Praha,ASTIP PS 4 000/3F - 45 minut,,,20/27,,,,,,,,,,,,,"6.5.2021 - STOP STAV, nutná výměna aku",,,,,,,,,,,,,,,,,,,,,,,,,,,,,,,,,,,,,,,,,,,,,,,,,,,,,,,,,,,,,,,,,,,,,,,,,1,Elektro Uldrich – p. Zelenka – 724 301 729,"Praha, Padovská 696-3,dům E,Horní Měcholupy",,,
"praha, padovská 747 -5 c, česká republika","Praha, Padovská 747 -5 C, Česká republika",,2027-01-20,261,Více než 60 dnů,zelená,2027-01-20 (plánovaná),,,čeká na přesné geokódování,"Kalendář FZ - 12 měsíců, 2023.xlsx",458,"2016, nově 2024",,,,Praha,  PS 5000/3f-45 minut,,,20/27,,,,,,,,,,,,,nový pajšl….v.č. 24081201,,,,,,,,,,,,,,,,,,,,,,,,,,,,,,,,,,,,,,,,,,,,,,,,,,,,,,,,,,,,,,,,,,,,,,,,,1,Onřej Korbel 605 055 268. Korbel facility,"Praha, Padovská 747 -5 C",,,
"praha, padovská 749, česká republika","Praha, Padovská 749, Česká republika",,2027-01-20,261,Více než 60 dnů,zelená,2027-01-20 (plánovaná),,,čeká na přesné geokódování,"Kalendář FZ - 12 měsíců, 2023.xlsx",459,2017,,,,Praha,ASTIP PS 5000/3f-45 minut,,,20/27,,,,,,,,,,,,,,,,,,,,,,,,,,,,,,,,,,,,,,,,,,,,,,,,,,,,,,,,,,,,,,,,,,,,,,,,,,,,,,,,,,,,,,1,Pittnerová - 725 021 991,"Praha, Padovská 749",,,
"praha, papírníkova (kamýk), česká republika","Praha, Papírníkova (Kamýk), Česká republika",2023-08-29,,,Bez termínu,šedá,2023-08-29 (nezjištěno),,,čeká na přesné geokódování,"Kalendář FZ - 12 měsíců, 2023.xlsx",460,2015,,,,Praha,6 x zdroj,,,,,,,,,,29/23,,,,,,"paní Kubásková mi řekla, že si to jednotlivá SVJ mění sama,….26.6.2024 - posílám rašplovi dotaz mailem, má furt obsazeno  všech 6 zdrojů STOP STAV",,,,,,,,,,,,,,,,,,,,,,,,,,,,,,,,,,,,,,,,,,,,,,,,,,,,,,,,,,,,,,,,,,,,,,,,,1,Kubásková - Jiviš 602 380 087,"Praha, Papírníkova (Kamýk)",,,
"praha, parmská 390, dps, česká republika","Praha, Parmská 390, DPS, Česká republika",2026-01-22,2026-07-22,79,Více než 60 dnů,zelená,2026-01-22 (proběhlá); 2026-07-22 (plánovaná),,,čeká na přesné geokódování,Kalendář FZ - 6 měsíců.xlsx,277,2021,ano,ano,"pan Šulc 606 024 019, Kadeřábková 770 109 556",Praha,ASTIP STRONG 2kVA/1F -30 minut,"Praha, Parmská 390, DPS",,22/26,,,,,,22/26,,,,,,,,,,,,,,,,,,,,,,,,,,,,,,,,,,,,,,,,,,,,,,,,,,,,,,,,,,,,,,,,,,,,,,,,,,,,,,,,2,,,,,
"praha, patočkova 81, česká republika","Praha, Patočkova 81, Česká republika",,,,Bez termínu,šedá,,,,čeká na přesné geokódování,Kalendář FZ - 6 měsíců.xlsx,278,2016,,,,Praha,PS 50kVA/3f - 45min.,"Praha, Patočkova 81",,,,,,,,,,,,,,,,,,,,,,,,,,,,,,,,,,,,,,,,,,,,,,,,,,,,,,,,,,,,,,,,,,,,,,,,,,,,,,,,,,,,,,,,0,,,,,
"praha, pavla beneše 742, česká republika","Praha, Pavla Beneše 742, Česká republika",,,,Bez termínu,šedá,,,,čeká na přesné geokódování,"Kalendář FZ - 12 měsíců, 2023.xlsx",461,2011,,,,Praha,  PS 3000/1500/150,,,,,,,9,,,,,,,,,"4.3.2025 - znovu kontaktován Sobota, 26.6.2024 - poslán dotaz Sobotovi ...bude se dělat návrh na výměnu zdrojů, viz potvr. O fz, dne 19.5.2020",,,,,,,,,,,,,,,,,,,,,,,,,,,,,,,,,,,,,,,,,,,,,,,,,,,,,,,,,,,,,,,,,,,,,,,,,0,"Bartovský - 606904177
Grossmann - 777737911
Vejsadová - 777737917","Praha, Pavla Beneše 742",,,
"praha, pavla beneše 750, česká republika","Praha, Pavla Beneše 750, Česká republika",,,,Bez termínu,šedá,,,,čeká na přesné geokódování,"Kalendář FZ - 12 měsíců, 2023.xlsx",462,2015,,,,Praha,2x 150/S6-24 hodin,,,,7,,,,,,,,,,,,,,,,,,,,,,,,,,,,,,,,,,,,,,,,,,,,,,,,,,,,,,,,,,,,,,,,,,,,,,,,,,,,,,,,,,,,,0,"Olga Vejsadová – 777 737 917
Martin Grossmann – 777 737 911","Praha, Pavla Beneše 750",,,
"praha, penízovková 308, bd, česká republika","Praha, Penízovková 308, BD, Česká republika",,2026-06-24,51,30–60 dnů,žlutá,2026-06-24 (plánovaná),,,čeká na přesné geokódování,"Kalendář FZ - 12 měsíců, 2023.xlsx",463,2016,,,,Praha,ASTIP STRONG 2000/3F-10 minut,,,,,,,,24/26,,,,,,,,,,,,,,,,,,,,,,,,,,,,,,,,,,,,,,,,,,,,,,,,,,,,,,,,,,,,,,,,,,,,,,,,,,,,,,,,,1,Toman 607 572 154,"Praha, Penízovková 308, BD",,,
"praha, petrská 5, hotel republika, česká republika","Praha, Petrská 5, Hotel Republika, Česká republika",2025-06-25,,,Bez termínu,šedá,2025-06-25 (nezjištěno),,,čeká na přesné geokódování,Kalendář FZ - 6 měsíců.xlsx,279,2019,,,Kateřina Křempová 731 501 090,Praha,ASTIP STRONG 4 000/3F -10 minut,"Praha, Petrská 5, Hotel Republika",,,,,,,25/25,,,,,,,,,,,,,,,,,,,,,,,,,,,,,,,,,,,,,,,,,,,,,,,,,,,,,,,,,,,,,,,,,,,,,,,,,,,,,,,,,1,,,,,
"praha, petržílkova 2835, smart byty, česká republika","Praha, Petržílkova 2835, Smart byty, Česká republika",,2026-11-13,193,Více než 60 dnů,zelená,2026-11-13 (plánovaná),,,čeká na přesné geokódování,"Kalendář FZ - 12 měsíců, 2023.xlsx",464,2015,ano,,,Praha,  PS 100kVA/3f-30 minut,,,,,,,,,,,,,13/26,,,11/2023- reklamace,,,,,,,,,,,,,,,,,,,,,,,,,,,,,,,,,,,,,,,,,,,,,,,,,,,,,,,,,,,,,,,,,,,,,,,,,1,Haufer - 730 181 665,"Praha, Petržílkova 2835,Smart byty",,15000,
"praha, pilotů 127, vuz dědina, česká republika","Praha, Pilotů 127, VUZ Dědina, Česká republika",2026-02-05,2026-08-05,93,Více než 60 dnů,zelená,2026-02-05 (proběhlá); 2026-08-05 (plánovaná),,,čeká na přesné geokódování,Kalendář FZ - 6 měsíců.xlsx,280,2024,,,Jirásková 602 554 649/hlásit dopředu SPZ a jména ,Praha,ASTIP PS 10kVA/3f-45 minut,"Praha, Pilotů 127, VUZ Dědina",,,5/26,,,,,,5/26,,,,,,Uldrich,,,,,,,,,,,,,,,,,,,,,,,,,,,,,,,,,,,,,,,,,,,,,,,,,,,,,,,,,,,,,,,,,,,,,,,,,2,,,,,
"praha, pitkovice, pýchavkova 3, 7, 1, česká republika","Praha, Pitkovice, Pýchavkova 3, 7, 1, Česká republika",2026-02-11,2026-10-01,150,Více než 60 dnů,zelená,2024-05-10 (plánovaná); 2024-08-24 (plánovaná); 2026-02-11 (plánovaná); 2026-10-01 (plánovaná),,,čeká na přesné geokódování,"Kalendář FZ - 12 měsíců, 2023.xlsx",465,bez,,,,Praha,5x   PS 4000/3f-7 minut ,,,,11/26-1-POZOR !!!,,,10/24-1x STOP STAV -7,,,24/24-7- po výměně pajsšlu,,1/26-3,,,,2023 -Pýchavková 7 - nový pajšl,,,,,,,,,,,,,,,,,,,,,,,,,,,,,,,,,,,,,,,,,,,,,,,,,,,,,,,,,,,,,,,,,,,,,,,,,4,Vejsadová (Sluen) - 777 737 917,"Praha, Pitkovice, Pýchavkova 3,7,1",,Pozor!!!! - u 1 se musí doplnit v.č. u menšího zdroje + montáž ( padá ze zdi)  a připomenout jim výměnu pašlu u většího zdroje,
"praha, plickova 552/23, bd, česká republika","Praha, Plickova 552/23, BD, Česká republika",2025-07-10,2025-07-10,-298,Po termínu,červená,2025-07-10 (plánovaná),,,čeká na přesné geokódování,"Kalendář FZ - 12 měsíců, 2023.xlsx",466,2017,,,,Praha,ASTIP PS 4000/3f-60 minut,,,,,,,,,10/25,,,,,,,,,,,,,,,,,,,,,,,,,,,,,,,,,,,,,,,,,,,,,,,,,,,,,,,,,,,,,,,,,,,,,,,,,,,,,,,,1,Petřivý - 775 390 030,"Praha, Plickova 552/23, BD",,,
"praha, plynárenská, mecca, česká republika","Praha, Plynárenská, Mecca, Česká republika",2026-02-26,2026-08-26,114,Více než 60 dnů,zelená,2026-02-26 (proběhlá); 2026-08-26 (plánovaná),,,čeká na přesné geokódování,Kalendář FZ - 6 měsíců.xlsx,281,2012,,,Lukáš Brejcha 602 277 675,Praha,  PS 50 000/3f-30 minut,"Praha, Plynárenská, Mecca",,,26/26,,,,,,26/26,,,,,,"objednáno 2025 - řešíme komplet nový zdroj, MT, 18.6.2024 -Brejcha mi tipl telefon, píšu mu SMS...12.10.2021 - STOP STAV, zdroj umřel",,,,,,,,,,,,,,,,,,,,,,,,,,,,,,,,,,,,,,,,,,,,,,,,,,,,,,,,,,,,,,,,,,,,,,,,,2,,,,,
"praha, plzeňská 21, . 3384, my mozart, česká republika","Praha, Plzeňská 21, . 3384, My Mozart, Česká republika",,2026-07-17,74,Více než 60 dnů,zelená,2026-07-17 (plánovaná),,,čeká na přesné geokódování,"Kalendář FZ - 12 měsíců, 2023.xlsx",467,2023,ano,,,Praha,ASTIP STRONG 143kVA/30kVA/3F-60 minut,,,,,,,,,17/26,,,,,,,,,,,,,,,,,,,,,,,,,,,,,,,,,,,,,,,,,,,,,,,,,,,,,,,,,,,,,,,,,,,,,,,,,,,,,,,,1,Douchová 725 260 957,"Praha, Plzeňská 21, č.p. 3384, My Mozart",,,
"praha, plzeňská 56, hotel, česká republika","Praha, Plzeňská 56, Hotel, Česká republika",2026-01-29,2026-07-29,86,Více než 60 dnů,zelená,2026-01-29 (proběhlá); 2026-07-29 (plánovaná),,,čeká na přesné geokódování,Kalendář FZ - 6 měsíců.xlsx,282,2021,ano,ano,Jindřich Novotný 605 555 195,Praha,ASTIP PS 15kVA/3F -45 minut,"Praha, Plzeňská 56, Hotel",,29/26,,,,,,29/26,,,,,,,,,,,,,,,,,,,,,,,,,,,,,,,,,,,,,,,,,,,,,,,,,,,,,,,,,,,,,,,,,,,,,,,,,,,,,,,,2,,,,,
"praha, plzeňská 66, campus všfs, česká republika","Praha, Plzeňská 66, CAMPUS VŠFS, Česká republika",2025-03-20,2025-09-20,-226,Po termínu,červená,2025-03-20 (proběhlá); 2025-09-20 (plánovaná),,,čeká na přesné geokódování,Kalendář FZ - 6 měsíců.xlsx,283,2019,,,Otřísal 724 130 491,Praha,"ASTIP PS 20kVA/3f 45 min.,","Praha, Plzeňská 66, CAMPUS VŠFS",,,,20/25,,,,,,20/25,,,,,,,,,,,,,,,,,,,,,,,,,,,,,,,,,,,,,,,,,,,,,,,,,,,,,,,,,,,,,,,,,,,,,,,,,,,,,,2,,,,,
"praha, pobřežní 44, bd, česká republika","Praha, Pobřežní 44, BD, Česká republika",2025-06-20,2025-06-20,-318,Po termínu,červená,2025-06-20 (plánovaná),,,čeká na přesné geokódování,"Kalendář FZ - 12 měsíců, 2023.xlsx",468,2023,,,,Praha,ASTIP STRONG 28kVA/10kVA/3F -45 minut,,,,,,,,20/25,,,,,,,,,,,,,,,,,,,,,,,,,,,,,,,,,,,,,,,,,,,,,,,,,,,,,,,,,,,,,,,,,,,,,,,,,,,,,,,,,1,Polikarpov 728 010 108,"Praha, Pobřežní 44, BD",,,
"praha, pod harfou, česká republika","Praha, Pod Harfou, Česká republika",2025-03-13,2025-03-13,-417,Po termínu,červená,2025-03-13 (plánovaná),,,čeká na přesné geokódování,"Kalendář FZ - 12 měsíců, 2023.xlsx",469,2016,,,,Praha,2x PS 7500/3f-45 minut,,,,,13/25-1x STOP STAV,,,,,,,,,,,cena za jeden zdroj,,,,,,,,,,,,,,,,,,,,,,,,,,,,,,,,,,,,,,,,,,,,,,,,,,,,,,,,,,,,,,,,,,,,,,,,,1,Pont 777 578 581,"Praha, Pod Harfou",,7750,
"praha, pod kaštany 1106, 1107, villa bianca, česká republika","Praha, Pod Kaštany 1106, 1107, Villa Bianca, Česká republika",,2027-03-12,312,Více než 60 dnů,zelená,2027-03-12 (plánovaná),,,čeká na přesné geokódování,"Kalendář FZ - 12 měsíců, 2023.xlsx",470,2020,,,,Praha,  PS 2500/3f-20 minut,,,,,12/27,,,,,,,,,,,"je tam hromada zdrojů, chaos , nakonec revize 1 x ročně",,,,,,,,,,,,,,,,,,,,,,,,,,,,,,,,,,,,,,,,,,,,,,,,,,,,,,,,,,,,,,,,,,,,,,,,,1,Nešleha  602 129 019,"Praha, Pod Kaštany 1106, 1107, Villa Bianca",,,
"praha, pod plynojemem, česká republika","Praha, Pod Plynojemem, Česká republika",,2026-07-17,74,Více než 60 dnů,zelená,2026-07-17 (plánovaná),,,čeká na přesné geokódování,"Kalendář FZ - 12 měsíců, 2023.xlsx",471,2015-out + 2023,,,,Praha,"PS 800/1f,PS 25kVA/3f-45 minut",,,,,,,,,17/26,,,,,,,07/2023 -oba nové zdroje ,,,,,,,,,,,,,,,,,,,,,,,,,,,,,,,,,,,,,,,,,,,,,,,,,,,,,,,,,,,,,,,,,,,,,,,,,1,Stárek 603 525 247,"Praha, Pod Plynojemem",,,
"praha, pod stolovou horou, česká republika","Praha, Pod Stolovou Horou, Česká republika",2023-06-22,,,Bez termínu,šedá,2023-06-22 (nezjištěno),,,čeká na přesné geokódování,"Kalendář FZ - 12 měsíců, 2023.xlsx",472,2017,,,,Praha,2 x STRONG 7500/3f-45 minut,,,,,,,,22/23-2 x STOP STAV,,,,,,,,"7.3.2025 -UPS u tohoto SVJ byla vyměněna za jiný typ od jiného dodavatele4.3.2025 -posláno znovu na neznika….2.7.2024 - předáno k projednání SVJ - 26.6.2024 - poslán dotaz paní Neprašové, Posílat poštou na SVJ Pod stolovou horou 975/1, svobodova@ppm.as",,,,,,,,,,,,,,,,,,,,,,,,,,,,,,,,,,,,,,,,,,,,,,,,,,,,,,,,,,,,,,,,,,,,,,,,,1,"Optimcare - správci, David Dvořák - 731 121 070","Praha, Pod Stolovou Horou",,a´ 6 700 Kč,
"praha, pod vilami 1193/11, bd, nusle, česká republika","Praha, Pod Vilami 1193/11, BD, Nusle, Česká republika",,2026-12-02,212,Více než 60 dnů,zelená,2026-12-02 (plánovaná),,,čeká na přesné geokódování,"Kalendář FZ - 12 měsíců, 2023.xlsx",475,2022,,,,Praha,ASTIP STRONG 19/2kVA/3F -30 minut,,,,,,,,,,,,,,2/26,,,,,,,,,,,,,,,,,,,,,,,,,,,,,,,,,,,,,,,,,,,,,,,,,,,,,,,,,,,,,,,,,,,,,,,,,,,1,Lank 727 989 361,"Praha, Pod Vilami 1193_11, BD, Nusle",,,
"praha, pod školou 6, mikrotechna košíře, česká republika","Praha, Pod Školou 6, Mikrotechna Košíře, Česká republika",,2026-05-06,2,Méně než 7 dnů,červená,2026-05-06 (plánovaná),,,čeká na přesné geokódování,"Kalendář FZ - 12 měsíců, 2023.xlsx",473,2020,,,,Praha,"ASTIP PS 30kVA/3F -30 minut, dojezd",,,,,,,6/26,,,,,,,,,,,,,,,,,,,,,,,,,,,,,,,,,,,,,,,,,,,,,,,,,,,,,,,,,,,,,,,,,,,,,,,,,,,,,,,,,,1,Ing. Tomáš Tuháček  604 632 154,"Praha, Pod Školou 6, Mikrotechna Košíře",,,
"praha, pod šmukýřkou 1319/19, 21, česká republika","Praha, Pod Šmukýřkou 1319/19, 21, Česká republika",2021-07-06,,,Bez termínu,šedá,2021-07-06 (nezjištěno),,,čeká na přesné geokódování,"Kalendář FZ - 12 měsíců, 2023.xlsx",474,2016,,,,Praha,"2500VA/1f, 1500/1f, 10 min",,,,,,,,,6/21,,,,,,,"28.6.2024 - jsou tam nové zdroje od jiného dodavatele...č. 21 -1500/3F-45 min - STOP STAV , 4500 Kč        19 -2500/1F45 min., 5500 Kč",,,,,,,,,,,,,,,,,,,,,,,,,,,,,,,,,,,,,,,,,,,,,,,,,,,,,,,,,,,,,,,,,,,,,,,,,1,Bokštefl - 724 034 858,"Praha, Pod Šmukýřkou 1319/19, 21",,,
"praha, podbělohorská 10, česká republika","Praha, Podbělohorská 10, Česká republika",2022-07-01,2022-07-01,-1403,Po termínu,červená,2022-07-01 (plánovaná),,,čeká na přesné geokódování,"Kalendář FZ - 12 měsíců, 2023.xlsx",476,2019,,,,Praha,ASTIP STRONG 2kVA/3F -15 minut,,,,,,,,,1/22,,,,,,,,,,,,,,,,,,,,,,,,,,,,,,,,,,,,,,,,,,,,,,,,,,,,,,,,,,,,,,,,,,,,,,,,,,,,,,,,1,Ing. Bartoň 602 317 984,"Praha, Podbělohorská 10",,,
"praha, poděbradská 1189/62 -tesla hloubětín, česká republika","Praha, Poděbradská 1189/62 -Tesla Hloubětín, Česká republika",,2026-09-09,128,Více než 60 dnů,zelená,2026-09-09 (plánovaná),,,čeká na přesné geokódování,"Kalendář FZ - 12 měsíců, 2023.xlsx",343,2024,,,,Praha,ASTIP STRONG Liftback 60/40kVA/3F-45 minut,,,,,,,,,,,9/26,,,,,,,,,,,,,,,,,,,,,,,,,,,,,,,,,,,,,,,,,,,,,,,,,,,,,,,,,,,,,,,,,,,,,,,,,,,,,,1,"Vedral OptimCare -771 500 078, Technik objektu Urban 778 743 149","Praha, Poděbradská 1189/62 -Tesla Hloubětín",,,
"praha, poděbradská 20, ubytovací zařízení, česká republika","Praha, Poděbradská 20, ubytovací zařízení, Česká republika",2026-02-27,2026-02-27,-66,Po termínu,červená,2026-02-27 (plánovaná),,,čeká na přesné geokódování,"Kalendář FZ - 12 měsíců, 2023.xlsx",477,2021,ano,,,Praha,ASTIP STRONG 15kVA/3F-45 minut,,,,27/26,,,,,,,,,,,,"pan Opletal, chce revize 1 x ročně, uznaná záruka do 5/26",,,,,,,,,,,,,,,,,,,,,,,,,,,,,,,,,,,,,,,,,,,,,,,,,,,,,,,,,,,,,,,,,,,,,,,,,1,Opletal 777 168 685,"Praha, Poděbradská 20, ubytovací zařízení",,,
"praha, poděbradská 489/116, oc hloubětín, česká republika","Praha, Poděbradská 489/116, OC Hloubětín, Česká republika",2026-04-01,2026-10-01,150,Více než 60 dnů,zelená,2026-04-01 (proběhlá); 2026-10-01 (plánovaná),,,čeká na přesné geokódování,Kalendář FZ - 6 měsíců.xlsx,284,2017,,,Lipovec 775 906 522,Praha,ASTIP PS 7500/3F-30 minut,"Praha, Poděbradská 489/116, OC Hloubětín",,,!!!!,,1/26,,,,,,1/26,,,,"!!!! -ozvst dr fopředu, aby odpojili vzduchitechniku, měly by se taé měnit aku",,,,,,,,,,,,,,,,,,,,,,,,,,,,,,,,,,,,,,,,,,,,,,,,,,,,,,,,,,,,,,,,,,,,,,,,,2,,,,,
"praha, polyfunkční objekt dlouhá, česká republika","Praha, polyfunkční objekt Dlouhá, Česká republika",2025-12-02,2026-06-02,29,7–30 dnů,oranžová,2025-12-02 (proběhlá); 2026-06-02 (plánovaná),,,čeká na přesné geokódování,Kalendář FZ - 6 měsíců.xlsx,285,2021,ano,ano,"Obermajer 606 720 850, Jalamudis 724 079 964",Praha,"ASTIP STRONG 80kVA/30kVA/3F -10,45,60 minut","Praha, polyfunkční objekt Dlouhá",,,,,,,2/26,,,,,,2/25,,,,,,,,,,,,,,,,,,,,,,,,,,,,,,,,,,,,,,,,,,,,,,,,,,,,,,,,,,,,,,,,,,,,,,,,,,,2,,,,,
"praha, pomořanská 486/7, bd, česká republika","Praha, Pomořanská 486/7, BD, Česká republika",,2026-05-06,2,Méně než 7 dnů,červená,2026-05-06 (plánovaná),,,čeká na přesné geokódování,"Kalendář FZ - 12 měsíců, 2023.xlsx",478,2019,,,,Praha,ASTIP STRONG 1 000/3F - 30 minut,,,,,,,6/26,,,,,,,,,,,,,,,,,,,,,,,,,,,,,,,,,,,,,,,,,,,,,,,,,,,,,,,,,,,,,,,,,,,,,,,,,,,,,,,,,,1,Balušík 774 484 486,"Praha, Pomořanská 486/7, BD",,,
"praha, primátorská 36, bd, česká republika","Praha, Primátorská 36, BD, Česká republika",2025-09-17,2025-09-17,-229,Po termínu,červená,2025-09-17 (plánovaná),,,čeká na přesné geokódování,"Kalendář FZ - 12 měsíců, 2023.xlsx",479,2018,,,,Praha,ASTIP PS 3 000/3F - 45 minut,,,,,,,,,,,17/25,,,,,2.7.2024 - objednáno...28.6.2024 - posílám aktualitzaci CN - radek.ponocny@horren.cz,,,,,,,,,,,,,,,,,,,,,,,,,,,,,,,,,,,,,,,,,,,,,,,,,,,,,,,,,,,,,,,,,,,,,,,,,1,Radek Ponocný 777 008 961,"Praha, Primátorská 36, BD",,,
"praha, radlická 142, bd, česká republika","Praha, Radlická 142, BD, Česká republika",,2027-01-29,270,Více než 60 dnů,zelená,2027-01-29 (plánovaná),,,čeká na přesné geokódování,"Kalendář FZ - 12 měsíců, 2023.xlsx",480,2015,,,,Praha,"PS 15kVA/3f, 45 min",,,29/27,,,,,,,,,,,,,,,,,,,,,,,,,,,,,,,,,,,,,,,,,,,,,,,,,,,,,,,,,,,,,,,,,,,,,,,,,,,,,,,,,,,,,,1,Petr Freisler -725 831 663,"Praha, Radlická 142, BD",,,
"praha, redapiú, revoluční 1201/18, česká republika","Praha, Redapiú, Revoluční 1201/18, Česká republika",2020-12-18,2021-06-18,-1781,Po termínu,červená,2020-12-18 (proběhlá); 2021-06-18 (plánovaná),,,čeká na přesné geokódování,Kalendář FZ - 6 měsíců.xlsx,286,zdroj není,ano,,,Praha,Rectifier 12 kVA-45min,"Praha, Redapiú, Revoluční 1201/18",,,,,,,18/21,,,,,,18/20,,,,,,,,,,,,,,,,,,,,,,,,,,,,,,,,,,,,,,,,,,,,,,,,,,,,,,,,,,,,,,,,,,,,,,,,,,,2,,,,,
"praha, redapiú, žitná, česká republika","Praha, Redapiú, Žitná, Česká republika",2022-03-03,,,Bez termínu,šedá,2022-03-03 (proběhlá); 2022-12-01 (nezjištěno),,,čeká na přesné geokódování,Kalendář FZ - 6 měsíců.xlsx,287,2016,zrušena 16.2.2023,,Pokuta 728 177 181,Praha,PS 10kVA-45min,"Praha, Redapiú, Žitná",,,,3/22,,,,,,,,,1/22,,"2021 - Revoluční, konec zdroje, vyměnili za jiný ",,,,,,,,,,,,,,,,,,,,,,,,,,,,,,,,,,,,,,,,,,,,,,,,,,,,,,,,,,,,,,,,,,,,,,,,,2,,,,,
"praha, rezidence českobratrská, zuckerstein, česká republika","Praha, Rezidence Českobratrská, Zuckerstein, Česká republika",,,,Bez termínu,šedá,,,,čeká na přesné geokódování,"Kalendář FZ - 12 měsíců, 2023.xlsx",481,bez,,,,Praha,  PS 2000/3f-45 minut,,,,,,,,,20,,,,,,,,,,,,,,,,,,,,,,,,,,,,,,,,,,,,,,,,,,,,,,,,,,,,,,,,,,,,,,,,,,,,,,,,,,,,,,,,0,p. Kelner - 602 138 770,"Praha, Rezidence Českobratrská ,Zuckerstein",,,
"praha, rorýsova 7, 1, česká republika","Praha, Rorýsova 7, 1, Česká republika",,2027-04-08,339,Více než 60 dnů,zelená,2027-04-08 (plánovaná),,,čeká na přesné geokódování,"Kalendář FZ - 12 měsíců, 2023.xlsx",482,2017,,,,Praha,"PS 20kVA3F -10 minut, ASTIP PS 75 kVA/3f 45 minut",,,,,,8/27-Ror.1 +14/27-Ror. 7,,,,,,,,,,,,,,,,,,,,,,,,,,,,,,,,,,,,,,,,,,,,,,,,,,,,,,,,,,,,,,,,,,,,,,,,,,,,,,,,,,,1,,"Praha, Rorýsova 7, 1",,,
"praha, rudná zš, česká republika","Praha, Rudná ZŠ, Česká republika",2021-10-20,2021-10-20,-1657,Po termínu,červená,2021-10-20 (plánovaná),,,čeká na přesné geokódování,"Kalendář FZ - 12 měsíců, 2023.xlsx",483,2019,,,,Praha,R-SOZ,,,,,,,,,,,,20/21,,,,,,,,,,,,,,,,,,,,,,,,,,,,,,,,,,,,,,,,,,,,,,,,,,,,,,,,,,,,,,,,,,,,,,,,,,,,,1,Corradini 724 230 992,"Praha, Rudná ZŠ",,,
"praha, sanderova 1616, 1618 prague marina, česká republika","Praha, Sanderova 1616, 1618 Prague Marina, Česká republika",2025-10-23,2026-04-23,-11,Po termínu,červená,2025-10-23 (proběhlá); 2026-04-23 (plánovaná),,,čeká na přesné geokódování,Kalendář FZ - 6 měsíců.xlsx,292,2017,,,Veselý (někdo inej) - 606 565 657,Praha,"PS 100kVA/3f-60 minut + RPO, PS 75kVA","Praha, Sanderova 1616,1618 Prague Marina",,,,,23/26,,,,,,23/25,,,,a  Sanderova 1618,,,,,,,,,,,,,,,,,,,,,,,,,,,,,,,,,,,,,,,,,,,,,,,,,,,,,,,,,,,,,,,,,,,,,,,,,2,,,,,
"praha, sazovická 488, česká republika","Praha, Sazovická 488, Česká republika",,,,Bez termínu,šedá,,,,čeká na přesné geokódování,"Kalendář FZ - 12 měsíců, 2023.xlsx",488,,,,,Praha,4 x zdroj ,,,,,,,,,,,,,,,,,,,,,,,,,,,,,,,,,,,,,,,,,,,,,,,,,,,,,,,,,,,,,,,,,,,,,,,,,,,,,,,,,,,,,,,,,0,,"Praha, Sazovická 488",,,
"praha, sazovická 507, česká republika","Praha, Sazovická 507, Česká republika",2022-02-18,,,Bez termínu,šedá,2022-02-18 (nezjištěno),,,čeká na přesné geokódování,"Kalendář FZ - 12 měsíců, 2023.xlsx",486,2017,,,,Praha,PS 10 000/3f-45 min,,,,18/22,,,,,,,,,,,,"18.2.2021 -provedena kontrola s UPS.CZ - Horálkem, pozvali nás na součinnost",,,,,,,,,,,,,,,,,,,,,,,,,,,,,,,,,,,,,,,,,,,,,,,,,,,,,,,,,,,,,,,,,,,,,,,,,1,,"Praha, Sazovická 507",,,
"praha, sazovická 508, česká republika","Praha, Sazovická 508, Česká republika",2026-02-04,2026-02-04,-89,Po termínu,červená,2026-02-04 (plánovaná),,,čeká na přesné geokódování,"Kalendář FZ - 12 měsíců, 2023.xlsx",487,"2018, 2017",,ano,,Praha,"PS 20kVA/3F-30 minut, STRONG 244/1F",,,,4/26,,,,,,,,,,,,,,,,,,,,,,,,,,,,,,,,,,,,,,,,,,,,,,,,,,,,,,,,,,,,,,,,,,,,,,,,,,,,,,,,,,,,,1,Frejka Lukáš,"Praha, Sazovická 508",,,
"praha, sestupná 7, bd, česká republika","Praha, Sestupná 7, BD, Česká republika",,2026-12-11,221,Více než 60 dnů,zelená,2026-12-11 (plánovaná),,,čeká na přesné geokódování,"Kalendář FZ - 12 měsíců, 2023.xlsx",489,2017,,,,Praha,STRONG 2000/3F-60 minut,,,,,,,,,,,,,,11/26,,,,,,,,,,,,,,,,,,,,,,,,,,,,,,,,,,,,,,,,,,,,,,,,,,,,,,,,,,,,,,,,,,,,,,,,,,,1,Bokštefl - 724 034 858,"Praha, Sestupná 7, BD",,,
"praha, sevastopolská 3, bd, česká republika","Praha, Sevastopolská 3, BD, Česká republika",2025-07-25,2025-07-25,-283,Po termínu,červená,2025-07-25 (plánovaná),,,čeká na přesné geokódování,"Kalendář FZ - 12 měsíců, 2023.xlsx",490,2023,ano,,,Praha,ASTIP STRONG 4kVA/3F - 45 minut,,,,,,,,,25/25,,,,,,,,,,,,,,,,,,,,,,,,,,,,,,,,,,,,,,,,,,,,,,,,,,,,,,,,,,,,,,,,,,,,,,,,,,,,,,,,1,Tušová 606 160 326,"Praha, Sevastopolská 3, BD",,,
"praha, sezemínská 5, česká republika","Praha, Sezemínská 5, Česká republika",2026-01-23,2026-01-23,-101,Po termínu,červená,2026-01-23 (plánovaná),,,čeká na přesné geokódování,"Kalendář FZ - 12 měsíců, 2023.xlsx",491,2014,,,,Praha,  PS 15 000/3f-45 minut,,,23/26,,,,,,,,,,,,,,,,,,,,,,,,,,,,,,,,,,,,,,,,,,,,,,,,,,,,,,,,,,,,,,,,,,,,,,,,,,,,,,,,,,,,,,1,Jan Nový - 607 931 086,"Praha, Sezemínská 5",,,
"praha, sokolovská 713-111c + rohanské nábřeží 713-6, bd fragment, česká republika","Praha, Sokolovská 713-111c + Rohanské nábřeží 713-6, BD Fragment, Česká republika",2026-03-19,2026-09-19,138,Více než 60 dnů,zelená,2026-03-19 (proběhlá); 2026-09-19 (plánovaná),,,čeká na přesné geokódování,Kalendář FZ - 6 měsíců.xlsx,294,2022,,,Sýkora - Trigema 778 530 011,Praha,STRONG 280kVA/75kVA/3F -60 minut          STRONG 37kVA/10kVA/3F -60 minut,"Praha, Sokolovská 713-111c +  Rohanské nábřeží 713-6, BD Fragment",,,,19/26,,,,,,19/26,,,,,,,,,,,,,,,,,,,,,,,,,,,,,,,,,,,,,,,,,,,,,,,,,,,,,,,,,,,,,,,,,,,,,,,,,,,,,,2,,,,,
"praha, sokolská 42, hotel joy, česká republika","Praha, Sokolská 42, Hotel Joy, Česká republika",2024-11-27,2024-11-27,-523,Po termínu,červená,2024-11-27 (plánovaná),,,čeká na přesné geokódování,Kalendář FZ - 6 měsíců.xlsx,293,2021,,,Adam 608 273 509,Praha,ASTIP STRONG 20kVA/3F-60 minut,"Praha, Sokolská 42, Hotel Joy",,,,,,,,,,,,27/24,,,17.3.2025 poslán mail  ,,,,,,,,,,,,,,,,,,,,,,,,,,,,,,,,,,,,,,,,,,,,,,,,,,,,,,,,,,,,,,,,,,,,,,,,,1,,,,,
"praha, soukalova, čs exilu, u dubu, česká republika","Praha, Soukalova, Čs exilu, U Dubu, Česká republika",,2027-01-15,256,Více než 60 dnů,zelená,2027-01-15 (plánovaná),,,čeká na přesné geokódování,"Kalendář FZ - 12 měsíců, 2023.xlsx",492,2016 -2020,,,,Praha,3x záložní zdroj + C - 20kVA,,,15/27,,,,,,,,,,,,,,,,,,,,,,,,,,,,,,,,,,,,,,,,,,,,,,,,,,,,,,,,,,,,,,,,,,,,,,,,,,,,,,,,,,,,,,1, Varvařovský - 777 68 22 28,"Praha, Soukalova, Čs exilu, U Dubu",,12200,
"praha, spálená 12, městská poliklinika, česká republika","Praha, Spálená 12, městská poliklinika, Česká republika",2026-04-01,2026-10-01,150,Více než 60 dnů,zelená,2026-04-01 (proběhlá); 2026-10-01 (plánovaná),,,čeká na přesné geokódování,Kalendář FZ - 6 měsíců.xlsx,295,2025,,ano,Knobloch 602 321 377,Praha,ASTIP STRONG 42/4kVA/3F-30 minut,"Praha, Spálená 12, městská poliklinika",,,,,1/26,,,,,,1/26,,,,"pozor, poslat 30 dnů před termínem, mail na knobloch@hmr.cz",,,,,,,,,,,,,,,,,,,,,,,,,,,,,,,,,,,,,,,,,,,,,,,,,,,,,,,,,,,,,,,,,,,,,,,,,2,,,,,
"praha, spálená 16, bd, česká republika","Praha, Spálená 16, BD, Česká republika",2025-09-04,2025-09-04,-242,Po termínu,červená,2025-09-04 (plánovaná),,,čeká na přesné geokódování,"Kalendář FZ - 12 měsíců, 2023.xlsx",496,2017,,,,Praha,ASTIP STRONG 2000/3F-45 minut,,,,,,,,,,,4/25,,,,,,,,,,,,,,,,,,,,,,,,,,,,,,,,,,,,,,,,,,,,,,,,,,,,,,,,,,,,,,,,,,,,,,,,,,,,,,1,Miloš Pavlík 702 279 766,"Praha, Spálená 16, BD",,,
"praha, starokošířská 13, bd, česká republika","Praha, Starokošířská 13, BD, Česká republika",,2027-01-29,270,Více než 60 dnů,zelená,2027-01-29 (plánovaná),,,čeká na přesné geokódování,"Kalendář FZ - 12 měsíců, 2023.xlsx",493,2024,ano,ano,,Praha,ASTIP STRONG 97/20kVA/3F-45 minut,,,29/27,,,,,,,,,,,,,,,,,,,,,,,,,,,,,,,,,,,,,,,,,,,,,,,,,,,,,,,,,,,,,,,,,,,,,,,,,,,,,,,,,,,,,,1,Libor Janda 775 351 315,"Praha, Starokošířská 13, BD",,,
"praha, staropramenná 17a, bd, česká republika","Praha, Staropramenná 17A, BD, Česká republika",,2027-02-19,291,Více než 60 dnů,zelená,2027-02-19 (plánovaná),,,čeká na přesné geokódování,"Kalendář FZ - 12 měsíců, 2023.xlsx",497,2021,,,,Praha,ASTIP STRONG 7500VA/3F -45 minut,,,,19/27,,,,,,,,,,,,2025 -aktuálně se řeší M.Ledvina x Honza Soldán,,,,,,,,,,,,,,,,,,,,,,,,,,,,,,,,,,,,,,,,,,,,,,,,,,,,,,,,,,,,,,,,,,,,,,,,,1,Gustav Šimáček 724 025 272,"Praha, Staropramenná 17A , BD",,,
"praha, stodůlky, k zahrádkám 4, česká republika","Praha, Stodůlky, K zahrádkám 4, Česká republika",,,,Bez termínu,šedá,,,,čeká na přesné geokódování,Kalendář FZ - 6 měsíců.xlsx,307,"2015, 2012",,,"je i 5,6 složka",Praha,Astip PS 3000/3f – 20 minut,"Praha,Stodůlky, K zahrádkám 4",,,,,,,,,,,,,,,,,,,,,,,,,,,,,,,,,,,,,,,,,,,,,,,,,,,,,,,,,,,,,,,,,,,,,,,,,,,,,,,,,,,,,,,,0,,,,,
"praha, stočesova 1195/7, bd eva 2, česká republika","Praha, Stočesova 1195/7, BD Eva 2, Česká republika",,2027-04-14,345,Více než 60 dnů,zelená,2027-04-14 (plánovaná),,,čeká na přesné geokódování,"Kalendář FZ - 12 měsíců, 2023.xlsx",495,2025,ano,,,Praha,ASTIP STRONG 4 000VA/1F -45 minut,,,,,,14/27,,,,,,,,,,,,,,,,,,,,,,,,,,,,,,,,,,,,,,,,,,,,,,,,,,,,,,,,,,,,,,,,,,,,,,,,,,,,,,,,,,,1,Naušová - Uldrich 602 305 888,"Praha, Stočesova 1195/7, BD Eva 2",,,
"praha, stočesova 1196/10, bd cecilie 2, česká republika","Praha, Stočesova 1196/10, BD Cecilie 2, Česká republika",,2027-04-14,345,Více než 60 dnů,zelená,2027-04-14 (plánovaná),,,čeká na přesné geokódování,"Kalendář FZ - 12 měsíců, 2023.xlsx",494,2025,ano,,,Praha,ASTIP STRONG 4 000VA/1F -45 minut,,,,,,14/27,,,,,,,,,,,,,,,,,,,,,,,,,,,,,,,,,,,,,,,,,,,,,,,,,,,,,,,,,,,,,,,,,,,,,,,,,,,,,,,,,,,1,Naušová - Uldrich 602 305 888,"Praha, Stočesova 1196/10, BD Cecilie 2",,,
"praha, sámova 1574/12, česká republika","Praha, Sámova 1574/12, Česká republika",2025-12-02,2025-12-02,-153,Po termínu,červená,2025-12-02 (plánovaná),,,čeká na přesné geokódování,"Kalendář FZ - 12 měsíců, 2023.xlsx",485,2020,,,,Praha,"ASTIP STRONG 60 kVA/30kVA/3F - 30 minut, STRONG 20kVA/3F -45 minut",,,,,,,,,,,,,,2/25,,,,,,,,,,,,,,,,,,,,,,,,,,,,,,,,,,,,,,,,,,,,,,,,,,,,,,,,,,,,,,,,,,,,,,,,,,,1,"Pan Vacek J.B. babylon, 602 325 059","Praha, Sámova 1574_12",,,
"praha, tančící dům, česká republika","Praha, Tančící dům, Česká republika",2025-02-06,2025-08-06,-271,Po termínu,červená,2024-10-29 (proběhlá); 2025-02-06 (proběhlá); 2025-04-29 (plánovaná); 2025-07-22 (plánovaná); 2025-08-06 (plánovaná),,,čeká na přesné geokódování,Kalendář FZ - 6 měsíců.xlsx,296,2016,,,p. Rubeš - 602 642 184,Praha,ASTIP PS 3000/3f-45 minut + PS 20kVA/3F-45 minut,"Praha, Tančící dům",,,6/25-3kVA,,29/25,,,22/25-20kVA,6/25 -3kVA,,29/24,,,,,,,,,,,,,,,,,,,,,,,,,,,,,,,,,,,,,,,,,,,,,,,,,,,,,,,,,,,,,,,,,,,,,,,,,,,,,5,,,,,
"praha, thomasova 229 -bd západní město m, česká republika","Praha, Thomasova 229 -BD Západní město M, Česká republika",,2026-10-01,150,Více než 60 dnů,zelená,2026-10-01 (plánovaná),,,čeká na přesné geokódování,"Kalendář FZ - 12 měsíců, 2023.xlsx",504,2022,ano,,,Praha,ASTIP STRONG 20kVA/3F-45 minut,,,,,,,,,,,,1/26,,,,vzít novou pomocku,,,,,,,,,,,,,,,,,,,,,,,,,,,,,,,,,,,,,,,,,,,,,,,,,,,,,,,,,,,,,,,,,,,,,,,,,1,Naušová - Uldrich 602 305 888,"Praha, Thomasova 229 -BD Západní město M",,,
"praha, thomasova 230 -bd západní město l2, česká republika","Praha, Thomasova 230 -BD Západní město L2, Česká republika",,2026-10-01,150,Více než 60 dnů,zelená,2026-10-01 (nezjištěno),,,čeká na přesné geokódování,"Kalendář FZ - 12 měsíců, 2023.xlsx",505,2022,ano,,,Praha,ASTIP STRONG 20kVA/3F-45 minut,,,,,,,,,,,,1/26,,,,"2025 -pozor, vyměnit co nejdříve nabíječku v rámci záruky ",,,,,,,,,,,,,,,,,,,,,,,,,,,,,,,,,,,,,,,,,,,,,,,,,,,,,,,,,,,,,,,,,,,,,,,,,1,Naušová - Uldrich 602 305 888,"Praha, Thomasova 230 -BD Západní město L2",,,
"praha, thomasova 235, bd západní město n1, česká republika","Praha, Thomasova 235, BD Západní město N1, Česká republika",,2026-12-10,220,Více než 60 dnů,zelená,2026-12-10 (plánovaná),,,čeká na přesné geokódování,"Kalendář FZ - 12 měsíců, 2023.xlsx",506,2023,ano,,,Praha,ASTIP STRONG 99kVA/15kVA/3F -45 minut,,,,,,,,,,,,,,10/26,,,,,,,,,,,,,,,,,,,,,,,,,,,,,,,,,,,,,,,,,,,,,,,,,,,,,,,,,,,,,,,,,,,,,,,,,,,1,Naušová - Uldrich 602 305 888,"Praha, Thomasova 235 - BD Západní město N1",,,
"praha, thomasova 235, bd západní město n2, česká republika","Praha, Thomasova 235, BD Západní město N2, Česká republika",,2026-12-10,220,Více než 60 dnů,zelená,2026-12-10 (plánovaná),,,čeká na přesné geokódování,"Kalendář FZ - 12 měsíců, 2023.xlsx",507,2023,ano,,,Praha,ASTIP STRONG 99kVA/15kVA/3F -45 minut,,,,,,,,,,,,,,10/26,,,,,,,,,,,,,,,,,,,,,,,,,,,,,,,,,,,,,,,,,,,,,,,,,,,,,,,,,,,,,,,,,,,,,,,,,,,1,Naušová - Uldrich 602 305 888,"Praha, Thomasova 235 - BD Západní město N2",,,
"praha, thunovská 22, bd, česká republika","Praha, Thunovská 22, BD, Česká republika",,2026-09-24,143,Více než 60 dnů,zelená,2026-09-24 (plánovaná),,,čeká na přesné geokódování,"Kalendář FZ - 12 měsíců, 2023.xlsx",508,2024,,,,Praha,Astip LiftBack 5kVA/3f -dojezd,,,,,,,,,,,24/26,,,,,,,,,,,,,,,,,,,,,,,,,,,,,,,,,,,,,,,,,,,,,,,,,,,,,,,,,,,,,,,,,,,,,,,,,,,,,,1,Mach 608 320 521,"Praha, Thunovská 22, BD",,,
"praha, toufarova c, d, h, i -3, 5, 6, 8, česká republika","Praha, Toufarova C, D, H, I -3, 5, 6, 8, Česká republika",2025-11-13,2027-03-31,331,Více než 60 dnů,zelená,2025-11-13 (plánovaná); 2027-03-31 (plánovaná); 2027-04-08 (plánovaná),,,čeká na přesné geokódování,"Kalendář FZ - 12 měsíců, 2023.xlsx",509,"2016, 2018",,,,Praha,4 x zdroj + 4 x S2 na zvonky,,,,,31/27-6,8/27-8,,,,,,,"13/25-6 stop stav, 5-13/26, 6/26-3",,,,,,,,,,,,,,,,,,,,,,,,,,,,,,,,,,,,,,,,,,,,,,,,,,,,,,,,,,,,,,,,,,,,,,,,,,,,3,Soška  obj. 3+5 - 727 989 361       Ježek obj. 6+8 725 496 507,"Praha, Toufarova C,D,H,I -3,5,6,8",,,
"praha, tůmova 1337/9, česká republika","Praha, Tůmova 1337/9, Česká republika",2024-02-01,2024-02-01,-823,Po termínu,červená,2024-02-01 (plánovaná),,,čeká na přesné geokódování,"Kalendář FZ - 12 měsíců, 2023.xlsx",510,2019,,,,Praha,"STRONG 30kVA/7,5kVA-3F -30 minut",,,,1/24,,,,,,,,,,,,4.3.2025 -poslán mail Šárové,,,,,,,,,,,,,,,,,,,,,,,,,,,,,,,,,,,,,,,,,,,,,,,,,,,,,,,,,,,,,,,,,,,,,,,,,1,Šára 775 258 432,"Praha, Tůmova 1337/9",,,
"praha, u elektrárny 817, česká republika","Praha, U Elektrárny 817, Česká republika",,,,Bez termínu,šedá,,,,čeká na přesné geokódování,"Kalendář FZ - 12 měsíců, 2023.xlsx",511,2017,ano,,,Praha,"PS 2000/3f OFF-LINE 20min, RPO",,,,,,,,,,,,,9,,,,,,,,,,,,,,,,,,,,,,,,,,,,,,,,,,,,,,,,,,,,,,,,,,,,,,,,,,,,,,,,,,,,,,,,,,,,0,,"Praha, U Elektrárny 817",,5100,
"praha, u hostivařského nádraží 1651, bd, česká republika","Praha, U Hostivařského nádraží 1651, BD, Česká republika",,2027-03-25,325,Více než 60 dnů,zelená,2027-03-25 (plánovaná),,,čeká na přesné geokódování,"Kalendář FZ - 12 měsíců, 2023.xlsx",512,2021,,,,Praha,ASTIP STRONG 74kVA/10kVA/3F -15 minut,,,,,25/27,,,,,,,,,,,,,,,,,,,,,,,,,,,,,,,,,,,,,,,,,,,,,,,,,,,,,,,,,,,,,,,,,,,,,,,,,,,,,,,,,,,,1,Jiří Šíma 608 666 564,"Praha, U Hostivařského nádraží 1651, BD",,,
"praha, u milosrdných 800/16 x kozí, česká republika","Praha, U Milosrdných 800/16 x Kozí, Česká republika",2024-05-19,2024-05-19,-715,Po termínu,červená,2022-06-24 (plánovaná); 2024-05-19 (plánovaná),,,čeká na přesné geokódování,"Kalendář FZ - 12 měsíců, 2023.xlsx",513,2021,ano,,,Praha,  PS 10kVA/3f-30 minut + 5kVA - ONLINE,,,,,,,19/24 -Milosrdných,24/22,,,,,,,,"strašné potíže s naší firmou, pan Houba byl už zoufalý",,,,,,,,,,,,,,,,,,,,,,,,,,,,,,,,,,,,,,,,,,,,,,,,,,,,,,,,,,,,,,,,,,,,,,,,,2,"Erik Houba 739 314 868, houba.erik@seznam.cz","Praha, U Milosrdných 800/16 x Kozí",,,
"praha, u mlýnského kanálu 16, bd, port karolina b, česká republika","Praha, U mlýnského kanálu 16, BD, PORT KAROLINA B, Česká republika",2026-01-22,2026-01-22,-102,Po termínu,červená,2026-01-22 (plánovaná),,,čeká na přesné geokódování,"Kalendář FZ - 12 měsíců, 2023.xlsx",514,2019,,,,Praha,ASTIP STRONG 40kVA/3F-45 minut ,,,22/26,,,,,,,,,,,,,,,,,,,,,,,,,,,,,,,,,,,,,,,,,,,,,,,,,,,,,,,,,,,,,,,,,,,,,,,,,,,,,,,,,,,,,,1,"pan Šrepl AVEMA - správa nemovitostí
727 875 750
Domovnk objektu - pan Borovička    602 143 824","Praha, U mlýnského kanálu 16 -  BD - PORT KAROLINA B ",,,
"praha, u průhonu 38, nová radnice, česká republika","Praha, U Průhonu 38, Nová radnice, Česká republika",2024-02-29,2024-02-29,-795,Po termínu,červená,2024-02-29 (plánovaná),,,čeká na přesné geokódování,Kalendář FZ - 6 měsíců.xlsx,297,2019,,,Němec 608 707 270,Praha,ASTIP PS LiftBack 10 kVA/3f- sjezd,"Praha, U Průhonu 38, Nová radnice",,,29/24,,,,,,,,,,,,17.3.2025-poslán mail na němce,,,,,,,,,,,,,,,,,,,,,,,,,,,,,,,,,,,,,,,,,,,,,,,,,,,,,,,,,,,,,,,,,,,,,,,,,1,,,,,
"praha, u slávie (eden), česká republika","Praha, U Slávie (EDEN), Česká republika",,2026-06-24,51,30–60 dnů,žlutá,2026-06-24 (plánovaná),,,čeká na přesné geokódování,"Kalendář FZ - 12 měsíců, 2023.xlsx",516,2017,,,,Praha,PS 15kVA/3f - 30min.,,,,,,,,24/26,,,,,,,,,,,,,,,,,,,,,,,,,,,,,,,,,,,,,,,,,,,,,,,,,,,,,,,,,,,,,,,,,,,,,,,,,,,,,,,,,1,David Petschl  734 154 325,"Praha, U Slávie (EDEN)",,,
"praha, u školy 285, zš štěrboholy, česká republika","Praha, U školy 285, ZŠ Štěrboholy, Česká republika",2026-04-23,2026-10-23,172,Více než 60 dnů,zelená,2026-04-23 (proběhlá); 2026-10-23 (plánovaná),,,čeká na přesné geokódování,Kalendář FZ - 6 měsíců.xlsx,298,2019,ano,,Ševítová 605 506 905,Praha,ASTIP STRONG 2000/1f-45 minut,"Praha, U školy 285, ZŠ Štěrboholy",,,,,23/26,,,,,,23/26,,,,ZŠ Štěrboholy,,,,,,,,,,,,,,,,,,,,,,,,,,,,,,,,,,,,,,,,,,,,,,,,,,,,,,,,,,,,,,,,,,,,,,,,,2,,,,,
"praha, uhříněves, františka diviše 20, česká republika","Praha, Uhříněves, Františka Diviše 20, Česká republika",2021-12-04,2021-12-04,-1612,Po termínu,červená,2021-12-04 (plánovaná),,,čeká na přesné geokódování,"Kalendář FZ - 12 měsíců, 2023.xlsx",519,2017,,,,Praha,PS 7500/3F-30 minut,,,,,,,,,,,,,,4/21,,4/2020 -nelze pouštět přes tlačítko,,,,,,,,,,,,,,,,,,,,,,,,,,,,,,,,,,,,,,,,,,,,,,,,,,,,,,,,,,,,,,,,,,,,,,,,,1,,"Praha, Uhříněves, Františka Diviše 20",,5800,
"praha, uhříněves, loosenická 1602/3, bd, česká republika","Praha, Uhříněves, Loosenická 1602/3, BD, Česká republika",2026-04-23,2026-11-18,198,Více než 60 dnů,zelená,2026-04-23 (nezjištěno); 2026-11-18 (plánovaná),,,čeká na přesné geokódování,"Kalendář FZ - 12 měsíců, 2023.xlsx",520,2017,,,,Praha,ASTIP PS 7500VA/3F -30 minut,,,,,,23/26-servisní zásah,,,,,,,18/26,,,,,,,,,,,,,,,,,,,,,,,,,,,,,,,,,,,,,,,,,,,,,,,,,,,,,,,,,,,,,,,,,,,,,,,,,,,,2,pan Pleštil SVJ 725 448 474,"Praha, Uhříněves, Loosenická 1602_3, BD",,,
"praha, učňovská (strašněj masakr!!!), česká republika","Praha, Učňovská (Strašněj MASAKR!!!), Česká republika",2022-12-10,2026-10-01,150,Více než 60 dnů,zelená,2021-07-15 (plánovaná); 2022-08-05 (plánovaná); 2022-12-10 (plánovaná); 2026-10-01 (plánovaná),,,čeká na přesné geokódování,"Kalendář FZ - 12 měsíců, 2023.xlsx",517,2016,,,,Praha,4 x PS 2000/1f-45 minut,,,,,,,,,15/21,5/22,,1/26 -19,,10/22,,"5.8.2021 -2 x STOP STAV15.7.2021- STOP STAV 385 +386, Michal B. zaškolit Libora",,,,,,,,,,,,,,,,,,,,,,,,,,,,,,,,,,,,,,,,,,,,,,,,,,,,,,,,,,,,,,,,,,,,,,,,,4,Pilař - IKON -720 738 315,"Praha, Učňovská (Strašněj MASAKR!!!)",,,
"praha, učňovská 396/5, česká republika","Praha, Učňovská 396/5, Česká republika",2022-12-10,2022-12-10,-1241,Po termínu,červená,2022-12-10 (plánovaná),,,čeká na přesné geokódování,"Kalendář FZ - 12 měsíců, 2023.xlsx",518,2016,ano,,,Praha,STRONG 2000/1f-45 minut,,,,,,,,,,,,,,10/22,,,,,,,,,,,,,,,,,,,,,,,,,,,,,,,,,,,,,,,,,,,,,,,,,,,,,,,,,,,,,,,,,,,,,,,,,,,1,Pilař - IKON -720 738 315,"Praha, Učňovská 396/5",,,
"praha, v háji 1, česká republika","Praha, V Háji 1, Česká republika",,2026-09-15,134,Více než 60 dnů,zelená,2026-09-15 (plánovaná),,,čeká na přesné geokódování,"Kalendář FZ - 12 měsíců, 2023.xlsx",522,2018,,,,Praha,"PS 15kVA/3f-10 minut,                        ASTIP PS 75 000/3f – 45 min",,,,,,,,,,,15/26,,,,,V rozvaděči RZ1 spadlý jistič QF 1-D16,,,,,,,,,,,,,,,,,,,,,,,,,,,,,,,,,,,,,,,,,,,,,,,,,,,,,,,,,,,,,,,,,,,,,,,,,1,Mihalcsatin -777 207  480,"Praha, V Háji 1",,7200,
"praha, v jámě, abc divadlo, česká republika","Praha, V Jámě, ABC divadlo, Česká republika",2026-02-19,2026-08-19,107,Více než 60 dnů,zelená,2026-02-19 (proběhlá); 2026-08-19 (plánovaná),,,čeká na přesné geokódování,Kalendář FZ - 6 měsíců.xlsx,299,"2012, nově 2023",ano,,Simčišin - 603 311 811,Praha,ASTIP STRONG 10kVA/3F-45 minut,"Praha, V Jámě, ABC divadlo",,,19/26,,,,,,19/26,,,,,,"2023- nový zdroj, 1. revize má být únor 2024",,,,,,,,,,,,,,,,,,,,,,,,,,,,,,,,,,,,,,,,,,,,,,,,,,,,,,,,,,,,,,,,,,,,,,,,,2,,,,,
"praha, v olšinách 3401/92, 94, 96, aurora, česká republika","Praha, V Olšinách 3401/92, 94, 96, Aurora, Česká republika",2026-04-09,2026-04-09,-25,Po termínu,červená,2026-04-09 (plánovaná),,,čeká na přesné geokódování,"Kalendář FZ - 12 měsíců, 2023.xlsx",523,2015,ano,,,Praha,"1x 7500/3f, 2x 4000/3f-45 minut",,,,,,9/26,,,,,,,,,,"28.6.2024 - baterky mají vyměněné, možná se ozve kvůli revizi….18.3.2022 -2 x 4kVA - STOP STAV",,,,,,,,,,,,,,,,,,,,,,,,,,,,,,,,,,,,,,,,,,,,,,,,,,,,,,,,,,,,,,,,,,,,,,,,,1,Gregar 777 327 401,"Praha, V Olšinách 3401_92,94,96, Aurora",,,
"praha, v podhájí 20, bd braník residences, česká republika","Praha, V Podhájí 20, BD Braník residences, Česká republika",2026-02-26,2026-02-26,-67,Po termínu,červená,2026-02-26 (plánovaná),,,čeká na přesné geokódování,"Kalendář FZ - 12 měsíců, 2023.xlsx",334,2021,ano,ano,,Praha,ASTP STRONG 10kVA/3F -45 minut,,,,26/26,,,,,,,,,,,,,,,,,,,,,,,,,,,,,,,,,,,,,,,,,,,,,,,,,,,,,,,,,,,,,,,,,,,,,,,,,,,,,,,,,,,,,1,Polák Jiviš 725 303 373,"Praha, V Podhájí 20, BD Braník residences",,,
"praha, v zahrádkách 25, česká republika","Praha, V Zahrádkách 25, Česká republika",,2026-10-14,163,Více než 60 dnů,zelená,2026-10-14 (plánovaná),,,čeká na přesné geokódování,"Kalendář FZ - 12 měsíců, 2023.xlsx",524,2016,,,,Praha,Astip PS 15 kVA/3f-45 minut,,,,,,,,,,,,14/26,,,,,,,,,,,,,,,,,,,,,,,,,,,,,,,,,,,,,,,,,,,,,,,,,,,,,,,,,,,,,,,,,,,,,,,,,,,,,1,Hejda 702 064 890,"Praha, V Zahrádkách 25",,,
"praha, v úžlabině 19, česká republika","Praha, V Úžlabině 19, Česká republika",2023-05-18,,,Bez termínu,šedá,2023-05-18 (nezjištěno),,,čeká na přesné geokódování,Kalendář FZ - 6 měsíců.xlsx,300,2018,,,Zadoyan 777 796 753 - už tam nepracuje,Praha,ASTIP PS 30 000/3f-60 min,"Praha, V Úžlabině 19",,,,,,18/23,,,,,,,,,"2025 -už mají nahrazeno jiným zařízením….17.3.2025 -posílám na paní , Pozor - vrací se mi to..zkouším přes jejich systém poslat dotaz ...18.6.2024 - poslaná aktualizace CN - 2022-vydupali si revize 1 x ročně…",,,,,,,,,,,,,,,,,,,,,,,,,,,,,,,,,,,,,,,,,,,,,,,,,,,,,,,,,,,,,,,,,,,,,,,,,1,,,,,
"praha, valentinská 1061/6, staré město, česká republika","Praha, Valentinská 1061/6, Staré Město, Česká republika",2025-06-04,2025-06-04,-334,Po termínu,červená,2025-06-04 (plánovaná),,,čeká na přesné geokódování,"Kalendář FZ - 12 měsíců, 2023.xlsx",525,2017,,,,Praha,STRONG 5000/3f – 10 minut,,,,,,,,4/25,,,,,,,,,,,,,,,,,,,,,,,,,,,,,,,,,,,,,,,,,,,,,,,,,,,,,,,,,,,,,,,,,,,,,,,,,,,,,,,,,1,Jan Knol 724 340 310,"Praha, Valentinská 1061/6, Staré Město",,6500,
"praha, važská 998/2, škola livingstone, česká republika","Praha, Važská 998/2, škola Livingstone, Česká republika",2025-02-13,2025-02-13,-445,Po termínu,červená,2025-02-13 (plánovaná),,,čeká na přesné geokódování,Kalendář FZ - 6 měsíců.xlsx,302,2015,,,"Bína, Impera 777 720 522",Praha,ASTIP PS 7 500VA/3F -15 minut,"Praha, Važská 998/2, škola Livingstone",,,13/25,,,,,,,,,,,,,,,,,,,,,,,,,,,,,,,,,,,,,,,,,,,,,,,,,,,,,,,,,,,,,,,,,,,,,,,,,,,,,,,,,,,,,1,,,,,
"praha, veletržní 20, mama shelter, česká republika","Praha, Veletržní 20, MAMA Shelter, Česká republika",2025-12-10,2026-06-10,37,30–60 dnů,žlutá,2025-12-10 (proběhlá); 2026-06-10 (plánovaná),,,čeká na přesné geokódování,Kalendář FZ - 6 měsíců.xlsx,303,2018,,,pan Malý 777 866 450,Praha,ASTIP STRONG 30 000/3f-35minut,"Praha, Veletržní 20, MAMA Shelter",,,,,,,10/26,,,,,,10/25,,,,,,,,,,,,,,,,,,,,,,,,,,,,,,,,,,,,,,,,,,,,,,,,,,,,,,,,,,,,,,,,,,,,,,,,,,,2,,,,,
"praha, veletržní 505/33, bd, česká republika","Praha, Veletržní 505/33, BD, Česká republika",2025-09-23,2025-09-23,-223,Po termínu,červená,2025-09-23 (plánovaná),,,čeká na přesné geokódování,"Kalendář FZ - 12 měsíců, 2023.xlsx",526,2020,,,,Praha,ASTIP STRONG 2kVA/3F -15 minut,,,,,,,,,,,23/25,,,,,,,,,,,,,,,,,,,,,,,,,,,,,,,,,,,,,,,,,,,,,,,,,,,,,,,,,,,,,,,,,,,,,,,,,,,,,,1,Jana Mužíková 603 442 579,"Praha, Veletržní 505/33, BD",,,
"praha, vivus uhřiněves ke kříži -1636, oty bubeníčka -1637, 1638, 1639, česká republika","Praha, VIVUS Uhřiněves Ke Kříži -1636, Oty Bubeníčka -1637, 1638, 1639, Česká republika",2026-04-01,2027-03-19,319,Více než 60 dnů,zelená,2026-04-01 (plánovaná); 2027-03-19 (plánovaná),,,čeká na přesné geokódování,"Kalendář FZ - 12 měsíců, 2023.xlsx",527,2019,"ano/1636, 1637 -ne",ano,,Praha,4 x záložní zdroj,,,,,19/27-1638,"1/26-1x STOP STAV 1638,2025",,,,,,,,,,1636 -smlouva ukončena k 10/2023,,,,,,,,,,,,,,,,,,,,,,,,,,,,,,,,,,,,,,,,,,,,,,,,,,,,,,,,,,,,,,,,,,,,,,,,,2,Ikon - 777 757 960,"Praha, VIVUS Uhřiněves Ke Kříži -1636, Oty Bubeníčka -1637, 1638, 1639",,,
"praha, vladivostocká 1530/12, slavia hotel, česká republika","Praha, Vladivostocká 1530/12, Slavia hotel, Česká republika",2026-04-29,2026-10-29,178,Více než 60 dnů,zelená,2026-04-29 (proběhlá); 2026-10-29 (plánovaná),,,čeká na přesné geokódování,Kalendář FZ - 6 měsíců.xlsx,304,2023,ano,ano,Adamec 777 769 592,Praha,ASTIP PS Liftback 15kVA/3F -45 minut,"Praha, Vladivostocká 1530/12, Slavia hotel",,,,,29/26,,,,,,29/26,,,,,,,,,,,,,,,,,,,,,,,,,,,,,,,,,,,,,,,,,,,,,,,,,,,,,,,,,,,,,,,,,,,,,,,,,,,,,2,,,,,
"praha, vocelova 4, jugoslávská 3, česká republika","Praha, Vocelova 4, Jugoslávská 3, Česká republika",2026-04-01,2026-10-01,150,Více než 60 dnů,zelená,2026-04-01 (proběhlá); 2026-10-01 (plánovaná),,,čeká na přesné geokódování,Kalendář FZ - 6 měsíců.xlsx,305,2018,,,Vanta 727 837 231,Praha,"ASTIP PS 7500/3f-45 minut, ASTIP PS 10 000/3f-45 minut","Praha, Vocelova 4, Jugoslávská 3",,,,,1/26,,,,,,1/26,,,,,,,,,,,,,,,,,,,,,,,,,,,,,,,,,,,,,,,,,,,,,,,,,,,,,,,,,,,,,,,,,,,,,,,,,,,,,2,,,,,
"praha, vodičkova 36, palác lucerna, česká republika","Praha, Vodičkova 36, Palác Lucerna, Česká republika",2026-02-05,2026-08-05,93,Více než 60 dnů,zelená,2026-02-05 (proběhlá); 2026-08-05 (plánovaná),,,čeká na přesné geokódování,Kalendář FZ - 6 měsíců.xlsx,306,2022,,,Štěpánek 602 352 835,Praha,ASTIP STRONG 136/20kVA/3F-30 minut,"Praha, Vodičkova 36, Palác Lucerna",,,5/26,,,,,,5/26,,,,,,,,,,,,,,,,,,,,,,,,,,,,,,,,,,,,,,,,,,,,,,,,,,,,,,,,,,,,,,,,,,,,,,,,,,,,,,,2,,,,,
"praha, vojenova, palmovka, česká republika","Praha, Vojenova, Palmovka, Česká republika",2022-11-15,,,Bez termínu,šedá,2022-11-15 (nezjištěno),,,čeká na přesné geokódování,"Kalendář FZ - 12 měsíců, 2023.xlsx",528,2016,,,,Praha,"STRONG 25kVA/1f-45 min- už tam není, STRONG 5000/3f-60 min",,,,,,,,,,,,,15/22 5Kva ,,,"pan Renner píše, že je situace v pořádku..28.6.2024 - posílám dotaz do jiviše filip.renner@jivis.cz, kalfiř už je nemá na starosti",,,,,,,,,,,,,,,,,,,,,,,,,,,,,,,,,,,,,,,,,,,,,,,,,,,,,,,,,,,,,,,,,,,,,,,,,1,Renner - Jiviš,"Praha, Vojenova, Palmovka",,,
"praha, volkova, česká republika","Praha, Volkova, Česká republika",2021-07-03,2021-07-03,-1766,Po termínu,červená,2021-07-03 (plánovaná),,,čeká na přesné geokódování,"Kalendář FZ - 12 měsíců, 2023.xlsx",529,2012,,,,Praha,  PS 5000VA/3f-45 minut,,,,,,,,,3/21,,,,,,,,,,,,,,,,,,,,,,,,,,,,,,,,,,,,,,,,,,,,,,,,,,,,,,,,,,,,,,,,,,,,,,,,,,,,,,,,1,Čmuchal - 604 106 758,"Praha, Volkova",,4500,
"praha, vrchlického 28, bd starokošířská avenue, česká republika","Praha, Vrchlického 28, BD Starokošířská avenue, Česká republika",,2027-01-28,269,Více než 60 dnů,zelená,2027-01-28 (plánovaná),,,čeká na přesné geokódování,"Kalendář FZ - 12 měsíců, 2023.xlsx",530,2024,,,,Praha,ASTIP PS 90/30kVA/3F -45 minut,,,28/27,,,,,,,,,,,,,,,,,,,,,,,,,,,,,,,,,,,,,,,,,,,,,,,,,,,,,,,,,,,,,,,,,,,,,,,,,,,,,,,,,,,,,,1,Pocková 724 203 197,"Praha, Vrchlického 28, BD Starokošířská avenue",,,
"praha, václavské nám., palace fenix, divadlo, česká republika","Praha, Václavské nám., Palace Fenix, divadlo, Česká republika",2024-04-04,2024-10-04,-577,Po termínu,červená,2024-04-04 (proběhlá); 2024-10-04 (plánovaná),,,čeká na přesné geokódování,Kalendář FZ - 6 měsíců.xlsx,301,2020,,,Samec 725 89 093,Praha,ASTIP STRONG 2000/3f-60 minut,"Praha, Václavské nám., Palace Fenix, divadlo",,,,,4/24,,,,,,4/24,,,,,,,,,,,,,,,,,,,,,,,,,,,,,,,,,,,,,,,,,,,,,,,,,,,,,,,,,,,,,,,,,,,,,,,,,,,,,2,,,,,
"praha, za krejcárkem 1, česká republika","Praha, Za Krejcárkem 1, Česká republika",,2026-10-14,163,Více než 60 dnů,zelená,2026-10-14 (plánovaná),,,čeká na přesné geokódování,"Kalendář FZ - 12 měsíců, 2023.xlsx",531,bez,,,,Praha,ASTIP PS 3000/3f-60 minut,,,,,,,,,,,,14/26,,,,,,,,,,,,,,,,,,,,,,,,,,,,,,,,,,,,,,,,,,,,,,,,,,,,,,,,,,,,,,,,,,,,,,,,,,,,,1,Zatloukal 702 054 190,"Praha, Za Krejcárkem 1",,,
"praha, za poříčskou bránou 19, bd, česká republika","Praha, Za Poříčskou bránou 19, BD, Česká republika",,2026-11-20,200,Více než 60 dnů,zelená,2026-11-20 (plánovaná),,,čeká na přesné geokódování,"Kalendář FZ - 12 měsíců, 2023.xlsx",532,2021,ano,,,Praha,ASTIP PS 10kVA/3F -45 minut,,,,,,,,,,,,,20/26,,,,,,,,,,,,,,,,,,,,,,,,,,,,,,,,,,,,,,,,,,,,,,,,,,,,,,,,,,,,,,,,,,,,,,,,,,,,1,Valko 603 201 999,"Praha, Za Poříčskou bránou 19, BD",,,
"praha, zengerova vila, česká republika","Praha, Zengerova vila, Česká republika",2024-02-07,,,Bez termínu,šedá,2024-02-07 (nezjištěno),,,čeká na přesné geokódování,"Kalendář FZ - 12 měsíců, 2023.xlsx",533,2015,ano,,,Praha,  PS 2kVA/3f-10 minut,,,,7/24 -nabídka na nový zdroj,,,,,,,,,,,,posílal Michal B…prověřit u něj Na Klimentce 1a,,,,,,,,,,,,,,,,,,,,,,,,,,,,,,,,,,,,,,,,,,,,,,,,,,,,,,,,,,,,,,,,,,,,,,,,,1,Jan Valenta 725 782 357,"Praha, Zengerova vila",,,
"praha, zimova 10, česká republika","Praha, Zimova 10, Česká republika",,2026-11-04,184,Více než 60 dnů,zelená,2026-11-04 (plánovaná),,,čeká na přesné geokódování,"Kalendář FZ - 12 měsíců, 2023.xlsx",534,2019,,,,Praha,ASTIP PS 10kVA/3F -45 minut,,,,,,,,,,,,,4/26,,,,,,,,,,,,,,,,,,,,,,,,,,,,,,,,,,,,,,,,,,,,,,,,,,,,,,,,,,,,,,,,,,,,,,,,,,,,1,"Marounek - Jiviš, 725 496 507","Praha, Zimova 10",,,
"praha, zlochova 2230/1b, česká republika","Praha, Zlochova 2230/1b, Česká republika",,2027-04-08,339,Více než 60 dnů,zelená,2027-04-08 (plánovaná),,,čeká na přesné geokódování,"Kalendář FZ - 12 měsíců, 2023.xlsx",536,2018,,,,Praha,PS LiftBack 40 000/3f,,,,,,8/27,,,,,,,,,,,,,,,,,,,,,,,,,,,,,,,,,,,,,,,,,,,,,,,,,,,,,,,,,,,,,,,,,,,,,,,,,,,,,,,,,,,1,Lyčka - 774 731 738,"Praha, Zlochova 2230_1b",,,
"praha, zlochova, česká republika","Praha, Zlochova, Česká republika",2023-08-10,,,Bez termínu,šedá,2023-08-10 (nezjištěno),,,čeká na přesné geokódování,"Kalendář FZ - 12 měsíců, 2023.xlsx",535,2017,ano,,,Praha,ASTIP PS 15kVA/3f,,,,,,,,,,10/23,,,,,,"děkuji za dotaz, výbor SVJ Zlochova 2193, Praha 4 se rozhodl v 05/2024 ke kompletní výměně záložního zdroje od firmy StampUni. 28.6.2024 - posílám dotaz na prokesova@korbel…",,,,,,,,,,,,,,,,,,,,,,,,,,,,,,,,,,,,,,,,,,,,,,,,,,,,,,,,,,,,,,,,,,,,,,,,,1,,"Praha, Zlochova",,,
"praha, zvěřinova 3452/1, česká republika","Praha, Zvěřinova 3452/1, Česká republika",2025-07-07,,,Bez termínu,šedá,2025-07-07 (nezjištěno),,,čeká na přesné geokódování,"Kalendář FZ - 12 měsíců, 2023.xlsx",537,2020,,,,Praha,ASTIP STRONG 100kVA/3F -45 minut,,,,,,,,,7/25,,,,,,,,,,,,,,,,,,,,,,,,,,,,,,,,,,,,,,,,,,,,,,,,,,,,,,,,,,,,,,,,,,,,,,,,,,,,,,,,1,"pan Jirků - údržba, 725 357 481","Praha, Zvěřinova 3452/1",,,
"praha, ústavní 91, pn bohnice, česká republika","Praha, Ústavní 91, PN Bohnice, Česká republika",2026-01-16,2026-01-16,-108,Po termínu,červená,2026-01-16 (plánovaná),,,čeká na přesné geokódování,"Kalendář FZ - 12 měsíců, 2023.xlsx",521,2021,,,,Praha,ASTIP STRONG 7500VA/1F -30 minut,,,16/26,,,,,,,,,,,,,"jedná se o prázdnou budovu, tedy 1 x ročně",,,,,,,,,,,,,,,,,,,,,,,,,,,,,,,,,,,,,,,,,,,,,,,,,,,,,,,,,,,,,,,,,,,,,,,,,1,German 734 785 221,"Praha, Ústavní 91, PN Bohnice",,,
"praha, čakovická 40-42, bd, česká republika","Praha, Čakovická 40-42, BD, Česká republika",,2026-07-17,74,Více než 60 dnů,zelená,2026-07-17 (plánovaná),,,čeká na přesné geokódování,"Kalendář FZ - 12 měsíců, 2023.xlsx",338,2024,ano,,,Praha,ASTIP STRONG 75/15kVA/3F-45 minut,,,,,,,,,17/26,,,,,,,,,,,,,,,,,,,,,,,,,,,,,,,,,,,,,,,,,,,,,,,,,,,,,,,,,,,,,,,,,,,,,,,,,,,,,,,,1,Naušová - Uldrich 602 305 888,"Praha, Čakovická 40-42, BD",,,
"praha, čakovická 883/44 a 46, bd krocínka b3 a b4, česká republika","Praha, Čakovická 883/44 a 46, BD Krocínka B3 a B4, Česká republika",,2027-04-14,345,Více než 60 dnů,zelená,2027-04-14 (plánovaná),,,čeká na přesné geokódování,"Kalendář FZ - 12 měsíců, 2023.xlsx",438,2025,ano,,,Praha,ASTIP STRONG 75/15kVA/3F-45 minut,,,,,,14/27,,,,,,,,,,,,,,,,,,,,,,,,,,,,,,,,,,,,,,,,,,,,,,,,,,,,,,,,,,,,,,,,,,,,,,,,,,,,,,,,,,,1,Naušová - Uldrich 602 305 888,"Praha, Čakovická 883_44 a 46, BD Krocínka B3 a B4",,,
"praha, čertův vršek 2533/5, česká republika","Praha, Čertův vršek 2533/5, Česká republika",,2026-11-06,186,Více než 60 dnů,zelená,2026-11-06 (plánovaná),,,čeká na přesné geokódování,"Kalendář FZ - 12 měsíců, 2023.xlsx",399,2021,,,,Praha,ASTIP STRONG 22kVA/10kVA/3F-15 min,,,,,,,,,,,,,6/26,,,,,,,,,,,,,,,,,,,,,,,,,,,,,,,,,,,,,,,,,,,,,,,,,,,,,,,,,,,,,,,,,,,,,,,,,,,,1,Naušová - Uldrich 602 305 888,"Praha, Čertův vršek 2533/5",,,
"praha, českobrodská 1174, pragolaktos, česká republika","Praha, Českobrodská 1174, Pragolaktos, Česká republika",,2027-02-05,277,Více než 60 dnů,zelená,2027-02-05 (plánovaná),,,čeká na přesné geokódování,"Kalendář FZ - 12 měsíců, 2023.xlsx",339,2018,,,,Praha,ASTIP PS 7500/3f - 15min,,,,5/27,,,,,,,,,,,,,,,,,,,,,,,,,,,,,,,,,,,,,,,,,,,,,,,,,,,,,,,,,,,,,,,,,,,,,,,,,,,,,,,,,,,,,1,Pohobradský 731 663 598,"Praha, Českobrodská 1174, Pragolaktos",,,
"praha, českobrodská 1329, coca cola, česká republika","Praha, Českobrodská 1329, Coca Cola, Česká republika",2026-03-03,2026-09-03,122,Více než 60 dnů,zelená,2026-03-03 (proběhlá); 2026-09-03 (plánovaná),,,čeká na přesné geokódování,Kalendář FZ - 6 měsíců.xlsx,243,2021,,,ALTRON Foltýn 606 665 209,Praha,ASTIP PS 100kVA/3F-60 minut,"Praha, Českobrodská 1329, Coca Cola",,,,3/26,,,,,,3/26,,,,,,,,,,,,,,,,,,,,,,,,,,,,,,,,,,,,,,,,,,,,,,,,,,,,,,,,,,,,,,,,,,,,,,,,,,,,,,2,,,,,
"praha, českobrodská 942, bd, česká republika","Praha, Českobrodská 942, BD, Česká republika",,2027-03-05,305,Více než 60 dnů,zelená,2027-03-05 (plánovaná),,,čeká na přesné geokódování,"Kalendář FZ - 12 měsíců, 2023.xlsx",340,2024,,,,Praha,"ASTIP STRONG 7500VA/1F-15, 60 minut",,,,,5/27,,,,,,,,,,,,,,,,,,,,,,,,,,,,,,,,,,,,,,,,,,,,,,,,,,,,,,,,,,,,,,,,,,,,,,,,,,,,,,,,,,,,1,Zelenka 725 013 376,"Praha, Českobrodská 942, BD",,,
"praha, čimická 143, bd, česká republika","Praha, Čimická 143, BD, Česká republika",,2027-01-22,263,Více než 60 dnů,zelená,2027-01-22 (plánovaná),,,čeká na přesné geokódování,"Kalendář FZ - 12 měsíců, 2023.xlsx",341,2024,,,,Praha,ASTIP STRONG 3000VA/3F-15 minut,,,22/27,,,,,,,,,,,,,,,,,,,,,,,,,,,,,,,,,,,,,,,,,,,,,,,,,,,,,,,,,,,,,,,,,,,,,,,,,,,,,,,,,,,,,,1,Tvrdíková 775 212 909,"Praha, Čimická 143, BD",,,
"praha, řešovská 852-10, bohnice -rezidence jasmín, česká republika","Praha, Řešovská 852-10, Bohnice -Rezidence Jasmín, Česká republika",2025-08-27,2026-02-27,-66,Po termínu,červená,2025-08-27 (proběhlá); 2026-02-27 (plánovaná),,,čeká na přesné geokódování,Kalendář FZ - 6 měsíců.xlsx,290,2020,ano,ano,"Metlička 702 060 184, Roman Matějka 602 369 789",Praha,ASTIP PS 200kVA/3F -45 minut,"Praha, Řešovská 852-10, Bohnice -Rezidence Jasmín",,,27/26,,,,,,27/25,,,,,,hlídat sami kontroly,,,,,,,,,,,,,,,,,,,,,,,,,,,,,,,,,,,,,,,,,,,,,,,,,,,,,,,,,,,,,,,,,,,,,,,,,2,,,,,
"praha, řásnovka 784-2, školka, česká republika","Praha, Řásnovka 784-2, školka, Česká republika",2026-04-21,2026-10-21,170,Více než 60 dnů,zelená,2026-04-21 (proběhlá); 2026-10-21 (plánovaná),,,čeká na přesné geokódování,Kalendář FZ - 6 měsíců.xlsx,289,2021,,,Ing. Paleček 603 418 389,Praha,"STRONG 1kVA/0,5kVA/1F-30 minut","Praha, Řásnovka 784-2, školka",,,,,21/26,,,,,,21/26,,,,,,,,,,,,,,,,,,,,,,,,,,,,,,,,,,,,,,,,,,,,,,,,,,,,,,,,,,,,,,,,,,,,,,,,,,,,,2,,,,,
"praha, římská 20, bd, česká republika","Praha, Římská 20, BD, Česká republika",2024-11-15,2024-11-15,-535,Po termínu,červená,2024-11-15 (plánovaná),,,čeká na přesné geokódování,"Kalendář FZ - 12 měsíců, 2023.xlsx",484,2021,ano,,,Praha,ASTIP STRONG 35kVA/5kVA/3F - 30 minut,,,,,,,,,,,,,15/24,,,,,,,,,,,,,,,,,,,,,,,,,,,,,,,,,,,,,,,,,,,,,,,,,,,,,,,,,,,,,,,,,,,,,,,,,,,,1,Lucie Austerlitzová  605 273 939,"Praha, Římská 20, BD",,,
"praha, římská 4, česká republika","Praha, Římská 4, Česká republika",2025-12-02,2026-06-02,29,7–30 dnů,oranžová,2025-12-02 (proběhlá); 2026-06-02 (plánovaná),,,čeká na přesné geokódování,Kalendář FZ - 6 měsíců.xlsx,291,2018,,,Daňkovský - 604 207 542,Praha,PS 10 000/3f - 45min.,"Praha, Římská 4",,,,,,,2/26,,,,,,2/25,,,,,,,,,,,,,,,,,,,,,,,,,,,,,,,,,,,,,,,,,,,,,,,,,,,,,,,,,,,,,,,,,,,,,,,,,,,2,,,,,
"praha, římská 403, hotel modrá růže, česká republika","Praha, Římská 403, hotel Modrá růže, Česká republika",2026-01-08,2026-07-08,65,Více než 60 dnů,zelená,2026-01-08 (proběhlá); 2026-07-08 (plánovaná),,,čeká na přesné geokódování,Kalendář FZ - 6 měsíců.xlsx,288,2025,,,Kučera 773 659 206,Praha,ASTIP PS Liftback 138kVA/20kVA/3F -45 minut,"Praha, Římská 403, hotel Modrá růže",,8/26,,,,,,8/26,,,,,,,,,,,,,,,,,,,,,,,,,,,,,,,,,,,,,,,,,,,,,,,,,,,,,,,,,,,,,,,,,,,,,,,,,,,,,,,,2,,,,,
"praha, šaldova 7a, česká republika","Praha, Šaldova 7a, Česká republika",,2027-01-20,261,Více než 60 dnů,zelená,2027-01-20 (plánovaná),,,čeká na přesné geokódování,"Kalendář FZ - 12 měsíců, 2023.xlsx",498,2026,ano,,,Praha,ASTIP STRONG Liftback 93/20kVA-3F -45 minut,,,20/27,,,,,,,,,,,,,,,,,,,,,,,,,,,,,,,,,,,,,,,,,,,,,,,,,,,,,,,,,,,,,,,,,,,,,,,,,,,,,,,,,,,,,,1,Opletal 777 168 685,"Praha, Šaldova 7a",,,
"praha, štanderova 881/4, česká republika","Praha, Štanderova 881/4, Česká republika",2026-01-21,2026-01-21,-103,Po termínu,červená,2026-01-21 (plánovaná),,,čeká na přesné geokódování,"Kalendář FZ - 12 měsíců, 2023.xlsx",499,2018,,,,Praha,"PS 15 000/3f - 15, 30min.",,,21/26,,,,,,,,,,,,,,,,,,,,,,,,,,,,,,,,,,,,,,,,,,,,,,,,,,,,,,,,,,,,,,,,,,,,,,,,,,,,,,,,,,,,,,1,,"Praha, Štanderova 881/4",,,
"praha, štanderova 887, česká republika","Praha, Štanderova 887, Česká republika",2024-12-19,,,Bez termínu,šedá,2024-12-19 (nezjištěno),,,čeká na přesné geokódování,"Kalendář FZ - 12 měsíců, 2023.xlsx",500,"2019, 2020",,,,Praha,PS 15 000/3f - 30min + 1kVA,,,,,,,,,,,,,,19/24,,2025 -ukončená spolupráce - mají jiný zdroj BD Letňanské zahrady H. I,,,,,,,,,,,,,,,,,,,,,,,,,,,,,,,,,,,,,,,,,,,,,,,,,,,,,,,,,,,,,,,,,,,,,,,,,1,Gál Jiviš,"Praha, Štanderova 887",,,
"praha, švehlova, česká republika","Praha, Švehlova, Česká republika",2021-01-27,,,Bez termínu,šedá,2021-01-27 (nezjištěno),,,čeká na přesné geokódování,"Kalendář FZ - 12 měsíců, 2023.xlsx",502,2015,,,,Praha,"ASTIP PS 15kVA/3f-45 minut, PS 1500/3f-45 minut",,,27/21,,,,,,,,,,,,,1.7.2024 - mají tam zařízení od jiného dodavatele…,,,,,,,,,,,,,,,,,,,,,,,,,,,,,,,,,,,,,,,,,,,,,,,,,,,,,,,,,,,,,,,,,,,,,,,,,1,Neznik - 725 607 384,"Praha, Švehlova",,,
"praha, švejcarovo náměstí 2694/4, česká republika","Praha, Švejcarovo náměstí 2694/4, Česká republika",2023-10-19,2023-10-19,-928,Po termínu,červená,2023-10-19 (plánovaná),,,čeká na přesné geokódování,"Kalendář FZ - 12 měsíců, 2023.xlsx",503,2016,,,,Praha,ASTIP PS 20kVA/3f-45 minut,,,,,,,,,,,,19/23,,,,,,,,,,,,,,,,,,,,,,,,,,,,,,,,,,,,,,,,,,,,,,,,,,,,,,,,,,,,,,,,,,,,,,,,,,,,,1,Rony Odeh 732 652 221,"Praha, Švejcarovo náměstí 2694/4",,,
"praha, švédská 15, česká republika","Praha, Švédská 15, Česká republika",2022-06-16,2022-06-16,-1418,Po termínu,červená,2022-06-16 (plánovaná),,,čeká na přesné geokódování,"Kalendář FZ - 12 měsíců, 2023.xlsx",501,bez,,,,Praha,ASTIP R-SOZ,,,,,,,,16/22,,,,,,,,,,,,,,,,,,,,,,,,,,,,,,,,,,,,,,,,,,,,,,,,,,,,,,,,,,,,,,,,,,,,,,,,,,,,,,,,,1,Corradini 724 230 992,"Praha, Švédská 15",,,
"praha, šífařská 577/ 26, bd hodkovičky, česká republika","Praha, Šífařská 577/ 26, BD Hodkovičky, Česká republika",,2027-03-12,312,Více než 60 dnů,zelená,2027-03-12 (plánovaná),,,čeká na přesné geokódování,"Kalendář FZ - 12 měsíců, 2023.xlsx",363,2021,,,,Praha,PS 15kVA/3F-60 minut,,,,,12/27,,,,,,,,,,,,,,,,,,,,,,,,,,,,,,,,,,,,,,,,,,,,,,,,,,,,,,,,,,,,,,,,,,,,,,,,,,,,,,,,,,,,1,Janeček 736 611 796,"Praha, Šífařská 577_ 26, BD Hodkovičky",,,
"praha, žalanského 1416, bd, česká republika","Praha, Žalanského 1416, BD, Česká republika",2023-12-08,2023-12-08,-878,Po termínu,červená,2023-12-08 (plánovaná),,,čeká na přesné geokódování,"Kalendář FZ - 12 měsíců, 2023.xlsx",538,2019,,,,Praha,ASTIP STRONG 1000/1f-15 minut,,,,,,,,,,,,,,8/23,,,,,,,,,,,,,,,,,,,,,,,,,,,,,,,,,,,,,,,,,,,,,,,,,,,,,,,,,,,,,,,,,,,,,,,,,,,1,"Dytrych PPM, 777 364 095","Praha, Žalanského 1416, BD",,,
"prasklice 142, dps, česká republika","Prasklice 142, DPS, Česká republika",2025-10-31,2026-04-30,-4,Po termínu,červená,2025-10-31 (proběhlá); 2026-04-30 (plánovaná),,,čeká na přesné geokódování,Kalendář FZ - 6 měsíců.xlsx,308,2018,,,Dosoudil 775 761 502,Zlínský,Astip PS 15 000/3f-45 minut,"Prasklice 142, DPS",,,,,30/26,,,,,,31/25,,,,,,,,,,,,,,,,,,,,,,,,,,,,,,,,,,,,,,,,,,,,,,,,,,,,,,,,,,,,,,,,,,,,,,,,,,,,,2,,,,,
"prostějov, olomoucká 116, česká republika","Prostějov, Olomoucká 116, Česká republika",,2027-01-28,269,Více než 60 dnů,zelená,2027-01-28 (plánovaná),,,čeká na přesné geokódování,"Kalendář FZ - 12 měsíců, 2023.xlsx",539,2016,,,,Olomoucký,PS 4000VA/3f-45 minut,,,28/27,,,,,,,,,,,,,,,Globe servis,,,,,,,,,,,,,,,,,,,,,,,,,,,,,,,,,,,,,,,,,,,,,,,,,,,,,,,,,,,,,,,,,,,,,,,1,Pořízka - 737 154 130,"Prostějov, Olomoucká 116",,,Globe servis
"prostějov, průmyslová 20, česká republika","Prostějov, Průmyslová 20, Česká republika",,2026-10-24,173,Více než 60 dnů,zelená,2026-10-24 (plánovaná),,,čeká na přesné geokódování,"Kalendář FZ - 12 měsíců, 2023.xlsx",540,2018,,ano,,Olomoucký,"Strong 4000/3f,1f - 10 min.",,,,,,,,,,,,24/26,,,,"fa a prot. zaslat na Tovární 836/9b, Prostějov, faktura na Radek Mudrla, Laser Technology",,,,,,,,,,,,,,,,,,,,,,,,,,,,,,,,,,,,,,,,,,,,,,,,,,,,,,,,,,,,,,,,,,,,,,,,,1,"Radim Cimrman, 605 035 685","Prostějov, Průmyslová 20",,,
"prostějov, vodní 23+25, cenrum zdraví, česká republika","Prostějov, Vodní 23+25, Cenrum zdraví, Česká republika",,2027-04-20,351,Více než 60 dnů,zelená,2027-04-20 (plánovaná),,,čeká na přesné geokódování,"Kalendář FZ - 12 měsíců, 2023.xlsx",541,2018,,,,Olomoucký,ASTIP PS 4 000/3F - 20 minut,,,,,,20/27,,,,,,,,,,2020 -23 STOP STAV,,,,,,,,,,,,,,,,,,,,,,,,,,,,,,,,,,,,,,,,,,,,,,,,,,,,,,,,,,,,,,,,,,,,,,,,,1,Ing. Poslušný 777 793 099,"Prostějov, Vodní 23+25, Cenrum zdraví",,,
"prusinovice, zámčisko 170, česká republika","Prusinovice, Zámčisko 170, Česká republika",2026-01-20,2026-07-20,77,Více než 60 dnů,zelená,2026-01-20 (proběhlá); 2026-07-20 (plánovaná),,,čeká na přesné geokódování,Kalendář FZ - 6 měsíců.xlsx,309,2017,,,Navrátilová  739 405 334,Zlínský,"STRONG 3 000/3f, 10 min","Prusinovice, Zámčisko 170",,20/26,,,,,,20/26,,,,,,,,6000,,,,,,,,,,,,,,,,,,,,,,,,,,,,,,,,,,,,,,,,,,,,,,,,,,,,,,,,,,,,,,,,,,,,,,,,2,,,,,
"pyšely, t.g.masaryka, česká republika","Pyšely, T.G.Masaryka, Česká republika",2023-01-12,,,Bez termínu,šedá,2023-01-12 (nezjištěno),,,čeká na přesné geokódování,Kalendář FZ - 6 měsíců.xlsx,310,2016,10/23 -zrušena,,"Veronika Skálová 602 246 620, pan Hájek 724 895 931",Středočeský,  LiftBack 15kVA/3f-45 minut,"Pyšely, T.G.Masaryka",,12/23,,,,,,,,,,,,,od Minaříka - servisuje a opravuje jim to jiná firma…..18.6.2024 -posílám aktualizaci CN,,,,,,,,,,,,,,,,,,,,,,,,,,,,,,,,,,,,,,,,,,,,,,,,,,,,,,,,,,,,,,,,,,,,,,,,,1,,,,,
"písek, nádražní 2725, lidl, česká republika","Písek, Nádražní 2725, LIDL, Česká republika",2026-04-11,2026-04-11,-23,Po termínu,červená,2026-04-11 (plánovaná),,,čeká na přesné geokódování,"Kalendář FZ - 12 měsíců, 2023.xlsx",292,2020,ano,,,Jihočeský,ASTIP PS LIFTBACK 30kVA/15kVA/3F -45 minut,,,,,,11/26,,,,,,,,,,,,,,,,,,,,,,,,,,,,,,,,,,,,,,,,,,,,,,,,,,,,,,,,,,,,,,,,,,,,,,,,,,,,,,,,,,,1,Týblová 257 086 578,"Písek, Nádražní 2725, LIDL",,,
"púchov, námestie slobody 1624/31, slovensko","Púchov, Námestie Slobody 1624/31, Slovensko",,2026-08-21,109,Více než 60 dnů,zelená,2026-08-21 (plánovaná),,,čeká na přesné geokódování,"Kalendář FZ - 12 měsíců, 2023.xlsx",542,2024,,,,Slovensko,ASTIP PS Liftback 15kVA/3F-45 minut,,,,,,,,,,21/26,,,,,,,,,,,,,,,,,,,,,,,,,,,,,,,,,,,,,,,,,,,,,,,,,,,,,,,,,,,,,,,,,,,,,,,,,,,,,,,1,"Svitek - správa +421 903 492 131, Zethy 0903 492 131","Púchov, Námestie Slobody 1624_31, Slovensko",,,
"radobica okr. prievidza, dps iris, slovensko","Radobica okr. Prievidza, DPS IRIS, Slovensko",2025-12-16,2026-06-16,43,30–60 dnů,žlutá,2025-12-16 (proběhlá); 2026-06-16 (plánovaná),,,čeká na přesné geokódování,Kalendář FZ - 6 měsíců.xlsx,311,2019,,,"Pan Ladický 0903 130531, skočili s něma, nově kontakt Izabela Terkovičová
telefon +421 917 833 402 ",Slovensko,ASTIP STRONG 20kVA/3F-45minut,"Radobica okr. Prievidza, DPS IRIS",,,,,,,16/26,,,,,,16/25,,,,,,,,,,,,,,,,,,,,,,,,,,,,,,,,,,,,,,,,,,,,,,,,,,,,,,,,,,,,,,,,,,,,,,,,,,,2,,,,,
"rokycany, u bílé haldy 1176, brusivo, česká republika","Rokycany, U Bílé haldy 1176, brusivo, Česká republika",2025-12-10,2025-12-10,-145,Po termínu,červená,2025-12-10 (plánovaná),,,čeká na přesné geokódování,"Kalendář FZ - 12 měsíců, 2023.xlsx",543,2022,,,,Plzeňský,ASTIP STRONG 15kVA/3F-30 minut,,,,,,,,,,,,,,10/25,,,,,,,,,,,,,,,,,,,,,,,,,,,,,,,,,,,,,,,,,,,,,,,,,,,,,,,,,,,,,,,,,,,,,,,,,,,1,Ing. Mašíček 725 102 406,"Rokycany, U Bílé haldy 1176, brusivo",,,
"rokytnice nad jizerou, dolní rokytnice 447, penzion, česká republika","Rokytnice nad Jizerou, Dolní Rokytnice 447, penzion, Česká republika",2026-03-24,2026-09-24,143,Více než 60 dnů,zelená,2026-03-24 (proběhlá); 2026-09-24 (plánovaná),,,čeká na přesné geokódování,Kalendář FZ - 6 měsíců.xlsx,312,2022,ano,,Opluštilová 734 521 322,Liberecký,ASTIP STRONG 30kVA/15kVA/3F -45 minut,"Rokytnice nad Jizerou,Dolní Rokytnice 447, penzion",,,,24/26,,,,,,24/26,,,,,,,,,,,,,,,,,,,,,,,,,,,,,,,,,,,,,,,,,,,,,,,,,,,,,,,,,,,,,,,,,,,,,,,,,,,,,,2,,,,,
"rokytnice u přerova, domov na zámečku, česká republika","Rokytnice u Přerova, Domov na Zámečku, Česká republika",2025-12-11,2026-06-11,38,30–60 dnů,žlutá,2025-12-11 (proběhlá); 2026-06-11 (plánovaná),,,čeká na přesné geokódování,Kalendář FZ - 6 měsíců.xlsx,313,2022,,,Tomáš Červený 733 531 119,Olomoucký,Astip STRONG Liftback 30kVA/3F-45 minut/EI45,"Rokytnice u Přerova, Domov na Zámečku",,,,,,,11/26,,,,,,11/25,,,,,,,,,,,,,,,,,,,,,,,,,,,,,,,,,,,,,,,,,,,,,,,,,,,,,,,,,,,,,,,,,,,,,,,,,,,2,,,,,
"rosice, na vyhlídce 1700, bd, česká republika","Rosice, Na Vyhlídce 1700, BD, Česká republika",,2026-06-05,32,30–60 dnů,žlutá,2026-06-05 (plánovaná),,,čeká na přesné geokódování,"Kalendář FZ - 12 měsíců, 2023.xlsx",545,2020,,,,Jihomoravský,ASTIP STRONG 20kVA/3F-30 minut,,,,,,,,5/26,,,,,,,,,,,,,,,,,,,,,,,,,,,,,,,,,,,,,,,,,,,,,,,,,,,,,,,,,,,,,,,,,,,,,,,,,,,,,,,,,1, Vladimír Pakosta 608 776 653,"Rosice, Na Vyhlídce 1700, BD",,,
"rosice, na vyhlídce 1712, bd, česká republika","Rosice, Na Vyhlídce 1712, BD, Česká republika",,2027-02-09,281,Více než 60 dnů,zelená,2027-02-09 (plánovaná),,,čeká na přesné geokódování,"Kalendář FZ - 12 měsíců, 2023.xlsx",544,2023,,,,Jihomoravský,ASTIP STRONG 27kVA/10kVA/3F-30minut,,,,9/27,,,,,,,,,,,,,,,,,,,,,,,,,,,,,,,,,,,,,,,,,,,,,,,,,,,,,,,,,,,,,,,,,,,,,,,,,,,,,,,,,,,,,1,pan Pavlík 773 567 796,"Rosice, Na Vyhlídce 1712, BD",,,
"rožnov pod radhoštěm, pivovarská 6, česká republika","Rožnov pod Radhoštěm, Pivovarská 6, Česká republika",2023-10-31,2024-04-30,-734,Po termínu,červená,2023-10-31 (proběhlá); 2024-04-30 (plánovaná),,,čeká na přesné geokódování,Kalendář FZ - 6 měsíců.xlsx,314,"2019, 2017",,,733533236,Zlínský,"ASTIP STRONG 1000/1f-45 min, PS LiftBack 7500/3f-45 minut","Rožnov pod Radhoštěm, Pivovarská 6",,,,,30/24,,,,,,"31/23-7,5kVA - STOP STAV",,,,,,,,,,,,,,,,,,,,,,,,,,,,,,,,,,,,,,,,,,,,,,,,,,,,,,,,,,,,,,,,,,,,,,,,,,,,,2,,,,,
"rudná u prahy, prologis park, česká republika","Rudná u Prahy, Prologis Park, Česká republika",,,,Bez termínu,šedá,,,,čeká na přesné geokódování,Kalendář FZ - 6 měsíců.xlsx,315,bez  v.č.,,,,Středočeský,  PS 1000/3f MOC ZDROJŮ,"Rudná u Prahy, Prologis Park",,,,,,,,,,,,,,,,,,,,,,,,,,,,,,,,,,,,,,,,,,,,,,,,,,,,,,,,,,,,,,,,,,,,,,,,,,,,,,,,,,,,,,,,0,,,,,
"rybnice, kaznějov, best, česká republika","Rybnice, Kaznějov, BEST, Česká republika",2025-07-03,2025-07-03,-305,Po termínu,červená,2025-07-03 (plánovaná),,,čeká na přesné geokódování,"Kalendář FZ - 12 měsíců, 2023.xlsx",546,2022,,,,Plzeňský,ASTIP STRONG 30kVA/3kVA/3F -60 minut,,,,,,,,,3/25,,,,,,,,,,,,,,,,,,,,,,,,,,,,,,,,,,,,,,,,,,,,,,,,,,,,,,,,,,,,,,,,,,,,,,,,,,,,,,,,1,Hladík 777 780 110,"Rybnice, Kaznějov, BEST",,,
"rychnov nad kněžnou, dlouhá ves 188, bednar fmt, česká republika","Rychnov nad Kněžnou, Dlouhá Ves 188, Bednar FMT, Česká republika",2024-09-19,2025-03-19,-411,Po termínu,červená,2024-09-19 (proběhlá); 2025-03-19 (plánovaná),,,čeká na přesné geokódování,Kalendář FZ - 6 měsíců.xlsx,316,"2020, 2019",,,Grim Jan 727 956 081,Královehradecký,3 x UPS,"Rychnov nad Kněžnou, Dlouhá Ves 188, Bednar FMT",,,,19/25,,,,,,19/24-1x stop stav,,,,,,,,,,,,,,,,,,,,,,,,,,,,,,,,,,,,,,,,,,,,,,,,,,,,,,,,,,,,,,,,,,,,,,,,,,,,,,2,,,,,
"rychnov nad kněžnou, na drahách 1826, dps, česká republika","Rychnov nad Kněžnou, Na Drahách 1826, DPS, Česká republika",2026-02-03,2026-08-03,91,Více než 60 dnů,zelená,2026-02-03 (proběhlá); 2026-08-03 (plánovaná),,,čeká na přesné geokódování,Kalendář FZ - 6 měsíců.xlsx,317,2018,,,Beneš - 702 025 510,Královehradecký,"Astip PS 2000/3f-30 minut, Astip PS 3000/3f-30 minut","Rychnov nad Kněžnou, Na Drahách 1826, DPS",,,3/26,,,,,,3/26,,,,,,,,,,,,,,,,,,,,,,,,,,,,,,,,,,,,,,,,,,,,,,,,,,,,,,,,,,,,,,,,,,,,,,,,,,,,,,,2,,,,,
"sadská, parker hannifin, poděbradská 1005, česká republika","Sadská, Parker Hannifin, Poděbradská 1005, Česká republika",2025-06-25,2025-12-25,-130,Po termínu,červená,2025-06-25 (proběhlá); 2025-12-25 (plánovaná),,,čeká na přesné geokódování,Kalendář FZ - 6 měsíců.xlsx,319,2018,ano,,Heršálek 724 132 963,Středočeský,STRONG 20kVA/3F - 30 minut + rozváděč,"Sadská, Parker Hannifin, Poděbradská 1005",,,,,,,25/25,,,,,,25/25,,,,,,,,,,,,,,,,,,,,,,,,,,,,,,,,,,,,,,,,,,,,,,,,,,,,,,,,,,,,,,,,,,,,,,,,,,,2,,,,,
"sedlčany, sportovní komplex vltavan, česká republika","Sedlčany, sportovní komplex Vltavan, Česká republika",,2026-09-25,144,Více než 60 dnů,zelená,2026-09-25 (plánovaná),,,čeká na přesné geokódování,"Kalendář FZ - 12 měsíců, 2023.xlsx",548,2021,,,,Středočeský,ASTIP STRONG 7500VA/3F -15 minut,,,,,,,,,,,25/26,,,,,,,,,,,,,,,,,,,,,,,,,,,,,,,,,,,,,,,,,,,,,,,,,,,,,,,,,,,,,,,,,,,,,,,,,,,,,,1,Kuba Chaloupecký 722 921 208,"Sedlčany, sportovní komplex Vltavan",,,
"sedlčany, tyršova 1401, bd mastnik, česká republika","Sedlčany, Tyršova 1401, BD Mastnik, Česká republika",2024-10-06,2024-10-06,-575,Po termínu,červená,2024-10-06 (plánovaná),,,čeká na přesné geokódování,"Kalendář FZ - 12 měsíců, 2023.xlsx",549,2022,ano,,,Středočeský,ASTIP STRONG 1 000VA/1F -10 minut,,,,,,,,,,,,6/24,,,,,,,,,,,,,,,,,,,,,,,,,,,,,,,,,,,,,,,,,,,,,,,,,,,,,,,,,,,,,,,,,,,,,,,,,,,,,1,Sebera 736 284 387,"Sedlčany, Tyršova 1401, BD Mastnik",,,
"sezimovo ústí, k hájence 1500, dps, česká republika","Sezimovo Ústí, K Hájence 1500, DPS, Česká republika",,2026-10-28,177,Více než 60 dnů,zelená,2026-10-28 (plánovaná),,,čeká na přesné geokódování,Kalendář FZ - 6 měsíců.xlsx,320,2018,ano,,Stejskal 725 769 860,Jihočeský,ASTIP PS 20 000/3f-45 minut,"Sezimovo Ústí, K Hájence 1500, DPS",,,,,2826,,,,,,28/26,,,,,,,,,,,,,,,,,,,,,,,,,,,,,,,,,,,,,,,,,,,,,,,,,,,,,,,,,,,,,,,,,,,,,,,,,,,,,1,,,,,
"slaný, lázeňská 2036, slánský mlýn bd, česká republika","Slaný, Lázeňská 2036, Slánský mlýn BD, Česká republika",,2027-01-22,263,Více než 60 dnů,zelená,2027-01-22 (plánovaná),,,čeká na přesné geokódování,"Kalendář FZ - 12 měsíců, 2023.xlsx",550,2024,ano,,,Středočeský,"ASTIP STRONG 1000VA/1F-45,60 minut",,,22/27,,,,,,,,,,,,,,,,,,,,,,,,,,,,,,,,,,,,,,,,,,,,,,,,,,,,,,,,,,,,,,,,,,,,,,,,,,,,,,,,,,,,,,1,"Jana Naušová 602 305 888, ULDRICH","Slaný, Lázeňská 2036, Slánský mlýn BD",,,
"slaný, lázeňská 2037, slánský mlýn bd, česká republika","Slaný, Lázeňská 2037, Slánský mlýn BD, Česká republika",,2026-09-09,128,Více než 60 dnů,zelená,2026-09-09 (plánovaná),,,čeká na přesné geokódování,"Kalendář FZ - 12 měsíců, 2023.xlsx",551,2023,ano,,,Středočeský,"ASTIP STRONG 1000VA/1F-45,60 minut",,,,,,,,,,,9/26,,,,,,,,,,,,,,,,,,,,,,,,,,,,,,,,,,,,,,,,,,,,,,,,,,,,,,,,,,,,,,,,,,,,,,,,,,,,,,1,"Jana Naušová 602 305 888, ULDRICH","Slaný, Lázeňská 2037, Slánský mlýn BD",,,
"slatinice, ld balnea, česká republika","Slatinice, LD Balnea, Česká republika",,2027-03-27,327,Více než 60 dnů,zelená,2027-03-27 (plánovaná),,,čeká na přesné geokódování,"Kalendář FZ - 12 měsíců, 2023.xlsx",552,2021 +2024/2014 out,ano,ano,,Olomoucký,  Astip PS 15 000/3f – dojezd +                     PS 20 000/3f-45 minut,,,,,27/27,,,,,,,,,,,je tam nový zdroj 24011001,,,,,,,,,,,,,,,,,,,,,,,,,,,,,,,,,,,,,,,,,,,,,,,,,,,,,,,,,,,,,,,,,,,,,,,,,1,Petr Jiříček +420 734 437 725,"Slatinice, LD Balnea",,,
"slavkov u brna, slovanská 758, destila, česká republika","Slavkov u Brna, Slovanská 758, DESTILA, Česká republika",,2027-01-16,257,Více než 60 dnů,zelená,2027-01-16 (plánovaná),,,čeká na přesné geokódování,"Kalendář FZ - 12 měsíců, 2023.xlsx",553,2024,ano,ano,,Jihomoravský,ASTIP STRONG 5kVA/3F-10 minut,,,16/27,,,,,,,,,,,,,,,,,,,,,,,,,,,,,,,,,,,,,,,,,,,,,,,,,,,,,,,,,,,,,,,,,,,,,,,,,,,,,,,,,,,,,,1,Hořava 605 446 716,"Slavkov u Brna, Slovanská 758, DESTILA",,,
"slušovice, dostihová 725, kodus, česká republika","Slušovice, Dostihová 725, KODUS, Česká republika",2025-11-13,2026-05-13,9,7–30 dnů,oranžová,2025-11-13 (proběhlá); 2026-05-13 (plánovaná),,,čeká na přesné geokódování,Kalendář FZ - 6 měsíců.xlsx,321,2023,ano,ano,Josef Pospíšil 608 890 044,Zlínský,ASTIP STRONG Liftback 68kVA/20kVA/3F -45 minut,"Slušovice, Dostihová 725, KODUS",,,,,,13/26,,,,,,13/25,,,,,,,,,,,,,,,,,,,,,,,,,,,,,,,,,,,,,,,,,,,,,,,,,,,,,,,,,,,,,,,,,,,,,,,,,,,,2,,,,,
"sobotka, libošovice 39, charita, česká republika","Sobotka, Libošovice 39, Charita, Česká republika",2026-04-21,2026-10-21,170,Více než 60 dnů,zelená,2026-04-21 (proběhlá); 2026-10-21 (plánovaná),,,čeká na přesné geokódování,Kalendář FZ - 6 měsíců.xlsx,322,2025,ano,ano,"Soňa Rytinová, DiS.,721 408 621",,ASTIP STRONG 15kVA/3F -45 minut,"Sobotka, Libošovice 39, Charita",,,,,21/26,,,,,,21/26,,,,,,,,,,,,,,,,,,,,,,,,,,,,,,,,,,,,,,,,,,,,,,,,,,,,,,,,,,,,,,,,,,,,,,,,,,,,,2,,,,,
"sokolov, soud v sokolově, česká republika","Sokolov, Soud v Sokolově, Česká republika",,2027-02-17,289,Více než 60 dnů,zelená,2027-02-17 (plánovaná),,,čeká na přesné geokódování,"Kalendář FZ - 12 měsíců, 2023.xlsx",554,2012,,,,Karlovarský,  PS 7500/3f-45 minut,,,,17/27,,,,,,,,,,,,,,,,,,,,,,,,,,,,,,,,,,,,,,,,,,,,,,,,,,,,,,,,,,,,,,,,,,,,,,,,,,,,,,,,,,,,,1,p. Dunda - 737 244 510,"Sokolov, Soud v Sokolově",,,
"sokolovská uhelná, vintířov, vřesová, suas zpracování odpadů, česká republika","Sokolovská Uhelná, Vintířov, Vřesová, SUAS zpracování odpadů, Česká republika",,2026-09-30,149,Více než 60 dnů,zelená,2026-09-30 (plánovaná),,,čeká na přesné geokódování,"Kalendář FZ - 12 měsíců, 2023.xlsx",555,2017,,ano,,Karlovarský,PS 7500/3f-30 minut,,,,,,,,,,,30/26,,,,,Spojit s nečím jiným málo peněz,,,,,,,,,,,,,,,,,,,,,,,,,,,,,,,,,,,,,,,,,,,,,,,,,,,,,,,,,,,,,,,,,,,,,,,,,1,"Schrack, Cachová, Nejedlý","Sokolovská Uhelná, Vintířov, Vřesová, SUAS zpracování odpadů",,,
"stará boleslav, lázeňská 61, česká republika","Stará Boleslav, Lázeňská 61, Česká republika",2025-07-03,,,Bez termínu,šedá,2025-07-03 (nezjištěno),,,čeká na přesné geokódování,"Kalendář FZ - 12 měsíců, 2023.xlsx",556,2017,,,,Středočeský,LiftBack 10kVA/3f-45 min,,,,,,,,,3/25,,,,,,,takže zdroj demontován a končíme,,,,,,,,,,,,,,,,,,,,,,,,,,,,,,,,,,,,,,,,,,,,,,,,,,,,,,,,,,,,,,,,,,,,,,,,,1,Dvořáková - 775 448 099,"Stará Boleslav, Lázeňská 61",,,Česká katolická charita
"staré město u uh. hradiště, huštěnovská 2022, f. ray service a.s, česká republika","Staré Město u Uh. Hradiště, Huštěnovská 2022, f. Ray Service a.s, Česká republika",,2027-02-20,292,Více než 60 dnů,zelená,2027-02-20 (plánovaná),,,čeká na přesné geokódování,"Kalendář FZ - 12 měsíců, 2023.xlsx",557,2023,,,,Zlínský,STRONG 19kVA/2kVA/3F - 45 minut,,,,20/27,,,,,,,,,,,,,,,,,,,,,,,,,,,,,,,,,,,,,,,,,,,,,,,,,,,,,,,,,,,,,,,,,,,,,,,,,,,,,,,,,,,,,1,Očadlík 724 051 102,"Staré Město u Uh. Hradiště, Huštěnovská 2022, f. Ray Service a.s",,,
"strakonice, bd na ohradě 108, česká republika","Strakonice, BD Na Ohradě 108, Česká republika",2023-01-20,2023-01-20,-1200,Po termínu,červená,2023-01-20 (plánovaná),,,čeká na přesné geokódování,"Kalendář FZ - 12 měsíců, 2023.xlsx",558,2019,,,,Jihočeský,ASTIP STRONG 10kVA/3F -30 minut,,,20/23,,,,,,,,,,,,,,,,,,,,,,,,,,,,,,,,,,,,,,,,,,,,,,,,,,,,,,,,,,,,,,,,,,,,,,,,,,,,,,,,,,,,,,1,Martínek 724 382 777,"Strakonice, BD Na Ohradě 108",,,
"strážný, strážný 115, free one shop, česká republika","Strážný, Strážný 115, Free One Shop, Česká republika",2025-07-08,2025-07-08,-300,Po termínu,červená,2025-07-08 (plánovaná),,,čeká na přesné geokódování,"Kalendář FZ - 12 měsíců, 2023.xlsx",559,2017,,,,Jihočeský,STRONG 2000/1F -30 minut,,,,,,,,,8/25,,,,,,,,,,,,,,,,,,,,,,,,,,,,,,,,,,,,,,,,,,,,,,,,,,,,,,,,,,,,,,,,,,,,,,,,,,,,,,,,1,Machnik 775 98 140,"Strážný, Strážný 115 - Free One Shop",,,
"studnice 23, studnice u rokytna, bd, česká republika","Studnice 23, Studnice u Rokytna, BD, Česká republika",2024-04-27,2024-04-27,-737,Po termínu,červená,2024-04-27 (plánovaná),,,čeká na přesné geokódování,"Kalendář FZ - 12 měsíců, 2023.xlsx",560,2020,,,,Jihomoravský,"ASTIP PS 
3 000VA/1F 30 minut,",,,,,,27/24,,,,,,,,,,2024-dovézt 12Ah pomocku,,,,,,,,,,,,,,,,,,,,,,,,,,,,,,,,,,,,,,,,,,,,,,,,,,,,,,,,,,,,,,,,,,,,,,,,,1,Jiří Mudroch 777 259 577,"Studnice 23, Studnice u Rokytna, BD",,,
"stěžery, lipová 32, zš a mš, česká republika","Stěžery, Lipová 32, ZŠ a MŠ, Česká republika",2026-02-17,2026-08-17,105,Více než 60 dnů,zelená,2026-02-17 (proběhlá); 2026-08-17 (plánovaná),,,čeká na přesné geokódování,Kalendář FZ - 6 měsíců.xlsx,323,2019,,,Pvlíčková 604 796 966,Královehradecký,STRONG 1 000VA/1F -10 minut,"Stěžery,Lipová 32, ZŠ a MŠ",,,17/26,,,,,,17/26,,,,,,,,,,,,,,,,,,,,,,,,,,,,,,,,,,,,,,,,,,,,,,,,,,,,,,,,,,,,,,,,,,,,,,,,,,,,,,,2,,,,,
"střelice, tetčická 31169, česká republika","Střelice, Tetčická 31169, Česká republika",2026-04-02,2026-04-02,-32,Po termínu,červená,2026-04-02 (plánovaná),,,čeká na přesné geokódování,Kalendář FZ - 6 měsíců.xlsx,324,2016,,ano,"Voštěra 607 192 347-nemocný, volat 547 422 816",Jihomoravský,Astip PS 20kVA/3f-45 minut,"Střelice, Tetčická 31169",,,,,2/26,,,,,,,,,,,,,,,,,,,,,,,,,,,,,,,,,,,,,,,,,,,,,,,,,,,,,,,,,,,,,,,,,,,,,,,,,,,,,,,,,,,1,,,,,
"stříbro, revoluční 1011, dps, česká republika","Stříbro, Revoluční 1011, DPS, Česká republika",2025-11-06,2026-05-06,2,Méně než 7 dnů,červená,2025-11-06 (proběhlá); 2026-05-06 (plánovaná),,,čeká na přesné geokódování,Kalendář FZ - 6 měsíců.xlsx,325,2025,,,Jan Holubec +420 778 887 015,,ASTIP STRONG 40kVA/3F-45 minut,"Stříbro, Revoluční 1011, DPS",,,,,,6/26,,,,,,6/25,,,,,,,,,,,,,,,,,,,,,,,,,,,,,,,,,,,,,,,,,,,,,,,,,,,,,,,,,,,,,,,,,,,,,,,,,,,,2,,,,,
"sušice, pod svatoborem 56, česká republika","Sušice, Pod Svatoborem 56, Česká republika",2026-01-19,2026-07-19,76,Více než 60 dnů,zelená,2026-01-19 (proběhlá); 2026-07-19 (plánovaná),,,čeká na přesné geokódování,Kalendář FZ - 6 měsíců.xlsx,326,2019,ano,,Ronová - 602585967,Plzeňský,PS 15 000/3f -45 minut,"Sušice, Pod Svatoborem 56",,19/26,,,,,,19/26,,,,,,,,14200,,,,,,,,,,,,,,,,,,,,,,,,,,,,,,,,,,,,,,,,,,,,,,,,,,,,,,,,,,,,,,,,,,,,,,,,2,,,,,
"světlá nad sázavou, rozkoš 990, věznice, česká republika","Světlá nad Sázavou, Rozkoš 990, Věznice, Česká republika",2026-03-10,2026-09-10,129,Více než 60 dnů,zelená,2026-03-10 (proběhlá); 2026-09-10 (plánovaná),,,čeká na přesné geokódování,Kalendář FZ - 6 měsíců.xlsx,327,2021,,,Sýkora 601 075 564,,ASTIP STRONG 10/2kVA/1F-15 minut,"Světlá nad Sázavou, Rozkoš 990, Věznice",,,,10/26,,,,,,10/26,,,,,,,,,,,,,,,,,,,,,,,,,,,,,,,,,,,,,,,,,,,,,,,,,,,,,,,,,,,,,,,,,,,,,,,,,,,,,,2,,,,,
"telč, tyršova 157, zimní stadion, česká republika","Telč, Tyršova 157, zimní stadion, Česká republika",2024-11-27,2024-11-27,-523,Po termínu,červená,2024-11-27 (plánovaná),,,čeká na přesné geokódování,Kalendář FZ - 6 měsíců.xlsx,332,2015,ano,,Marek Schmaus - tel.: 724 754 896,Vysočina,15 kVA/3F -20 minut,"Telč, Tyršova 157, zimní stadion",,,,,,,,,,,,27/24,,,"18.6.2024-posílám aktualizovanou cenovku, cca do měsíce by se mělo vědět, chtějí to rozhodně dělat…tak musíme čekat..hldají si to, řeší se tam ",9200,H+H technika,H+H technika,,,,,,,,,,,,,,,,,,,,,,,,,,,,,,,,,,,,,,,,,,,,,,,,,,,,,,,,,,,,,,,,,,,,,,1,,,,,
"teplice, krupka, mercor, česká republika","Teplice, Krupka, Mercor, Česká republika",2020-03-08,2020-03-08,-2248,Po termínu,červená,2020-03-08 (plánovaná),,,čeká na přesné geokódování,"Kalendář FZ - 12 měsíců, 2023.xlsx",567,bez,,,,Ústecký,"R-SOZ 1-7, R-SOZ 8-13",,,,,8/20,,,,,,,,,,,za oba rozváděče,,,,,,,,,,,,,,,,,,,,,,,,,,,,,,,,,,,,,,,,,,,,,,,,,,,,,,,,,,,,,,,,,,,,,,,,,1,,"Teplice, Krupka - Mercor",,18000,
"teplice, nám. svobody 3316, oc teplice, česká republika","Teplice, nám. Svobody 3316, OC Teplice, Česká republika",,2026-12-16,226,Více než 60 dnů,zelená,2026-12-16 (plánovaná),,,čeká na přesné geokódování,"Kalendář FZ - 12 měsíců, 2023.xlsx",568,2025,ano,,,Ústecký,Astip Ps Liftback 20kVA/3F-sjezd,,,,,,,,,,,,,,16/26,,,,,,,,,,,,,,,,,,,,,,,,,,,,,,,,,,,,,,,,,,,,,,,,,,,,,,,,,,,,,,,,,,,,,,,,,,,1,Lukáš Čepelka 724 738 130,"Teplice, nám. Svobody 3316, OC Teplice",,,
"tetín, kc svaté ludmily, česká republika","Tetín, KC Svaté Ludmily, Česká republika",2024-12-10,2025-06-10,-328,Po termínu,červená,2024-12-10 (proběhlá); 2025-06-10 (plánovaná),,,čeká na přesné geokódování,Kalendář FZ - 6 měsíců.xlsx,333,2020,,,Ing. Kateřina Ostatnická 603 406 718,Středočeský,"ASTIP STRONG 2 000VA/3F -30 minut,","Tetín, KC Svaté Ludmily",,,,,,,10/25,,,,,,10/24,,,,,,,,,,,,,,,,,,,,,,,,,,,,,,,,,,,,,,,,,,,,,,,,,,,,,,,,,,,,,,,,,,,,,,,,,,,2,,,,,
"tmaň, prof. krbce 300, dps, česká republika","Tmaň, Prof. Krbce 300, DPS, Česká republika",2026-03-03,2026-09-03,122,Více než 60 dnů,zelená,2026-03-03 (proběhlá); 2026-09-03 (plánovaná),,,čeká na přesné geokódování,Kalendář FZ - 6 měsíců.xlsx,334,2023,,,Šimonová 797 668 313,,ASTIP STRONG 86kVA/40kVA/3F-45 minut,"Tmaň, Prof. Krbce 300, DPS",,,,3/26,,,,,,3/26,,,,,,,,,,,,,,,,,,,,,,,,,,,,,,,,,,,,,,,,,,,,,,,,,,,,,,,,,,,,,,,,,,,,,,,,,,,,,,2,,,,,
"topoľčany (sk), hviezdoslavova 66, zss moj domov, slovensko","Topoľčany (SK), Hviezdoslavova 66, ZSS Moj Domov, Slovensko",2023-11-29,2023-11-29,-887,Po termínu,červená,2023-11-29 (plánovaná),,,čeká na přesné geokódování,"Kalendář FZ - 12 měsíců, 2023.xlsx",569,,,,,Slovensko,2 x ASTIP PS 15kVA/3F -45 minut,,,,,,,,,,,,,29/23,,,,,,,,,,,,,,,,,,,,,,,,,,,,,,,,,,,,,,,,,,,,,,,,,,,,,,,,,,,,,,,,,,,,,,,,,,,,1,"Lieskovský, +421 608296739","Topoľčany (SK), Hviezdoslavova 66, ZSS Moj Domov",,,
"topoľčany (sk), oc benátky, slovensko","Topoľčany (SK), OC Benátky, Slovensko",,2026-09-18,137,Více než 60 dnů,zelená,2026-09-18 (plánovaná),,,čeká na přesné geokódování,"Kalendář FZ - 12 měsíců, 2023.xlsx",570,2016,,,,Slovensko,ASTIP PS 4000/3f-30 minut + RPO,,,,,,,,,,,18/26,,,,,20/22 -vzít s sebou zelenou LED,,,,,,,,,,,,,,,,,,,,,,,,,,,,,,,,,,,,,,,,,,,,,,,,,,,,,,,,,,,,,,,,,,,,,,,,,1,Kubáček 724 716 506,"Topoľčany (SK), OC Benátky",,,
"trebišov (sk), slovensko","Trebišov (SK), Slovensko",,,,Bez termínu,šedá,,,,čeká na přesné geokódování,Kalendář FZ - 6 měsíců.xlsx,335,2016,,,,Slovensko,  Rectifier 15kVA/3f-2 hodiny,Trebišov (SK),,,,,,,,,,,,,,,Nechtějí FZ,,,,,,,,,,,,,,,,,,,,,,,,,,,,,,,,,,,,,,,,,,,,,,,,,,,,,,,,,,,,,,,,,,,,,,,,,0,,,,,
"trenčín, jaselská 2, veřejná knihovna, slovensko","Trenčín, Jaselská 2, veřejná knihovna, Slovensko",2023-08-08,2023-08-08,-1000,Po termínu,červená,2023-08-08 (plánovaná),,,čeká na přesné geokódování,"Kalendář FZ - 12 měsíců, 2023.xlsx",571,2019,,,,Slovensko,ASTIP PS Liftback 10 000/3F - 45 minut,,,,,,,,,,8/23,,,,,,12.3.2025 - posílámna  j.kocis@zeva.sk 28.6.2024 - poslán dotaz na pana budaye,,,,,,,,,,,,,,,,,,,,,,,,,,,,,,,,,,,,,,,,,,,,,,,,,,,,,,,,,,,,,,,,,,,,,,,,,1,Buday +421 48208625,"Trenčín, Jaselská 2, veřejná knihovna",,,
"trmava, včelárska 9-16, slovensko","Trmava, Včelárska 9-16, Slovensko",,2027-03-17,317,Více než 60 dnů,zelená,2027-03-17 (plánovaná),,,čeká na přesné geokódování,"Kalendář FZ - 12 měsíců, 2023.xlsx",577,2026,,,,Slovensko,ASTIP STRONG 120kVA/30kVA/3F-60 minut,,,,,17/27,,,,,,,,,,,,,,,,,,,,,,,,,,,,,,,,,,,,,,,,,,,,,,,,,,,,,,,,,,,,,,,,,,,,,,,,,,,,,,,,,,,,1,Bc.Ľubomír Galáš  Tel: 0905 646 997,"Trmava, Včelárska 9-16",,,
"trnava u zlína, trnava 242, zš a mš, česká republika","Trnava u Zlína, Trnava 242, ZŠ a MŠ, Česká republika",2025-09-25,2026-03-25,-40,Po termínu,červená,2025-09-25 (proběhlá); 2026-03-25 (plánovaná),,,čeká na přesné geokódování,Kalendář FZ - 6 měsíců.xlsx,336,"2019, nově 2025",,,"Gabrhelík 603 100 911, Štěpaník 602 511 491",Zlínský,STRONG 15kVA/3F -30 minut,"Trnava u Zlína, Trnava 242, ZŠ a MŠ",,,,25/26,,,,,,25/25,,,,,"2025 -nový pajšl, v.č. 25012301",,,,,,,,,,,,,,,,,,,,,,,,,,,,,,,,,,,,,,,,,,,,,,,,,,,,,,,,,,,,,,,,,,,,,,,,,2,,,,,
"trnava, včelárska 2, slovensko","Trnava, Včelárska 2, Slovensko",,2027-01-13,254,Více než 60 dnů,zelená,2027-01-13 (plánovaná),,,čeká na přesné geokódování,"Kalendář FZ - 12 měsíců, 2023.xlsx",576,2023,ano,ano,,Slovensko,ASTIP STRONG 147kVA/30kVA/3F-60 minut,,,13/27,,,,,,,,,,,,,,,,,,,,,,,,,,,,,,,,,,,,,,,,,,,,,,,,,,,,,,,,,,,,,,,,,,,,,,,,,,,,,,,,,,,,,,1,Bc.Ľubomír Galáš  Tel: 0905 646 997,"Trnava, Včelárska 2",,,
"turnov, granátová 1897, česká republika","Turnov, Granátová 1897, Česká republika",2026-02-24,2026-08-24,112,Více než 60 dnů,zelená,2026-02-24 (proběhlá); 2026-08-24 (plánovaná),,,čeká na přesné geokódování,Kalendář FZ - 6 měsíců.xlsx,340,2016,ano,,"Krédlová 731 450 247, údržba 773 158 109",Liberecký,  PS 7500/3f-45 minut,"Turnov, Granátová 1897",,,24/26,,,,,,24/26,,,,,,,,,,,,,,,,,,,,,,,,,,,,,,,,,,,,,,,,,,,,,,,,,,,,,,,,,,,,,,,,,,,,,,,,,,,,,,,2,,,,,
"turnov, jana palacha, zimní stadion, česká republika","Turnov, Jana Palacha, zimní stadion, Česká republika",2023-12-07,,,Bez termínu,šedá,2023-12-07 (nezjištěno),,,čeká na přesné geokódování,"Kalendář FZ - 12 měsíců, 2023.xlsx",578,2015,,,,Liberecký,PS 10kVA/3f-15 minut,,,,,,,,,,,,,,7/23,,"tak mají tam už jiné zařízení - 28.6.2024 - mikeš neber telefony, píšu mu maila…",,,,,,,,,,,,,,,,,,,,,,,,,,,,,,,,,,,,,,,,,,,,,,,,,,,,,,,,,,,,,,,,,,,,,,,,,1,Mikeš - 775 646 487,"Turnov, Jana Palacha, zimní stadion",,,
"tábor, chýnovská 3049, albert, česká republika","Tábor, Chýnovská 3049, ALBERT, Česká republika",2026-01-19,2027-07-19,441,Více než 60 dnů,zelená,2026-01-19 (proběhlá); 2027-07-19 (plánovaná),,,čeká na přesné geokódování,Kalendář FZ - 6 měsíců.xlsx,331,2020,,,"Josef Mařík,  +420 727911708 ",Jihočeský, ASTIP STRONG 20kVA/3F-15 minut,"Tábor, Chýnovská 3049, ALBERT",,19/26,,,,,,19/27,,,,,,,,,,,,,,,,,,,,,,,,,,,,,,,,,,,,,,,,,,,,,,,,,,,,,,,,,,,,,,,,,,,,,,,,,,,,,,,,2,,,,,
"třebíč, hasskova 102/2, městská knihovna, česká republika","Třebíč, Hasskova 102/2, městská knihovna, Česká republika",2026-01-15,2026-07-15,72,Více než 60 dnů,zelená,2026-01-15 (proběhlá); 2026-07-15 (plánovaná),,,čeká na přesné geokódování,Kalendář FZ - 6 měsíců.xlsx,337,2021,,,Dočkalová 728 239 672,Vysočina,STRONG 45kVA/15kVA/3F-45 min.,"Třebíč, Hasskova 102/2, městská knihovna",,15/26,,,,,,15/26-vyměnit pomocku,,,,,,,,,,,,,,,,,,,,,,,,,,,,,,,,,,,,,,,,,,,,,,,,,,,,,,,,,,,,,,,,,,,,,,,,,,,,,,,,2,,,,,
"třebíč, karlovo nám. 31, měšťanský dům, česká republika","Třebíč, Karlovo nám. 31, Měšťanský dům, Česká republika",,2026-09-09,128,Více než 60 dnů,zelená,2026-09-09 (plánovaná),,,čeká na přesné geokódování,"Kalendář FZ - 12 měsíců, 2023.xlsx",572,2022,,,,Vysočina,ASTIP PS 10kVA/3f-20 minut,,,,,,,,,,,9/26,,,,,,,,,,,,,,,,,,,,,,,,,,,,,,,,,,,,,,,,,,,,,,,,,,,,,,,,,,,,,,,,,,,,,,,,,,,,,,1,"Technici
568 838 117","Třebíč, Karlovo nám. 31 , Měšťanský dům",,,
"třebíč, kremláčkova 455, česká republika","Třebíč, Kremláčkova 455, Česká republika",2025-05-29,2025-05-29,-340,Po termínu,červená,2025-05-29 (plánovaná),,,čeká na přesné geokódování,"Kalendář FZ - 12 měsíců, 2023.xlsx",574,2019,,,,Vysočina,STRONG 2000/1f - 10min.,,,,,,,29/25,,,,,,,,,,,,,,,,,,,,,,,,,,,,,,,,,,,,,,,,,,,,,,,,,,,,,,,,,,,,,,,,,,,,,,,,,,,,,,,,,,1,Jiří Drašar 568 838 111,"Třebíč, Kremláčkova 455",,,
"třebíč, labyrint, nad zámkem 1174, česká republika","Třebíč, Labyrint, Nad Zámkem 1174, Česká republika",2026-02-25,2026-08-25,113,Více než 60 dnů,zelená,2026-02-25 (proběhlá); 2026-08-25 (plánovaná),,,čeká na přesné geokódování,Kalendář FZ - 6 měsíců.xlsx,338,2017,,,"Korec 777 184 475, Novák 724 461 085, Svoboda 724 383 683",Vysočina,ASTIP PS 1000/3F -10 minut,"Třebíč, Labyrint, Nad Zámkem 1174",,,25/26,,,,,,25/26,,,,,,,,,,,,,,,,,,,,,,,,,,,,,,,,,,,,,,,,,,,,,,,,,,,,,,,,,,,,,,,,,,,,,,,,,,,,,,,2,,,,,
"třebíč, polanka 1103/8, bd, česká republika","Třebíč, Polanka 1103/8, BD, Česká republika",,2027-03-04,304,Více než 60 dnů,zelená,2027-03-04 (plánovaná),,,čeká na přesné geokódování,"Kalendář FZ - 12 měsíců, 2023.xlsx",575,2021,,,,Vysočina,ASTIP STRONG 1000VA/1F -10 minut,,,,,4/27,,,,,,,,,,,,,,,,,,,,,,,,,,,,,,,,,,,,,,,,,,,,,,,,,,,,,,,,,,,,,,,,,,,,,,,,,,,,,,,,,,,,1,pí. Sochorová 721 570 624,"Třebíč, Polanka 1103/8, BD",,,
"třebíč, rafaelova 1115, tts energo, teplárna, česká republika","Třebíč, Rafaelova 1115, TTS energo, teplárna, Česká republika",,2026-09-09,128,Více než 60 dnů,zelená,2026-09-09 (plánovaná),,,čeká na přesné geokódování,"Kalendář FZ - 12 měsíců, 2023.xlsx",573,2021,,,,Vysočina,ASTIP STRONG 30kVA/3F-20 minut +750VA/1F-20 minut,,,,,,,,,,,9/26,,,,,,,,,,,,,,,,,,,,,,,,,,,,,,,,,,,,,,,,,,,,,,,,,,,,,,,,,,,,,,,,,,,,,,,,,,,,,,1,Ing. Jakeš 733 744 565,"Třebíč, Rafaelova 1115, TTS energo, teplárna",,,
"třinec, nádražní 10, zš a mš, česká republika","Třinec, Nádražní 10, ZŠ a MŠ, Česká republika",2026-01-20,2026-07-20,77,Více než 60 dnů,zelená,2026-01-20 (proběhlá); 2026-07-20 (plánovaná),,,čeká na přesné geokódování,Kalendář FZ - 6 měsíců.xlsx,339,2022,,,Corradini 724 230 992,Moravskoslezský,PS 15 000/3F-30 minut + RPO,"Třinec, Nádražní 10, ZŠ a MŠ",,20/26,,,,,,20/26,,,,,,,,,,,,,,,,,,,,,,,,,,,,,,,,,,,,,,,,,,,,,,,,,,,,,,,,,,,,,,,,,,,,,,,,,,,,,,,,2,,,,,
"uherské hradiště, dukelských hrdinů 1341, bd, česká republika","Uherské Hradiště, Dukelských Hrdinů 1341, BD, Česká republika",2023-02-21,2023-02-21,-1168,Po termínu,červená,2023-02-21 (plánovaná),,,čeká na přesné geokódování,"Kalendář FZ - 12 měsíců, 2023.xlsx",579,2019,,,,Zlínský,ASTIP STRONG 1500/3F -10 minut,,,,21/23,,,,,,,,,,,,,,,,,,,,,,,,,,,,,,,,,,,,,,,,,,,,,,,,,,,,,,,,,,,,,,,,,,,,,,,,,,,,,,,,,,,,,1,pan Zemánek 602 584 721,"Uherské Hradiště, Dukelských Hrdinů 1341, BD",,6000,
"uherské hradiště, na dědině 252, vésky, česká republika","Uherské Hradiště, Na Dědině 252, Vésky, Česká republika",,2026-10-21,170,Více než 60 dnů,zelená,2026-10-21 (plánovaná),,,čeká na přesné geokódování,"Kalendář FZ - 12 měsíců, 2023.xlsx",580,2024,ano,,,Zlínský,ASTIP STRONG 2 000VA/3F -30 minut,,,,,,,,,,,,21/26,,,,,,,,,,,,,,,,,,,,,,,,,,,,,,,,,,,,,,,,,,,,,,,,,,,,,,,,,,,,,,,,,,,,,,,,,,,,,1,Ing. Monika MARKOVÁ  603 349 975,"Uherské Hradiště, Na Dědině 252, Vésky",,,
"uherské hradiště, za olšávkou 365, česká republika","Uherské Hradiště, Za Olšávkou 365, Česká republika",2025-01-07,2025-07-07,-301,Po termínu,červená,2025-01-07 (proběhlá); 2025-07-07 (plánovaná),,,čeká na přesné geokódování,Kalendář FZ - 6 měsíců.xlsx,341,2018,,,Miroslav Santerník 775 371 633,Jihomoravský,PS 15 000/3f 45min.,"Uherské Hradiště, Za Olšávkou 365",,7/25,,,,,,7/25,,,,,,,,,,,,,,,,,,,,,,,,,,,,,,,,,,,,,,,,,,,,,,,,,,,,,,,,,,,,,,,,,,,,,,,,,,,,,,,,2,,,,,
"uherský brod, masarykovo náměstí 136, městský úřad, česká republika","Uherský Brod, Masarykovo náměstí 136, městský úřad, Česká republika",2023-06-15,,,Bez termínu,šedá,2023-06-15 (nezjištěno),,,čeká na přesné geokódování,"Kalendář FZ - 12 měsíců, 2023.xlsx",581,2016,,,,Zlínský,ASTIP STRONG 500/1F-30 minut,,,,,,,,15/23,,,,,,,,na toto kašlu…,,,,,,,,,,,,,,,,,,,,,,,,,,,,,,,,,,,,,,,,,,,,,,,,,,,,,,,,,,,,,,,,,,,,,,,,,1,Onřej Rydlo 739 114 850,"Uherský Brod, Masarykovo náměstí 136, městský úřad",,,
"uherský brod, olšava 2843, ctw bud. d, česká republika","Uherský Brod, Olšava 2843, CTW bud. D, Česká republika",,2026-12-16,226,Více než 60 dnů,zelená,2026-12-16 (plánovaná),,,čeká na přesné geokódování,"Kalendář FZ - 12 měsíců, 2023.xlsx",585,2023,,,,Zlínský,ASTIP STRONG 22kVA/3kVA/3F -45 min,,,,,,,,,,,,,,16/26,,,,,,,,,,,,,,,,,,,,,,,,,,,,,,,,,,,,,,,,,,,,,,,,,,,,,,,,,,,,,,,,,,,,,,,,,,,1,Uherek 730 939 278,"Uherský Brod, Olšava 2843, CTW bud. D",,,
"uherský brod, u mlýnů 2840, ctw bud. a, česká republika","Uherský Brod, U Mlýnů 2840, CTW bud. A, Česká republika",,2026-12-16,226,Více než 60 dnů,zelená,2026-12-16 (plánovaná),,,čeká na přesné geokódování,"Kalendář FZ - 12 měsíců, 2023.xlsx",583,2023,,,,Zlínský,ASTIP STRONG 22kVA/3kVA/3F -45 min,,,,,,,,,,,,,,16/26,,,,,,,,,,,,,,,,,,,,,,,,,,,,,,,,,,,,,,,,,,,,,,,,,,,,,,,,,,,,,,,,,,,,,,,,,,,1,Uherek 730 939 278,"Uherský Brod, U Mlýnů 2840, CTW bud. A",,,
"uherský brod, u mlýnů 2841, ctw bud. b, česká republika","Uherský Brod, U Mlýnů 2841, CTW bud. B, Česká republika",,2026-12-16,226,Více než 60 dnů,zelená,2026-12-16 (plánovaná),,,čeká na přesné geokódování,"Kalendář FZ - 12 měsíců, 2023.xlsx",584,2023,,,,Zlínský,ASTIP STRONG 22kVA/3kVA/3F -45 min,,,,,,,,,,,,,,16/26,,,,,,,,,,,,,,,,,,,,,,,,,,,,,,,,,,,,,,,,,,,,,,,,,,,,,,,,,,,,,,,,,,,,,,,,,,,1,Uherek 730 939 278,"Uherský Brod, U Mlýnů 2841, CTW bud. B",,,
"uherský brod, vazová 2143, assco, rpgrecykling, česká republika","Uherský Brod, Vazová 2143, ASSCO, RPGrecykling, Česká republika",2024-11-19,2025-05-19,-350,Po termínu,červená,2024-11-19 (proběhlá); 2025-05-19 (plánovaná),,,čeká na přesné geokódování,Kalendář FZ - 6 měsíců.xlsx,342,2018,,,Kunčík 725 389 182,Zlínský,"Astip Strong 1000/1f, 30 min","Uherský Brod, Vazová 2143, ASSCO, RPGrecykling",,,,,,19/25,,,,,,19/24,,,STOP STAV,,,,,,,,,,,,,,,,,,,,,,,,,,,,,,,,,,,,,,,,,,,,,,,,,,,,,,,,,,,,,,,,,,,,,,,,,2,,,,,
"uherský brod, vlčnovská 2512, sklad ptáček, česká republika","Uherský Brod, Vlčnovská 2512, sklad Ptáček, Česká republika",,2026-06-25,52,30–60 dnů,žlutá,2026-06-25 (plánovaná),,,čeká na přesné geokódování,"Kalendář FZ - 12 měsíců, 2023.xlsx",582,2024,"ano, dát echo týden předem",ano,,Zlínský,ASTIP STRONG 2 000VA/3F -30 minut,,,,,,,,25/26,,,,,,,,,,,,,,,,,,,,,,,,,,,,,,,,,,,,,,,,,,,,,,,,,,,,,,,,,,,,,,,,,,,,,,,,,,,,,,,,,1,Ing. Jan Všetečka 702 128 111,"Uherský Brod, Vlčnovská 2512, sklad Ptáček",,,
"uhlířské janovice, ds, topolová 918, česká republika","Uhlířské Janovice, DS, Topolová 918, Česká republika",2025-11-13,2026-05-13,9,7–30 dnů,oranžová,2025-11-13 (proběhlá); 2026-05-13 (plánovaná),,,čeká na přesné geokódování,Kalendář FZ - 6 měsíců.xlsx,343,2016,,,Martin Vondráček 608 376 587,Středočeský,"Lift Back 120kVA/3f, 45 min","Uhlířské Janovice, DS,Topolová 918",,,,,,13/26,,,,,,13/25,,,,,,,,,,,,,,,,,,,,,,,,,,,,,,,,,,,,,,,,,,,,,,,,,,,,,,,,,,,,,,,,,,,,,,,,,,,,2,,,,,
"unhošť, tyršovo náměstí 211, centrin, česká republika","Unhošť, Tyršovo náměstí 211, Centrin, Česká republika",2021-09-30,2021-09-30,-1677,Po termínu,červená,2021-09-30 (plánovaná),,,čeká na přesné geokódování,Kalendář FZ - 6 měsíců.xlsx,344,2017,,,Nováková - 777 555 683,Středočeský,PS 10kVA/3f-45 minut,"Unhošť, Tyršovo náměstí 211, Centrin",,,,,,,,,,30/21,,,,,,,,,,,,,,,,,,,,,,,,,,,,,,,,,,,,,,,,,,,,,,,,,,,,,,,,,,,,,,,,,,,,,,,,,,,,,,1,,,,,
"ustí n.l, činoherní divadlo, česká republika","Ustí N.L, Činoherní divadlo, Česká republika",2021-01-14,,,Bez termínu,šedá,2021-01-14 (nezjištěno),,,čeká na přesné geokódování,"Kalendář FZ - 12 měsíců, 2023.xlsx",586,2013,ano,,,Ústecký,  PS 7500/3f-45 minut,,,14/21,,,,,,,,,,,,,"28.6.2024 - pan Mrákota, mají úplně nový zdroj od jiného dodavatele….14.1.2021 - STOP STAV30.10.18 - do dvou let vyměnit baterie, Vyměnit 1x7,2Ah, DODAT TO 247, 8.11.19",,,,,,,,,,,,,,,,,,,,,,,,,,,,,,,,,,,,,,,,,,,,,,,,,,,,,,,,,,,,,,,,,,,,,,,,,1,"Mrákota 727 970 480, Lenk 606 757 062","Ustí N.L,Činoherní divadlo",,,
"valašské meziříčí, bynina 212, zahradní centrum pod kloboukem, česká republika","Valašské Meziříčí, Bynina 212, Zahradní centrum pod kloboukem, Česká republika",2025-10-30,2026-04-30,-4,Po termínu,červená,2025-10-30 (proběhlá); 2026-04-30 (plánovaná),,,čeká na přesné geokódování,Kalendář FZ - 6 měsíců.xlsx,346,2017,,,Macíková 777 670 485,Zlínský,ASTIP STRONG 2kVA/3F-10m/4C,"Valašské Meziříčí, Bynina 212, Zahradní centrum pod kloboukem",,,,,30/26,,,,,,30/25,,,,,,,,,,,,,,,,,,,,,,,,,,,,,,,,,,,,,,,,,,,,,,,,,,,,,,,,,,,,,,,,,,,,,,,,,,,,,2,,,,,
"valašské meziříčí, masarykova 33, efios, česká republika","Valašské Meziříčí, Masarykova 33, EFIOS, Česká republika",2026-04-20,2026-10-20,169,Více než 60 dnů,zelená,2026-04-20 (proběhlá); 2026-10-20 (plánovaná),,,čeká na přesné geokódování,Kalendář FZ - 6 měsíců.xlsx,347,2018,,,Antonín Ondroušek 777 965 886,Zlínský,ASTIP PS 50 000/3F -15 minut,"Valašské Meziříčí, Masarykova 33, EFIOS",,,,,20/26,,,,,,20/26,,,,,,,,,,,,,,,,,,,,,,,,,,,,,,,,,,,,,,,,,,,,,,,,,,,,,,,,,,,,,,,,,,,,,,,,,,,,,2,,,,,
"valašské meziříčí, sokolská 582/85, jacobs douwe egberts, česká republika","Valašské Meziříčí, Sokolská 582/85, JACOBS DOUWE EGBERTS, Česká republika",2024-05-29,2024-11-29,-521,Po termínu,červená,2024-05-29 (proběhlá); 2024-11-29 (plánovaná),,,čeká na přesné geokódování,Kalendář FZ - 6 měsíců.xlsx,348,2016,,,"Karel Kamarýt, tel.:603443985",Zlínský,ASTIP PS 2000/3f-7 minut,"Valašské Meziříčí, Sokolská 582/85, JACOBS DOUWE EGBERTS",,,,,,29/24,,,,,,29/24-vzít pomocku,,,,,,,,,,,,,,,,,,,,,,,,,,,,,,,,,,,,,,,,,,,,,,,,,,,,,,,,,,,,,,,,,,,,,,,,,,,,2,,,,,
"valašské meziříčí, vsetínská 454, česká republika","Valašské Meziříčí, Vsetínská 454, Česká republika",2023-04-14,2023-04-14,-1116,Po termínu,červená,2023-04-14 (plánovaná),,,čeká na přesné geokódování,"Kalendář FZ - 12 měsíců, 2023.xlsx",589,2016,,,,Zlínský,PS 20kVA/3f-30 minut,,,,,,14/23,,,,,,,,,,"12.3.205 -posílám znovu, 28.6.2024 -posílám maila…",,,,,,,,,,,,,,,,,,,,,,,,,,,,,,,,,,,,,,,,,,,,,,,,,,,,,,,,,,,,,,,,,,,,,,,,,1,Fojtík - 775 625 040,"Valašské Meziříčí, Vsetínská 454",,,
"valeč, zámek valeč, česká republika","Valeč, Zámek Valeč, Česká republika",2025-12-18,2026-06-18,45,30–60 dnů,žlutá,2025-12-18 (proběhlá); 2026-06-18 (plánovaná),,,čeká na přesné geokódování,Kalendář FZ - 6 měsíců.xlsx,349,2012-2022,ano,,Aleš Musil 734 387 252,Vysočina,mraky zdrojů PS 3000/4000/7500,"Valeč, Zámek Valeč",,,,,,,18/26,,,,,,18/25,,,,,,,,,,,,,,,,,,,,,,,,,,,,,,,,,,,,,,,,,,,,,,,,,,,,,,,,,,,,,,,,,,,,,,,,,,,2,,,,,
"valtice, modřínová 537, dps, česká republika","Valtice, Modřínová 537, DPS, Česká republika",2026-04-23,2026-10-23,172,Více než 60 dnů,zelená,2026-04-23 (proběhlá); 2026-10-23 (plánovaná),,,čeká na přesné geokódování,Kalendář FZ - 6 měsíců.xlsx,350,2023,ano,,Mgr. Marie Uttendorfská  733 535 816,Jihomoravský,ASTIP STRONG 20kVA/3F-60 minut,"Valtice, Modřínová 537, DPS",,,,,23/26,,,,,,23/26,,,,,7500,,,,,,,,,,,,,,,,,,,,,,,,,,,,,,,,,,,,,,,,,,,,,,,,,,,,,,,,,,,,,,,,,,,,,,,,2,,,,,
"vamberk, smetanovo nábřeží 334, vaspo, česká republika","Vamberk, Smetanovo nábřeží 334, VASPO, Česká republika",2025-11-26,2025-11-26,-159,Po termínu,červená,2025-11-26 (plánovaná),,,čeká na přesné geokódování,"Kalendář FZ - 12 měsíců, 2023.xlsx",590,2023,,ano,,Královehradecký,ASTIP STRONG 100kVA/15kVA/3F -60 minut,,,,,,,,,,,,,26/25,,,,,,,,,,,,,,,,,,,,,,,,,,,,,,,,,,,,,,,,,,,,,,,,,,,,,,,,,,,,,,,,,,,,,,,,,,,,1,Pan Bačina 731 562 265,"Vamberk, Smetanovo nábřeží 334, VASPO",,,
"vejprty, nerudova1221/14, dzr krakonoš, česká republika","Vejprty, Nerudova1221/14, DZR Krakonoš, Česká republika",2026-03-19,2026-09-19,138,Více než 60 dnů,zelená,2026-03-19 (proběhlá); 2026-09-19 (plánovaná),,,čeká na přesné geokódování,Kalendář FZ - 6 měsíců.xlsx,351,2025,ano,ano,Ortová 733 373 950,Ústecký,"ASTIP STRONG LIFTBACK 7,5kVA/3F-45 minut","Vejprty, Nerudova1221_14, DZR Krakonoš",,,,19/26,,,,,,19/26,,,,,,,,,,,,,,,,,,,,,,,,,,,,,,,,,,,,,,,,,,,,,,,,,,,,,,,,,,,,,,,,,,,,,,,,,,,,,,2,,,,,
"velichovky, lázně 100, česká republika","Velichovky, Lázně 100, Česká republika",2026-04-21,2026-10-21,170,Více než 60 dnů,zelená,2026-04-21 (proběhlá); 2026-10-21 (plánovaná),,,čeká na přesné geokódování,Kalendář FZ - 6 měsíců.xlsx,352,2017,,,Miroslav Všetečka 778435091,Královehradecký,LiftBack 20kVA/3F-45min,"Velichovky, Lázně 100",,,,,21/26,,,,,,21/26,,,,,,,,,,,,,,,,,,,,,,,,,,,,,,,,,,,,,,,,,,,,,,,,,,,,,,,,,,,,,,,,,,,,,,,,,,,,,2,,,,,
"velké březno, klášterní 1, dps, česká republika","Velké Březno, Klášterní 1, DPS, Česká republika",2026-03-18,2026-09-18,137,Více než 60 dnů,zelená,2026-03-18 (proběhlá); 2026-09-18 (plánovaná),,,čeká na přesné geokódování,Kalendář FZ - 6 měsíců.xlsx,353,2018,,,"pan Šusta, údržba   - 607 035 429",Ústecký,PS 20 000/3f 45min.,"Velké Březno, Klášterní 1, DPS",,,,18/26,,,,,,18/26,,,,,,,,,,,,,,,,,,,,,,,,,,,,,,,,,,,,,,,,,,,,,,,,,,,,,,,,,,,,,,,,,,,,,,,,,,,,,,2,,,,,
"velké losiny areál zdraví, česká republika","Velké Losiny Areál zdraví, Česká republika",2026-04-07,2026-10-07,156,Více než 60 dnů,zelená,2026-04-07 (proběhlá); 2026-10-07 (plánovaná),,,čeká na přesné geokódování,Kalendář FZ - 6 měsíců.xlsx,354,2013/nově 2024,ano,,Strnad 727 807 744,Olomoucký,  PS 15 000/3f-35 minut,Velké Losiny Areál zdraví,,,,,7/26,,,,,,7/26,,,,"10.9.2024 -proběhla komplet výměna pajšlu, nové v.č. 24090901",,,,,,,,,,,,,,,,,,,,,,,,,,,,,,,,,,,,,,,,,,,,,,,,,,,,,,,,,,,,,,,,,,,,,,,,,2,,,,,
"velké meziříčí, průmyslová 2047, jopp, česká republika","Velké Meziříčí, Průmyslová 2047, JOPP, Česká republika",,2027-04-29,360,Více než 60 dnů,zelená,2027-04-29 (plánovaná),,,čeká na přesné geokódování,"Kalendář FZ - 12 měsíců, 2023.xlsx",591,2018,,,,Vysočina,"PS 40000VA3f, OFF-line, 15 min.",,,,,,29/27,,,,,,,,,,"2023 -měnily se baterky od zákazníka, dodané",,,,,,,,,,,,,,,,,,,,,,,,,,,,,,,,,,,,,,,,,,,,,,,,,,,,,,,,,,,,,,,,,,,,,,,,,1,"p. Pelikán Mir. 731 506 634, JOPP","Velké Meziříčí, Průmyslová 2047, JOPP",,,
"velké meziříčí, u světlé 9, dps, česká republika","Velké Meziříčí, U Světlé 9, DPS, Česká republika",2026-04-01,2026-10-01,150,Více než 60 dnů,zelená,2026-04-01 (proběhlá); 2026-10-01 (plánovaná),,,čeká na přesné geokódování,Kalendář FZ - 6 měsíců.xlsx,355,2022,,ano,"Marková Věra, Bc. 731 584 621
",Vysočina,ASTIP PS 64kVA/30kVA/3F-45 minut,"Velké Meziříčí, U Světlé 9, DPS",,,,,1/26,,,,,,1/26,,,,,,,,,,,,,,,,,,,,,,,,,,,,,,,,,,,,,,,,,,,,,,,,,,,,,,,,,,,,,,,,,,,,,,,,,,,,,2,,,,,
"velké pavlovice, dlouhá 1177-69, hotel lotrinský, česká republika","Velké Pavlovice, Dlouhá 1177-69, hotel Lotrinský, Česká republika",2026-03-11,2026-03-11,-54,Po termínu,červená,2026-03-11 (plánovaná),,,čeká na přesné geokódování,Kalendář FZ - 6 měsíců.xlsx,356,2017,,,Ondráčková 703 891 614,Jihomoravský,PS LiftBack 7500/3f-45 minut,"Velké Pavlovice, Dlouhá 1177-69, hotel Lotrinský",,,,11/26,,,,,,,,,,,,,,,,,,,,,,,,,,,,,,,,,,,,,,,,,,,,,,,,,,,,,,,,,,,,,,,,,,,,,,,,,,,,,,,,,,,,1,,,,,
"velké pavlovice, za dvorem 14, bd, česká republika","Velké Pavlovice, Za dvorem 14, BD, Česká republika",2025-11-18,2025-11-18,-167,Po termínu,červená,2025-11-18 (plánovaná),,,čeká na přesné geokódování,"Kalendář FZ - 12 měsíců, 2023.xlsx",592,2018,,,,Jihomoravský,STRONG 2000VA/1F -15 minut,,,,,,,,,,,,,18/25,,,,,,,,,,,,,,,,,,,,,,,,,,,,,,,,,,,,,,,,,,,,,,,,,,,,,,,,,,,,,,,,,,,,,,,,,,,,1,Ing. Hruboš 602 754 369,"Velké Pavlovice, Za dvorem 14, BD",,,
"velké popovice, ringhofferova 1, pivovar, česká republika","Velké Popovice, Ringhofferova 1, pivovar, Česká republika",2023-05-05,2023-11-11,-905,Po termínu,červená,2023-05-05 (proběhlá); 2023-11-11 (plánovaná),,,čeká na přesné geokódování,Kalendář FZ - 6 měsíců.xlsx,357,2022,,,"Milan Hromádko, tel: 724 618 636",Středočeský,"ASTIP STRONG 76kVA/10kVA/3F-60 minut, MB100S-120S3","Velké Popovice, Ringhofferova 1, pivovar",,,,,,5/23,,,,,,11/23,,,,,,,,,,,,,,,,,,,,,,,,,,,,,,,,,,,,,,,,,,,,,,,,,,,,,,,,,,,,,,,,,,,,,,,,,,,,2,,,,,
"velké popovice, u parku 695, česká republika","Velké Popovice, U parku 695, Česká republika",2025-10-03,2025-10-03,-213,Po termínu,červená,2025-10-03 (plánovaná),,,čeká na přesné geokódování,"Kalendář FZ - 12 měsíců, 2023.xlsx",593,2019,,,,Středočeský,STRONG 12kVA/3F -45 minut,,,,,,,,,,,,3/25,,,,,,,,,,,,,,,,,,,,,,,,,,,,,,,,,,,,,,,,,,,,,,,,,,,,,,,,,,,,,,,,,,,,,,,,,,,,,1,Jirešová 777 565 833,"Velké Popovice, U parku 695",,,
"velký osek, u hřiště 844, česká republika","Velký Osek, U hřiště 844, Česká republika",2026-02-10,2026-02-10,-83,Po termínu,červená,2026-02-10 (plánovaná),,,čeká na přesné geokódování,"Kalendář FZ - 12 měsíců, 2023.xlsx",594,"2017, nový 2022",,,,Středočeský,STRONG 3000/3f,,,,10/26,,,,,,,,,,,,"6.10.2021 -stop stav, přepětí v síti",,,,,,,,,,,,,,,,,,,,,,,,,,,,,,,,,,,,,,,,,,,,,,,,,,,,,,,,,,,,,,,,,,,,,,,,,1,Pivoňka - 777317737,"Velký Osek, U hřiště 844",,,
"velký osek, u hřiště 845, česká republika","Velký Osek, U hřiště 845, Česká republika",2024-05-30,2024-05-30,-704,Po termínu,červená,2024-05-30 (plánovaná),,,čeká na přesné geokódování,"Kalendář FZ - 12 měsíců, 2023.xlsx",595,2017,,,,Středočeský,ASTIP STRONG 3000VA/3F,,,,,,,30/24,,,,,,,,,12.3.2025 -posílám Bergerovi dotaz,,,,,,,,,,,,,,,,,,,,,,,,,,,,,,,,,,,,,,,,,,,,,,,,,,,,,,,,,,,,,,,,,,,,,,,,,1,Berger 724 417 331,"Velký Osek, U hřiště 845",,,
"vlachovice, vlachovice 50, česká republika","Vlachovice, Vlachovice 50, Česká republika",2021-01-21,2021-01-21,-1929,Po termínu,červená,2020-07-21 (nezjištěno); 2021-01-21 (plánovaná),,,čeká na přesné geokódování,Kalendář FZ - 6 měsíců.xlsx,358,2013,ano,,,Zlínský,  PS 1500/3f-10 minut,"Vlachovice, Vlachovice 50",,21/21,,,,,,21/20,,,,,,,FZ provádí jiná firma,,,,,,,,,,,,,,,,,,,,,,,,,,,,,,,,,,,,,,,,,,,,,,,,,,,,,,,,,,,,,,,,,,,,,,,,,2,,,,,
"volyně, husova 795, bd kodus, česká republika","Volyně, Husova 795, BD KODUS, Česká republika",2026-04-28,2026-10-28,177,Více než 60 dnů,zelená,2026-04-28 (proběhlá); 2026-10-28 (plánovaná),,,čeká na přesné geokódování,Kalendář FZ - 6 měsíců.xlsx,359,2023,,,Ing. Vokrojová 702 027 041,Jihočeský,ASTIP STRONG 50kVA/20kVA/3F -45 minut,"Volyně, Husova 795, BD KODUS",,,,,28/26,,,,,,28/26,,,,,,,,,,,,,,,,,,,,,,,,,,,,,,,,,,,,,,,,,,,,,,,,,,,,,,,,,,,,,,,,,,,,,,,,,,,,,2,,,,,
"vranovice, náměstíčko 53, česká republika","Vranovice, Náměstíčko 53, Česká republika",2025-02-12,2025-08-12,-265,Po termínu,červená,2025-02-12 (proběhlá); 2025-08-12 (plánovaná),,,čeká na přesné geokódování,Kalendář FZ - 6 měsíců.xlsx,360,2021,,,"Ivo Kocian 608 730 194, Janáková 777 566 500",Jihomoravský,ASTIP PS 20 000/3f - 45 minut,"Vranovice, Náměstíčko 53",,,12/25,,,,,,12/25,,,,,,,,,,,,,,,,,,,,,,,,,,,,,,,,,,,,,,,,,,,,,,,,,,,,,,,,,,,,,,,,,,,,,,,,,,,,,,,2,,,,,
"vranovice, u floriánka 53, česká republika","Vranovice, U Floriánka 53, Česká republika",2024-07-24,2025-01-24,-465,Po termínu,červená,2024-07-24 (proběhlá); 2025-01-24 (plánovaná),,,čeká na přesné geokódování,Kalendář FZ - 6 měsíců.xlsx,361,2019,,,,Jihomoravský,ASTIP STRONG 1500/3F -30 minut,"Vranovice, U Floriánka 53",,24/25,,,,,,24/24,,,,,,,,,,,,,,,,,,,,,,,,,,,,,,,,,,,,,,,,,,,,,,,,,,,,,,,,,,,,,,,,,,,,,,,,,,,,,,,,2,,,,,
"vrané nad vltavou, u elektrárny 817, bd matyáš, česká republika","Vrané nad Vltavou, U Elektrárny 817, BD Matyáš, Česká republika",,2027-02-12,284,Více než 60 dnů,zelená,2027-02-12 (plánovaná),,,čeká na přesné geokódování,"Kalendář FZ - 12 měsíců, 2023.xlsx",596,2017,ano,,,Středočeský,PS 2000/3f-20 minut,,,,12/27,,,,,,,,,,,,BD Matyáš,,,,,,,,,,,,,,,,,,,,,,,,,,,,,,,,,,,,,,,,,,,,,,,,,,,,,,,,,,,,,,,,,,,,,,,,,1,Povondrová 776 381 495,"Vrané nad Vltavou, U Elektrárny 817, BD Matyáš",,5100,
"vrchlabí, herlíkovice, horská 547, apartmány mlýn herlíkovice, česká republika","Vrchlabí, Herlíkovice, Horská 547, Apartmány Mlýn Herlíkovice, Česká republika",2026-03-24,2026-09-24,143,Více než 60 dnů,zelená,2026-03-24 (proběhlá); 2026-09-24 (plánovaná),,,čeká na přesné geokódování,Kalendář FZ - 6 měsíců.xlsx,362,2023,,ano,Menyház 778 031 468,Královehradecký,ASTIP PS Liftback 15kVA/3F -45 minut,"Vrchlabí - Herlíkovice, Horská 547, Apartmány Mlýn Herlíkovice",,,,24/26,,,,,,24/26,,,,,zár. 5 let od 14.6.18,10000,H+H technika,H+H technika,,,,,,,,,,,,,,,,,,,,,,,,,,,,,,,,,,,,,,,,,,,,,,,,,,,,,,,,,,,,,,,,,,,,,,2,,,,,
"vrchlabí, horská 179, česká republika","Vrchlabí, Horská 179, Česká republika",2025-08-14,2026-02-14,-79,Po termínu,červená,2025-08-14 (proběhlá); 2026-02-14 (plánovaná),,,čeká na přesné geokódování,Kalendář FZ - 6 měsíců.xlsx,363,2020,,ano,Richtr 603 217 012,Královehradecký,ASTIP STRONG 2000VA/1F -10 minut,"Vrchlabí, Horská 179",,,14/26,,,,,,14/25,,,,,,,,,,,,,,,,,,,,,,,,,,,,,,,,,,,,,,,,,,,,,,,,,,,,,,,,,,,,,,,,,,,,,,,,,,,,,,,2,,,,,
"vsetín, smetanova nákupní galerie, česká republika","Vsetín, Smetanova nákupní galerie, Česká republika",2022-11-10,2022-11-10,-1271,Po termínu,červená,2022-11-10 (plánovaná),,,čeká na přesné geokódování,"Kalendář FZ - 12 měsíců, 2023.xlsx",597,bez,,,,Zlínský,R - SOZ ,,,,,,,,,,,,,10/22,,,,,,,,,,,,,,,,,,,,,,,,,,,,,,,,,,,,,,,,,,,,,,,,,,,,,,,,,,,,,,,,,,,,,,,,,,,,1,Corradini 724 230 992,"Vsetín, Smetanova nákupní galerie ",,,
"vysoké mýto, valcha 187, apa vamberk, česká republika","Vysoké Mýto, Valcha 187, ApA Vamberk, Česká republika",2026-02-04,2026-02-04,-89,Po termínu,červená,2026-02-04 (plánovaná),,,čeká na přesné geokódování,"Kalendář FZ - 12 měsíců, 2023.xlsx",599,2023,,,,Pardubický,STRONG 3000VA/3F -30 minut/EI30,,,,4/26,,,,,,,,,,,,,,,,,,,,,,,,,,,,,,,,,,,,,,,,,,,,,,,,,,,,,,,,,,,,,,,,,,,,,,,,,,,,,,,,,,,,,1,Štětina 777 040 929,"Vysoké Mýto, Valcha 187, ApA Vamberk",,,
"vyškov, mlýnská 12, zimní stadion, česká republika","Vyškov, Mlýnská 12, zimní stadion, Česká republika",2026-04-14,2026-10-14,163,Více než 60 dnů,zelená,2026-04-14 (proběhlá); 2026-10-14 (plánovaná),,,čeká na přesné geokódování,Kalendář FZ - 6 měsíců.xlsx,364,2017,ano,,Křetínský 724 395 733,Jihomoravský,STRONG 20kVA/3F - 30 minut,"Vyškov, Mlýnská 12, zimní stadion",,,,,14/26,,,,,,14/26,,,,,,,,,,,,,,,,,,,,,,,,,,,,,,,,,,,,,,,,,,,,,,,,,,,,,,,,,,,,,,,,,,,,,,,,,,,,,2,,,,,
"vyškov, tovární 810, 8d, česká republika","Vyškov, Tovární 810, 8d, Česká republika",,,,Bez termínu,šedá,,,,čeká na přesné geokódování,"Kalendář FZ - 12 měsíců, 2023.xlsx",598,2015,,,,Jihomoravský,PS 2000VA/3f-15 minut,,,,,,,,,,,4,,,,,"14.10.19, jedou sundat zdroj - lukin",,,,,,,,,,,,,,,,,,,,,,,,,,,,,,,,,,,,,,,,,,,,,,,,,,,,,,,,,,,,,,,,,,,,,,,,,0,Roman 728 256 079,"Vyškov, Tovární 810,8d",,5500,
"zadov, stachy 349, sporthotel olympia, česká republika","Zadov, Stachy 349, Sporthotel Olympia, Česká republika",2025-12-17,2026-06-17,44,30–60 dnů,žlutá,2025-12-17 (proběhlá); 2026-06-17 (plánovaná),,,čeká na přesné geokódování,Kalendář FZ - 6 měsíců.xlsx,365,2019,,,"Kuncl 739 074 790, Ján Geletič 777 755 401",Jihočeský,STRONG 75kVA/30kVA/3F -45 minut,"Zadov, Stachy 349, Sporthotel Olympia",,,,,,,17/26,,,,,,17/25,,,8500,,,,,,,,,,,,,,,,,,,,,,,,,,,,,,,,,,,,,,,,,,,,,,,,,,,,,,,,,,,,,,,,,,,,,,,,2,,,,,
"zbiroh, majerové 704, bd, česká republika","Zbiroh, Majerové 704, BD, Česká republika",,2027-03-19,319,Více než 60 dnů,zelená,2027-03-19 (plánovaná),,,čeká na přesné geokódování,"Kalendář FZ - 12 měsíců, 2023.xlsx",600,2023,,,,Plzeňský,2 x STRONG 12kVA/2kVA/3F -45 minut,,,,,19/27,,,,,,,,,,,,,,,,,,,,,,,,,,,,,,,,,,,,,,,,,,,,,,,,,,,,,,,,,,,,,,,,,,,,,,,,,,,,,,,,,,,,1,Vlach 604 450 001,"Zbiroh, Majerové 704, BD",,,
"zbýšov u brna, masarykova 700, hasiči, česká republika","Zbýšov u Brna, Masarykova 700, hasiči, Česká republika",2025-02-11,2025-02-11,-447,Po termínu,červená,2025-02-11 (plánovaná),,,čeká na přesné geokódování,"Kalendář FZ - 12 měsíců, 2023.xlsx",601,2016,,,,Jihomoravský,ASTIP PS 15kVA/3F - 10 minut,,,,11/25,,,,,,,,,,,,,,,,,,,,,,,,,,,,,,,,,,,,,,,,,,,,,,,,,,,,,,,,,,,,,,,,,,,,,,,,,,,,,,,,,,,,,1,Dobšík 737 479 909,"Zbýšov u Brna, Masarykova 700, hasiči",,,
"zdiby, ke zdibsku 272, prodejna lidl, česká republika","Zdiby, Ke Zdibsku 272, prodejna LIDL, Česká republika",2026-04-28,2026-10-28,177,Více než 60 dnů,zelená,2026-04-28 (proběhlá); 2026-10-28 (plánovaná),,,čeká na přesné geokódování,Kalendář FZ - 6 měsíců.xlsx,366,2017,,,Dobeš údržba 720 979 680 Chmelík manager 727 901 418,Středočeský,ASTIP STRONG 4000VA/3F-30 minut,"Zdiby, Ke Zdibsku 272, prodejna LIDL",,,,,28/26,,,,,,28/26,,,,,,,,,,,,,,,,,,,,,,,,,,,,,,,,,,,,,,,,,,,,,,,,,,,,,,,,,,,,,,,,,,,,,,,,,,,,,2,,,,,
"zlín tř. 3. května, asko nábytek, česká republika","Zlín tř. 3. května, ASKO nábytek, Česká republika",2024-04-30,2024-10-30,-551,Po termínu,červená,2024-04-30 (proběhlá); 2024-10-30 (plánovaná),,,čeká na přesné geokódování,Kalendář FZ - 6 měsíců.xlsx,367,2011,,,Krotký 724 031 482,Zlínský,PS 25 000/3F -10 minut,"Zlín tř. 3. května, ASKO nábytek",,,,,30/24,,,,,,30/24,,,,,,,,,,,,,,,,,,,,,,,,,,,,,,,,,,,,,,,,,,,,,,,,,,,,,,,,,,,,,,,,,,,,,,,,,,,,,2,,,,,
"zlín, cecilka 38, promens, česká republika","Zlín, Cecilka 38, Promens, Česká republika",2026-04-09,2026-10-09,158,Více než 60 dnů,zelená,2026-04-09 (proběhlá); 2026-10-09 (plánovaná),,,čeká na přesné geokódování,Kalendář FZ - 6 měsíců.xlsx,368,"2017, 2021",,,"Mráz 724 811 605, Pastorcak - 733 789 020",Zlínský,"STRONG 5000/3f - 1H, STRONG 2kVA/1F/4C-1H","Zlín, Cecilka 38, Promens",,,,,9/26-2kVA,,,,,,9/26-2kVA,,,,,,,,,,,,,,,,,,,,,,,,,,,,,,,,,,,,,,,,,,,,,,,,,,,,,,,,,,,,,,,,,,,,,,,,,,,,,2,,,,,
"zlín, hřebíčkova 1320, bd, česká republika","Zlín, Hřebíčkova 1320, BD, Česká republika",2026-01-06,2026-01-06,-118,Po termínu,červená,2026-01-06 (plánovaná),,,čeká na přesné geokódování,"Kalendář FZ - 12 měsíců, 2023.xlsx",603,2021,,,,Zlínský,2 x STRONG 1000VA/3F-10 minut,,,6/26,,,,,,,,,,,,,,,,,,,,,,,,,,,,,,,,,,,,,,,,,,,,,,,,,,,,,,,,,,,,,,,,,,,,,,,,,,,,,,,,,,,,,,1,Švorčík 736 473 563,"Zlín, Hřebíčkova 1320, BD",,,
"zlín, lešetín 1 -7207, bd, česká republika","Zlín, Lešetín 1 -7207, BD, Česká republika",2026-04-29,2026-04-29,-5,Po termínu,červená,2026-04-29 (plánovaná),,,čeká na přesné geokódování,"Kalendář FZ - 12 měsíců, 2023.xlsx",604,2019,,,,Zlínský,STRONG 4 000/3F - 10 minut + RPO,,,,,,29/26,,,,,,,,,,,,,,,,,,,,,,,,,,,,,,,,,,,,,,,,,,,,,,,,,,,,,,,,,,,,,,,,,,,,,,,,,,,,,,,,,,,1,Zuzana Voglová 734 795 258,"Zlín, Lešetín 1 -7207, BD",,,
"zlín, nvz promens, u tescomy, česká republika","Zlín, NVZ Promens, U tescomy, Česká republika",2024-09-24,2025-03-24,-406,Po termínu,červená,2024-09-24 (proběhlá); 2025-03-24 (plánovaná),,,čeká na přesné geokódování,Kalendář FZ - 6 měsíců.xlsx,369,2019,,,,Zlínský,Astip Strong 5000/1f,"Zlín, NVZ Promens, U tescomy",,,,24/25,,,,,,24/24,,,,,,,,,,,,,,,,,,,,,,,,,,,,,,,,,,,,,,,,,,,,,,,,,,,,,,,,,,,,,,,,,,,,,,,,,,,,,,2,,,,,
"zlín, prior, česká republika","Zlín, Prior, Česká republika",2022-08-18,2022-08-18,-1355,Po termínu,červená,2022-08-18 (plánovaná),,,čeká na přesné geokódování,"Kalendář FZ - 12 měsíců, 2023.xlsx",605,bez,,,,Zlínský,R-SOZ,,,,,,,,,,18/22,,,,,,,,,,,,,,,,,,,,,,,,,,,,,,,,,,,,,,,,,,,,,,,,,,,,,,,,,,,,,,,,,,,,,,,,,,,,,,,1,Corradini 724 230 992,"Zlín, Prior",,,
"zlín, tř. tomáše bati 87, česká republika","Zlín, Tř. Tomáše Bati 87, Česká republika",2026-03-27,2026-03-27,-38,Po termínu,červená,2026-03-27 (plánovaná),,,čeká na přesné geokódování,"Kalendář FZ - 12 měsíců, 2023.xlsx",606,2015,,,,Zlínský,  PS 3000/3f-45 minut,,,,,27/26,,,,,,,,,,,"POZOR - jedna baterka je asi nefunkční, snad ta nahoře, jsou špatně dostupné, nalepené na plechu",,,,,,,,,,,,,,,,,,,,,,,,,,,,,,,,,,,,,,,,,,,,,,,,,,,,,,,,,,,,,,,,,,,,,,,,,1,Petr Bílek - 777 885 570,"Zlín, Tř. Tomáše Bati 87",,,
"zlín, zálešná ii -7229, česká republika","Zlín, Zálešná II -7229, Česká republika",,2026-05-19,15,7–30 dnů,oranžová,2026-05-19 (plánovaná),,,čeká na přesné geokódování,"Kalendář FZ - 12 měsíců, 2023.xlsx",607,2021,,,,Zlínský,ASTIP STRONG 3kVA/3F-60 minut,,,,,,,19/26,,,,,,,,,,,,,,,,,,,,,,,,,,,,,,,,,,,,,,,,,,,,,,,,,,,,,,,,,,,,,,,,,,,,,,,,,,,,,,,,,,1,Vogel 777888326,"Zlín, Zálešná II -7229",,,
"zlín, čepkovská 7263, bd, česká republika","Zlín, Čepkovská 7263, BD, Česká republika",2024-07-19,2024-07-19,-654,Po termínu,červená,2024-07-19 (plánovaná),,,čeká na přesné geokódování,"Kalendář FZ - 12 měsíců, 2023.xlsx",602,2022,,,,Zlínský,"ASTIP STRONG 50kVA/7,5kVA/3F -10 minut",,,,,,,,,19/24,,,,,,,"pan Žouželka - předseda SVJ, děsnej vysírač, děsnej…",,,,,,,,,,,,,,,,,,,,,,,,,,,,,,,,,,,,,,,,,,,,,,,,,,,,,,,,,,,,,,,,,,,,,,,,,1,Vhome- pí Voglová 773 777 182,"Zlín, Čepkovská 7263, BD",,,
"zlín, štefáníkova 150, koleje a menza, česká republika","Zlín, Štefáníkova 150, koleje a menza, Česká republika",2025-11-13,2026-05-13,9,7–30 dnů,oranžová,2025-11-13 (proběhlá); 2026-05-13 (plánovaná),,,čeká na přesné geokódování,Kalendář FZ - 6 měsíců.xlsx,370,2022,,,Ing. Pavel Valášek 603 882 392,Zlínský,ASTIP STRONG 40kVA/3F -45 minut,"Zlín, Štefáníkova 150, koleje a menza",,,,,,13/26,,,,,,13/25,,,,,,,,,,,,,,,,,,,,,,,,,,,,,,,,,,,,,,,,,,,,,,,,,,,,,,,,,,,,,,,,,,,,,,,,,,,,2,,,,,
"znojmo, holandská 30, česká republika","Znojmo, Holandská 30, Česká republika",2026-02-13,2026-08-13,101,Více než 60 dnů,zelená,2026-02-13 (proběhlá); 2026-08-13 (plánovaná),,,čeká na přesné geokódování,Kalendář FZ - 6 měsíců.xlsx,371,2018.2023,,,Mgr. Nováková 515 227 321,Jihomoravský,PS 40 000VA/3f,"Znojmo, Holandská 30",,,13/26,,,,,,13/26,,,,,,,,,,,,,,,,,,,,,,,,,,,,,,,,,,,,,,,,,,,,,,,,,,,,,,,,,,,,,,,,,,,,,,,,,,,,,,,2,,,,,
"zruč nad sázavou, nám. míru 597, centrin, česká republika","Zruč nad Sázavou, Nám. Míru 597, Centrin, Česká republika",2024-07-03,2025-01-03,-486,Po termínu,červená,2024-07-03 (proběhlá); 2025-01-03 (plánovaná),,,čeká na přesné geokódování,Kalendář FZ - 6 měsíců.xlsx,372,2018,,,,Středočeský,ASTIP PS 30 000/3f - 45 minut,"Zruč nad Sázavou, Nám. Míru 597, Centrin",,3/25,,,,,,3/24,,,,,,,,,,,,,,,,,,,,,,,,,,,,,,,,,,,,,,,,,,,,,,,,,,,,,,,,,,,,,,,,,,,,,,,,,,,,,,,,2,,,,,
"ústí nad labem, jizerská 29, 30, 32, česká republika","Ústí nad Labem, Jizerská 29, 30, 32, Česká republika",,,,Bez termínu,šedá,,,,čeká na přesné geokódování,"Kalendář FZ - 12 měsíců, 2023.xlsx",587,2017,,,,Ústecký,3 x zdroj -LiftBack 5kVA/3F - 7 minut ,,,,,,,,,,,,,,,,,,,,,,,,,,,,,,,,,,,,,,,,,,,,,,,,,,,,,,,,,,,,,,,,,,,,,,,,,,,,,,,,,,,,,,,,,0,Petr Hrdlička - 724 228 209,"Ústí nad Labem, Jizerská 29, 30, 32",,,
"ústí nad labem, k pierburgu 1, česká republika","Ústí nad Labem, K Pierburgu 1, Česká republika",,2027-03-18,318,Více než 60 dnů,zelená,2027-03-18 (plánovaná),,,čeká na přesné geokódování,"Kalendář FZ - 12 měsíců, 2023.xlsx",588,2015,,,,Ústecký,ASTIP PS 7500/3f - 7 min,,,,,18/27,,,,,,,,,,,,,,,,,,,,,,,,,,,,,,,,,,,,,,,,,,,,,,,,,,,,,,,,,,,,,,,,,,,,,,,,,,,,,,,,,,,,1,pan Žoha 736 527 006,"Ústí nad Labem, K Pierburgu 1",,,
"ústí nad labem, velká hradební, kd, česká republika","Ústí nad Labem, Velká hradební, KD, Česká republika",2024-11-07,2025-05-07,-362,Po termínu,červená,2024-11-07 (proběhlá); 2025-05-07 (plánovaná),,,čeká na přesné geokódování,Kalendář FZ - 6 měsíců.xlsx,345,nový 2023,,,Jiří Půst 777 901 715,Ústecký,ASTIP STRONG 15kVA/3F -45 minut,"Ústí nad Labem, Velká hradební, KD",,,,,,7/25,,,,,,7/24,,,,,,,,,,,,,,,,,,,,,,,,,,,,,,,,,,,,,,,,,,,,,,,,,,,,,,,,,,,,,,,,,,,,,,,,,,,,2,,,,,
"čeladná, čeladná 990, golferia, česká republika","Čeladná, Čeladná 990, Golferia, Česká republika",2024-02-15,2024-08-15,-627,Po termínu,červená,2024-02-15 (proběhlá); 2024-08-15 (plánovaná),,,čeká na přesné geokódování,Kalendář FZ - 6 měsíců.xlsx,62,2019,,,Šubrtová 552 303 900,Moravskoslezský,"PS 40kVA/3F -45 minut, PS 20kVA/3F -45 minut","Čeladná, Čeladná 990, Golferia",,,15/24-1 x stop stav,,,,,,15/24,,,,,,,,,,,,,,,,,,,,,,,,,,,,,,,,,,,,,,,,,,,,,,,,,,,,,,,,,,,,,,,,,,,,,,,,,,,,,,,2,,,,,
"černovice u tábora, bělohorského 367, zś a mš, česká republika","Černovice u Tábora, Bělohorského 367, ZŚ a MŠ, Česká republika",2025-11-25,2026-05-25,21,7–30 dnů,oranžová,2025-11-25 (proběhlá); 2026-05-25 (plánovaná),,,čeká na přesné geokódování,Kalendář FZ - 6 měsíců.xlsx,64,2021,,,pan Koblic 606 174 811,Vysočina,ASTIP STRONG 2000VA/3F-30 minut,"Černovice u Tábora, Bělohorského 367, ZŚ a MŠ",,,,,,25/26,,,,,,25/25,,,,,,,,,,,,,,,,,,,,,,,,,,,,,,,,,,,,,,,,,,,,,,,,,,,,,,,,,,,,,,,,,,,,,,,,,,,,2,,,,,
"černošice, ostružinová, alzheimcentrum, česká republika","Černošice, Ostružinová, Alzheimcentrum, Česká republika",2022-10-06,2022-10-06,-1306,Po termínu,červená,2022-10-06 (plánovaná),,,čeká na přesné geokódování,Kalendář FZ - 6 měsíců.xlsx,63,2018,,,Jiří Šusta  778 494 050,Středočeský,Astip PS 30 000/3f-30 minut + RPO,"Černošice, Ostružinová, Alzheimcentrum",,,,,,,,,,,6/22,,,,"pak komunikace s Kadavým, ale nic...7.3.2025 -poslán dotaz venuse.gollanova@alzheimerhome.cz, 30.4.2024 -poslaná aktualizace CN ",,,,,,,,,,,,,,,,,,,,,,,,,,,,,,,,,,,,,,,,,,,,,,,,,,,,,,,,,,,,,,,,,,,,,,,,,1,,,,,
"černý důl 89, hotel, česká republika","Černý Důl 89, hotel, Česká republika",2024-12-12,2025-06-06,-332,Po termínu,červená,2024-12-12 (proběhlá); 2025-06-06 (plánovaná),,,čeká na přesné geokódování,Kalendář FZ - 6 měsíců.xlsx,65,2022,,,Bombera 603 921 170,,STRONG 30kVA/15kVA/3f -45 minut,"Černý Důl 89, hotel",,,,,,,6/25,,,,,,12/24,,,,,,,,,,,,,,,,,,,,,,,,,,,,,,,,,,,,,,,,,,,,,,,,,,,,,,,,,,,,,,,,,,,,,,,,,,,2,,,,,
"červený kostelec, lhota za červeným kostelcem 439, česká republika","Červený Kostelec, Lhota za Červeným Kostelcem 439, Česká republika",2026-04-08,2026-04-08,-26,Po termínu,červená,2026-04-08 (plánovaná),,,čeká na přesné geokódování,Kalendář FZ - 6 měsíců.xlsx,66,2019,ano,,Hašek - 739 174 017,Královehradecký,STRONG 60kVA/3f - 30min. + RPO,"Červený Kostelec, Lhota za Červeným Kostelcem 439",,,,,8/26,,,,,,,,,,ALBI,,,,,,,,,,,,,,,,,,,,,,,,,,,,,,,,,,,,,,,,,,,,,,,,,,,,,,,,,,,,,,,,,,,,,,,,,1,,,,,
"česká lípa, bombardier, česká republika","Česká Lípa, Bombardier, Česká republika",2022-01-28,2022-01-28,-1557,Po termínu,červená,2022-01-28 (plánovaná),,,čeká na přesné geokódování,"Kalendář FZ - 12 měsíců, 2023.xlsx",142,2019,,,,Liberecký,STRONG 4 000/1F - 60 minut ,,,28/22,,,,,,,,,,,,,"2021 -máme nový zdroj na hale C, STRONG 1,5kVA/1F-60 minut, v.č.21080401 - poptat se i na revizi toho",,,,,,,,,,,,,,,,,,,,,,,,,,,,,,,,,,,,,,,,,,,,,,,,,,,,,,,,,,,,,,,,,,,,,,,,,1,Moravčík 737 034 079,"Česká Lípa, Bombardier ",,,
"česká lípa, děčínská 2740, česká republika","Česká Lípa, Děčínská 2740, Česká republika",2025-11-13,2026-05-13,9,7–30 dnů,oranžová,2025-11-13 (proběhlá); 2026-05-13 (plánovaná),,,čeká na přesné geokódování,Kalendář FZ - 6 měsíců.xlsx,67,2017,,,Houžvička Jiři 778 494 455,Liberecký,ASTIP PS 10kVA/3F-45 minut,"Česká Lípa, Děčínská 2740",,,,,,13/26,,,,,,13/25,,,,,,,,,,,,,,,,,,,,,,,,,,,,,,,,,,,,,,,,,,,,,,,,,,,,,,,,,,,,,,,,,,,,,,,,,,,,2,,,,,
"česká u brna, aqual, česká republika","Česká u Brna, AQUAL, Česká republika",,2026-05-13,9,7–30 dnů,oranžová,2026-05-13 (plánovaná),,,čeká na přesné geokódování,"Kalendář FZ - 12 měsíců, 2023.xlsx",143,2017,ano,,,Jihomoravský ,PS 5 000/3F -30 minut,,,,,,,13/26,,,,,,,,,31.3.2021- prodloužení záruky o 18 měsíců,,,,,,,,,,,,,,,,,,,,,,,,,,,,,,,,,,,,,,,,,,,,,,,,,,,,,,,,,,,,,,,,,,,,,,,,,1,Šustr - 603 156 216,Česká u Brna - AQUAL,,6800,
"české budějovice, bd plukovníka malého, česká republika","České Budějovice, BD Plukovníka Malého, Česká republika",,2027-01-14,255,Více než 60 dnů,zelená,2027-01-14 (plánovaná),,,čeká na přesné geokódování,"Kalendář FZ - 12 měsíců, 2023.xlsx",144,"2018, new 2022",,,,Jihočeský,STRONG 2000/3f - 15min.,,,14/27,,,,,,,,,,,,,25.11.2019 - poslán návrh servisní smlouvy,,,,,,,,,,,,,,,,,,,,,,,,,,,,,,,,,,,,,,,,,,,,,,,,,,,,,,,,,,,,,,,,,,,,,,,,,1,Šimková 607 015 365,"České Budějovice, BD Plukovníka Malého",,,
"české budějovice, husova třída, výstaviště, česká republika","České Budějovice, Husova třída, výstaviště, Česká republika",2026-01-07,2026-07-07,64,Více než 60 dnů,zelená,2026-01-07 (proběhlá); 2026-07-07 (plánovaná),,,čeká na přesné geokódování,Kalendář FZ - 6 měsíců.xlsx,68,2021,,,"Pechač 606 658 272, ing.Kolář 602 643 514",Jihočeský,ASTIP STRONG Liftback 30kVA/3F -10 minut,"České Budějovice, Husova třída, výstaviště",,7/26,,,,,,7/26,,,,,,,,,,,,,,,,,,,,,,,,,,,,,,,,,,,,,,,,,,,,,,,,,,,,,,,,,,,,,,,,,,,,,,,,,,,,,,,,2,,,,,
"české budějovice, husova třída, česká republika","České Budějovice, Husova třída, Česká republika",,2026-09-11,130,Více než 60 dnů,zelená,2026-09-11 (plánovaná),,,čeká na přesné geokódování,"Kalendář FZ - 12 měsíců, 2023.xlsx",145,2017,,,,Jihočeský,PS 7500/3f-45 min,,,,,,,,,,,11/26,,,,,,,,,,,,,,,,,,,,,,,,,,,,,,,,,,,,,,,,,,,,,,,,,,,,,,,,,,,,,,,,,,,,,,,,,,,,,,1,Klinkl Pavel 777 567 169,"České Budějovice, Husova třída",,,
"české budějovice, kamarytova 2848/2, admin. budova f. hauser, česká republika","České Budějovice, Kamarytova 2848/2, admin. budova f. Hauser, Česká republika",,2027-03-19,319,Více než 60 dnů,zelená,2027-03-19 (plánovaná),,,čeká na přesné geokódování,"Kalendář FZ - 12 měsíců, 2023.xlsx",146,2019,ano,,,Jihočeský,ASTIP STRONG 2kVA/3F-30 minut,,,,,19/27,,,,,,,,,,,,,,,,,,,,,,,,,,,,,,,,,,,,,,,,,,,,,,,,,,,,,,,,,,,,,,,,,,,,,,,,,,,,,,,,,,,,1,Hluštík 733 677 859,"České Budějovice, Kamarytova 2848_2, admin. budova f. Hauser",,,
"české budějovice, lidická 1, jihočeská vědecká knihovna, česká republika","České Budějovice, Lidická 1, Jihočeská vědecká knihovna, Česká republika",2026-01-14,2026-07-14,71,Více než 60 dnů,zelená,2026-01-14 (proběhlá); 2026-07-14 (plánovaná),,,čeká na přesné geokódování,Kalendář FZ - 6 měsíců.xlsx,69,2020,,,Uhlíř 727 808 438,Jihočeský,"ASTIP STRONG 20kVA/3F-60 min, RPO","České Budějovice, Lidická 1, Jihočeská vědecká knihovna",,14/26,,,,,,14/26,,,,,,,,,,,,,,,,,,,,,,,,,,,,,,,,,,,,,,,,,,,,,,,,,,,,,,,,,,,,,,,,,,,,,,,,,,,,,,,,2,,,,,
"české budějovice, studentská 15, koleje a menzy, česká republika","České Budějovice, Studentská 15, koleje a menzy, Česká republika",2026-04-28,2026-10-28,177,Více než 60 dnů,zelená,2026-04-28 (proběhlá); 2026-10-28 (plánovaná),,,čeká na přesné geokódování,Kalendář FZ - 6 měsíců.xlsx,70,2022,,,Ing.Lukáš Karas 602 461 565,Jihočeský,ASTIP STRONG Liftback 106kVA/30kVA/3F -45 minut,"České Budějovice, Studentská 15, koleje a menzy",,,,,28/26,,,,,,28/26,,,,,,,,,,,,,,,,,,,,,,,,,,,,,,,,,,,,,,,,,,,,,,,,,,,,,,,,,,,,,,,,,,,,,,,,,,,,,2,,,,,
"český krumlov, náměstí svornosti 12, hotel old inn, česká republika","Český Krumlov, Náměstí Svornosti 12, hotel Old Inn, Česká republika",2026-01-07,2026-07-07,64,Více než 60 dnů,zelená,2026-01-07 (proběhlá); 2026-07-07 (plánovaná),,,čeká na přesné geokódování,Kalendář FZ - 6 měsíců.xlsx,71,2019,,,František Dubský ,Jihočeský,ASTIP STRONG 30kVA/3f-45 min,"Český Krumlov, Náměstí Svornosti 12, hotel Old Inn",,7/26,,,,,,7/26,,,,,,,,,,,,,,,,,,,,,,,,,,,,,,,,,,,,,,,,,,,,,,,,,,,,,,,,,,,,,,,,,,,,,,,,,,,,,,,,2,,,,,
"český těšín, komenského 6, česká republika","Český Těšín, Komenského 6, Česká republika",2026-01-20,2026-07-20,77,Více než 60 dnů,zelená,2026-01-20 (proběhlá); 2026-07-20 (plánovaná),,,čeká na přesné geokódování,Kalendář FZ - 6 měsíců.xlsx,72,2015,,,605717339 p. Kaniová,Moravskoslezský,  PS 12kVA/3f-45 minut,"Český Těšín, Komenského 6",,20/26,,,,,,20/26,,,,,,,Domov Jistoty,,,,,,,,,,,,,,,,,,,,,,,,,,,,,,,,,,,,,,,,,,,,,,,,,,,,,,,,,,,,,,,,,,,,,,,,,2,,,,,
"český těšín, průmyslová 2007, kovona, česká republika","Český Těšín, Průmyslová 2007, KOVONA, Česká republika",2022-06-21,,,Bez termínu,šedá,2022-06-21 (nezjištěno),,,čeká na přesné geokódování,Kalendář FZ - 6 měsíců.xlsx,73,2016,,,Kotík - 731 104 137,Moravskoslezský,Strong 10kVA/3f-30 minut,"Český Těšín, Průmyslová 2007, KOVONA",,,,,,,21/22,,,,,,,,"2024 - Waluš -ano, prý zdroj kompletně předělali, je funkční a servisuje ho někdo jiný….Provozovatel předal kontroly zdroje jiné firmě",,,,,,,,,,,,,,,,,,,,,,,,,,,,,,,,,,,,,,,,,,,,,,,,,,,,,,,,,,,,,,,,,,,,,,,,,1,,,,,
"český těšín, střelniční 257/3, gerontocentrum, česká republika","Český Těšín, Střelniční 257/3, Gerontocentrum, Česká republika",2026-01-20,2026-07-20,77,Více než 60 dnů,zelená,2026-01-20 (proběhlá); 2026-07-20 (plánovaná),,,čeká na přesné geokódování,Kalendář FZ - 6 měsíců.xlsx,74,2021,ano,ano,"Kneifel 792 374 930, 792 367 539",Moravskoslezský,STRONG 55kVA/30kVA/3F-45 minut,"Český Těšín, Střelniční 257/3, Gerontocentrum",,20/26,,,,,,20/26,,,,,,,,,,,,,,,,,,,,,,,,,,,,,,,,,,,,,,,,,,,,,,,,,,,,,,,,,,,,,,,,,,,,,,,,,,,,,,,,2,,,,,
"čimelice, siko koupelny, česká republika","Čimelice, SIKO koupelny, Česká republika",2025-02-01,2025-02-01,-457,Po termínu,červená,2025-02-01 (plánovaná),,,čeká na přesné geokódování,"Kalendář FZ - 12 měsíců, 2023.xlsx",147,2018,ano,ano,,Jihočeský,ASTIP PS 2000/3f-15 minut,,,,1/25,,,,,,,,,,,,,,,,,,,,,,,,,,,,,,,,,,,,,,,,,,,,,,,,,,,,,,,,,,,,,,,,,,,,,,,,,,,,,,,,,,,,,1,Zeithammel -737 260 153/jiří Vala 737 260 170,"Čimelice, SIKO koupelny",,,
"čáslav, grand hotel, nám, j. žižky z trocnova 11, česká republika","Čáslav, Grand hotel, nám, J. Žižky z Trocnova 11, Česká republika",2026-02-26,2026-02-26,-67,Po termínu,červená,2026-02-26 (plánovaná),,,čeká na přesné geokódování,Kalendář FZ - 6 měsíců.xlsx,59,2016,,,"Čáslavská servisní, pí Janatová, 727 985 839",Středočeský,"PS 7500/3f, 45 min.","Čáslav, Grand hotel, nám, J. Žižky z Trocnova 11",,,26/26,,,,,,,,,,,,,6000,Čáslavskou servisní,,,,,,,,,,,,,,,,,,,,,,,,,,,,,,,,,,,,,,,,,,,,,,,,,,,,,,,,,,,,,,,,,,,,,,,1,,,,,
"čáslav, na bělišti, zimní stadion, česká republika","Čáslav, Na Bělišti, Zimní stadion, Česká republika",2025-08-21,2026-02-21,-72,Po termínu,červená,2025-08-21 (proběhlá); 2026-02-21 (plánovaná),,,čeká na přesné geokódování,Kalendář FZ - 6 měsíců.xlsx,60,2016,,,Klinkáček - 736 452 001,Středočeský,PS 10kVA/3F - 15minut,"Čáslav, Na Bělišti, Zimní  stadion",,,21/26,,,,,,21/25,,,,,,,7200,,,,,,,,,,,,,,,,,,,,,,,,,,,,,,,,,,,,,,,,,,,,,,,,,,,,,,,,,,,,,,,,,,,,,,,,2,,,,,
"čáslav, nazaret 94, 59, česká republika","Čáslav, Nazaret 94, 59, Česká republika",2021-07-01,,,Bez termínu,šedá,2021-07-01 (nezjištěno),,,čeká na přesné geokódování,Kalendář FZ - 6 měsíců.xlsx,61,2016,,,"Jar. Švarzová, 733 708 557",Středočeský,PS 4kVA/3f – 45 minut,"Čáslav, Nazaret 94, 59",,,,,,,,1/21,,,,,,,"1.7.2021 -STOP STAV, měly se měnit lifepa, poslali zálohu, my jsme nedodrželi a nevyměnili, zálohu chtěli zpět a odstoupili od smlouvy",8500,Město Čáslav,Město Čáslav,,,,,,,,,,,,,,,,,,,,,,,,,,,,,,,,,,,,,,,,,,,,,,,,,,,,,,,,,,,,,,,,,,,,,,1,,,,,
"říčany u prahy, 17. listopadu, bd, česká republika","Říčany u Prahy, 17. listopadu, BD, Česká republika",2024-08-17,2024-08-17,-625,Po termínu,červená,2024-08-17 (plánovaná),,,čeká na přesné geokódování,"Kalendář FZ - 12 měsíců, 2023.xlsx",547,2022,,,,Středočeský,ASTIP STRONG 5kVA/1kVA/30 minut,,,,,,,,,,17/24,,,,,,,,,,,,,,,,,,,,,,,,,,,,,,,,,,,,,,,,,,,,,,,,,,,,,,,,,,,,,,,,,,,,,,,,,,,,,,,1,Marvan 737 454 727,"Říčany u Prahy, 17. listopadu, BD",,,
"říčany, mánesova 2630, magic hill, česká republika","Říčany, Mánesova 2630, Magic Hill, Česká republika",2025-09-24,2026-03-24,-41,Po termínu,červená,2025-09-24 (proběhlá); 2026-03-24 (plánovaná),,,čeká na přesné geokódování,Kalendář FZ - 6 měsíců.xlsx,318,2016,,,Löwy 739 365 282,Středočeský,"ASTIP PS 15kVA/3f-15 min, ASTIP PS 4kVA/3f-15 min","Říčany, Mánesova 2630, Magic Hill",,,,24/26,,,,,,24/25,,,,,"u 4kVA - nutno dopojit signál sumární porucha, vzít svorky a vydrátovat",,,,,,,,,,,,,,,,,,,,,,,,,,,,,,,,,,,,,,,,,,,,,,,,,,,,,,,,,,,,,,,,,,,,,,,,,2,,,,,
"šaľa, admin. budova 1236, centrum zdrav. starostlivosti, slovensko","Šaľa, Admin. Budova 1236, centrum zdrav. starostlivosti, Slovensko",,2027-01-13,254,Více než 60 dnů,zelená,2027-01-13 (plánovaná),,,čeká na přesné geokódování,"Kalendář FZ - 12 měsíců, 2023.xlsx",561,2023,,,,Slovensko,ASTIP PS 30kVA/3F -45 minut,,,13/27,,,,,,,,,,,,,"není to PBZ, není k evakuačnímu výtahu,pouze jako pojistka…",,,,,,,,,,,,,,,,,,,,,,,,,,,,,,,,,,,,,,,,,,,,,,,,,,,,,,,,,,,,,,,,,,,,,,,,,1,"Ferenc +421 918 452 653, Lelovský +421 911 783 809","Šaľa, Admin. Budova 1236, centrum zdrav. starostlivosti",,,
"šestajovice, p.k. solvent, česká republika","Šestajovice, p.k. Solvent, Česká republika",2022-01-14,2022-01-14,-1571,Po termínu,červená,2022-01-14 (plánovaná),,,čeká na přesné geokódování,"Kalendář FZ - 12 měsíců, 2023.xlsx",562,bez,,,,Středočeský,R-SOZ,,,14/22,,,,,,,,,,,,,,,,,,,,,,,,,,,,,,,,,,,,,,,,,,,,,,,,,,,,,,,,,,,,,,,,,,,,,,,,,,,,,,,,,,,,,,1,,"Šestajovice, p.k. Solvent",,,
"šlapanice u brna, nádražní 9, česká republika","Šlapanice u Brna, Nádražní 9, Česká republika",2020-11-12,,,Bez termínu,šedá,2020-11-12 (nezjištěno),,,čeká na přesné geokódování,"Kalendář FZ - 12 měsíců, 2023.xlsx",563,2018,ano,,,Jihomoravský,PS 4000/3f - 30min.,,,,,,,,,,,,,12/20,,,"12.11.2020  - STOP STAV - strašné problémy, nechtěli platit faktury za FZ, rozešli jsme se ve zlém",,,,,,,,,,,,,,,,,,,,,,,,,,,,,,,,,,,,,,,,,,,,,,,,,,,,,,,,,,,,,,,,,,,,,,,,,1,Brunclík - 602 544 000,"Šlapanice u Brna, Nádražní 9",,,
"šlapanice u brna, švehlova 80, česká republika","Šlapanice u Brna, Švehlova 80, Česká republika",2025-05-16,2025-05-16,-353,Po termínu,červená,2025-05-16 (plánovaná),,,čeká na přesné geokódování,"Kalendář FZ - 12 měsíců, 2023.xlsx",564,2021,ano,,,Jihomoravský,ASTIP STRONG 2 Kva/3F-15 minut-Ei45,,,,,,,16/25,,,,,,,,,,,,,,,,,,,,,,,,,,,,,,,,,,,,,,,,,,,,,,,,,,,,,,,,,,,,,,,,,,,,,,,,,,,,,,,,,,1,pan Mlčoch 775 654 458,"Šlapanice u Brna, Švehlova 80",,,
"špindlerův mlýn, horní 348, bd, česká republika","Špindlerův Mlýn, Horní 348, BD, Česká republika",,2027-01-03,244,Více než 60 dnů,zelená,2027-01-03 (plánovaná); 2027-02-16 (plánovaná),,,čeká na přesné geokódování,"Kalendář FZ - 12 měsíců, 2023.xlsx",565,"2021, 2024",,,,Královehradecký,"ASTIP STRONG 4 000VA/3F-45 minut + 75kVA/3F-15,45 minut",,,3/27-1x stop stav 2026,16/27,,,,,,,,,,,,,,,,,,,,,,,,,,,,,,,,,,,,,,,,,,,,,,,,,,,,,,,,,,,,,,,,,,,,,,,,,,,,,,,,,,,,,2,Ing. Šustek 775 706 121,"Špindlerův Mlýn, Horní 348, BD",,,
"špindlerův mlýn, kostelní 347, hotel palace, česká republika","Špindlerův Mlýn, Kostelní 347, hotel Palace, Česká republika",2026-02-16,2026-08-16,104,Více než 60 dnů,zelená,2026-02-16 (proběhlá); 2026-08-16 (plánovaná),,,čeká na přesné geokódování,Kalendář FZ - 6 měsíců.xlsx,328,2021,,,Drha 602 234 567,Královehradecký,ASTIP STRONG 50kVA/30kVA/3F-45 minut,"Špindlerův Mlýn, Kostelní 347, hotel Palace",,,16/26,,,,,,16/26,,,,,,,,,,,,,,,,,,,,,,,,,,,,,,,,,,,,,,,,,,,,,,,,,,,,,,,,,,,,,,,,,,,,,,,,,,,,,,,2,,,,,
"špindlerův mlýn, okružní, česká republika","Špindlerův Mlýn, Okružní, Česká republika",,2027-02-16,288,Více než 60 dnů,zelená,2027-02-16 (plánovaná),,,čeká na přesné geokódování,"Kalendář FZ - 12 měsíců, 2023.xlsx",566,"2015, nově 2025",,,,Královehradecký,  PS 3kVA/3f-10 minut,,,,16/27,,,,,,,,,,,,,,,,,,,,,,,,,,,,,,,,,,,,,,,,,,,,,,,,,,,,,,,,,,,,,,,,,,,,,,,,,,,,,,,,,,,,,1,Křivánek - 608 311 117,"Špindlerův Mlýn, Okružní",,,
"šternberk, na valech 14, dps, česká republika","Šternberk, Na Valech 14, DPS, Česká republika",2026-01-12,2026-07-12,69,Více než 60 dnů,zelená,2026-01-12 (proběhlá); 2026-07-12 (plánovaná),,,čeká na přesné geokódování,Kalendář FZ - 6 měsíců.xlsx,329,2017,,,Mačalová - 777 781 438,Olomoucký,LiftBack 10000/3f-45 minut,"Šternberk, Na Valech 14, DPS",,12/26,,,,,,12/26,,,,,,,!!!! Paní Mačálová chce zkoušet 45 minut a je to kráva !!!,5800,,,,,,,,,,,,,,,,,,,,,,,,,,,,,,,,,,,,,,,,,,,,,,,,,,,,,,,,,,,,,,,,,,,,,,,,2,,,,,
"šumperk, 17. listopadu, hotel perk, česká republika","Šumperk, 17. listopadu, Hotel Perk, Česká republika",2026-03-10,2026-09-10,129,Více než 60 dnů,zelená,2026-03-10 (proběhlá); 2026-09-10 (plánovaná),,,čeká na přesné geokódování,Kalendář FZ - 6 měsíců.xlsx,330,2023,,,Kantor 606 705 804,Olomoucký,ASTIP STRONG Liftback 82kVA/15kVA/3F-45 minut,"Šumperk, 17. listopadu, Hotel Perk",,,,10/26,,,,,,10/26,,,,,,,,,,,,,,,,,,,,,,,,,,,,,,,,,,,,,,,,,,,,,,,,,,,,,,,,,,,,,,,,,,,,,,,,,,,,,,2,,,,,
"žatec, ctpark, česká republika","Žatec, CTPark, Česká republika",2025-11-07,2025-11-07,-178,Po termínu,červená,2025-11-07 (plánovaná),,,čeká na přesné geokódování,"Kalendář FZ - 12 měsíců, 2023.xlsx",608,2020,,,,Ústecký,STRONG 7 500VA/1F - 5 minut,,,,,,,,,,,,,7/25,,,,,,,,,,,,,,,,,,,,,,,,,,,,,,,,,,,,,,,,,,,,,,,,,,,,,,,,,,,,,,,,,,,,,,,,,,,,1,Reichelt 774 071 308,"Žatec, CTPark",,,
"žatec, průmyslová zona triangel, f grammer, česká republika","Žatec, průmyslová zona TRIANGEL, f GRAMMER, Česká republika",,2027-03-19,319,Více než 60 dnů,zelená,2027-03-19 (plánovaná),,,čeká na přesné geokódování,"Kalendář FZ - 12 měsíců, 2023.xlsx",609,2020,,,,Ústecký,ASTIP STRONG 4 000VA/1F -5 minut,,,,,19/27,,,,,,,,,,,"2025 -4 x STRONG 2kVA, 1 x 3kVA",,,,,,,,,,,,,,,,,,,,,,,,,,,,,,,,,,,,,,,,,,,,,,,,,,,,,,,,,,,,,,,,,,,,,,,,,1,Tibitanzl 602 345 471,"Žatec, průmyslová zona TRIANGEL, f GRAMMER",,,
"žebrák, hradní 67, zš, česká republika","Žebrák, Hradní 67, ZŠ, Česká republika",2025-12-02,2026-06-02,29,7–30 dnů,oranžová,2025-12-02 (proběhlá); 2026-06-02 (plánovaná),,,čeká na přesné geokódování,Kalendář FZ - 6 měsíců.xlsx,373,2024,ano,,Křikavová 722 992 605,Středočeský,ASTIP STRONG 30kVA/3f-45 min,"Žebrák, Hradní 67, ZŠ",,,,,,,2/26,,,,,,2/25,,moc nechtějí provádět fz,510e,,,,,,,,,,,,,,,,,,,,,,,,,,,,,,,,,,,,,,,,,,,,,,,,,,,,,,,,,,,,,,,,,,,,,,,,2,,,,,
"železná ruda, hotel ostrý, česká republika","Železná Ruda, Hotel Ostrý, Česká republika",,,,Bez termínu,šedá,,,,čeká na přesné geokódování,"Kalendář FZ - 12 měsíců, 2023.xlsx",611,2014,ano,,,Plzeňský,  PS 15 kVA/3f-45 minut,,,,10,,,,,,,,,,,,Horáková končí v nájmu,,,,,,,,,,,,,,,,,,,,,,,,,,,,,,,,,,,,,,,,,,,,,,,,,,,,,,,,,,,,,,,,,,,,,,,,,0,Marcela Horáková - 731 749 433,"Železná Ruda, Hotel Ostrý",,,
"žiar nad hronom, priemyselná 100 (sk), slovensko","Žiar nad Hronom, Priemyselná 100 (SK), Slovensko",2020-07-29,2020-07-29,-2105,Po termínu,červená,2020-07-29 (plánovaná),,,čeká na přesné geokódování,Kalendář FZ - 6 měsíců.xlsx,374,2018,,,Ing. Ján Vinarčík - 421908293061,Slovensko,2x 1500/3f,"Žiar nad Hronom, Priemyselná 100 (SK)",,,,,,,,29/20,,,,,,,,7500,,,ano,,,,,,,,,,,,,,,,,,,,,,,,,,,,,,,,,,,,,,,,,,,,,,,,,,,,,,,,,,,,,,,,,,,,,1,,,,,
"židlochovice, topolová 933, lac s.r.o., česká republika","Židlochovice, Topolová 933, LAC s.r.o., Česká republika",2023-04-11,2023-04-11,-1119,Po termínu,červená,2023-04-11 (plánovaná),,,čeká na přesné geokódování,Kalendář FZ - 6 měsíců.xlsx,375,2018,ano,,"Cyril Kunis, 777 566 349",Jihomoravský,"STRONG 1000VA/1f, OFF-LINE","Židlochovice, Topolová 933, LAC s.r.o.",,,,,11/23,,,,,,,,,,,,,,,,,,,,,,,,,,,,,,,,,,,,,,,,,,,,,,,,,,,,,,,,,,,,,,,,,,,,,,,,,,,,,,,,,,,1,,,,,
"žirovnice, žižkova 394, kodus, česká republika","Žirovnice, Žižkova 394, KODUS, Česká republika",2026-03-24,2026-09-24,143,Více než 60 dnů,zelená,2026-03-24 (proběhlá); 2026-09-24 (plánovaná),,,čeká na přesné geokódování,Kalendář FZ - 6 měsíců.xlsx,376,2017,,,Matoušek - 723 289 370,Vysočina,PS 10 000/3f - 30 min,"Žirovnice, Žižkova 394, KODUS",,,,24/26,,,,,,24/26,,,,,KODUS,,,,,,,,,,,,,,,,,,,,,,,,,,,,,,,,,,,,,,,,,,,,,,,,,,,,,,,,,,,,,,,,,,,,,,,,,2,,,,,
"žďár nad sázavou, jamská 2678/83, hala, česká republika","Žďár nad Sázavou, Jamská 2678/83, hala, Česká republika",,2027-04-01,332,Více než 60 dnů,zelená,2027-04-01 (plánovaná),,,čeká na přesné geokódování,"Kalendář FZ - 12 měsíců, 2023.xlsx",610,2024,,,,Vysočina,ASTIP STRONG 20kVA/2kVA/3F -30 min,,,,,,1/27,,,,,,,,,,,,,,,,,,,,,,,,,,,,,,,,,,,,,,,,,,,,,,,,,,,,,,,,,,,,,,,,,,,,,,,,,,,,,,,,,,,1,Ing. Lukáš Teplý 724 469 741,"Žďár nad Sázavou, Jamská 2678/83, hala",,,
